Item,One month,Three months,Six months,One year,Included,Excluded
Personal consumption expenditures,3.9754644809744777,2.941674384971815,2.6062845755797426,2.505834664046188,100,0
Market-based PCE,3.554984205770473,2.6913619465187333,2.2926813782711886,2.1727227476356394,86.1,13.9
PCE excluding energy,3.500294642751167,2.465571931477739,2.6581425349405885,2.566253763016327,96.1,3.9
PCE excluding food and energy,3.4706672150981888,2.3933342356467824,2.6443296484649714,2.646786870087843,88.7,11.3
PCE services excluding energy,2.9706747708517556,3.1760365039745775,3.5182480795739712,3.4229751106942228,67.2,32.8
FT core,2.6951893817642896,2.824629452515228,2.645562107967004,2.424607614412399,,
