Item,One month,Three months,Six months,One year,Included,Excluded
Personal consumption expenditures,3.353341953259492,3.4727312806993815,3.1898158301896684,2.832151941124403,100,0
Market-based PCE,3.292499748058164,3.2982806646269403,2.9608874715502775,2.601374096576109,85.8,14.2
PCE excluding energy,4.324013289943585,3.5791659358670014,3.1296968068186493,2.977858183506507,96.3,3.7
PCE excluding food and energy,4.450058701666637,3.66114755194602,3.130988959216463,3.055696019648922,89.1,10.9
PCE services excluding energy,4.703896371180183,3.9100969785729633,3.6411047915328343,3.4428315219890697,67.7,32.3
FT core,2.20235992442097,2.6424227308808392,3.020079968088951,2.999559297263424,,
