Item,One month,Three months,Six months,One year,Included,Excluded
Personal consumption expenditures,4.011564473778884,3.9180528704381823,3.05054982903199,2.53563439841951,100,0
Market-based PCE,4.028646266426605,3.486219641287458,2.710134849581114,2.18838649916054,86.2,13.8
PCE excluding energy,4.106996010306396,3.4614146068898233,3.0488427563702514,2.686733739270299,96.2,3.8
PCE excluding food and energy,4.470237626758444,3.5644110274569485,3.0788369547367855,2.788713370340473,88.7,11.3
PCE services excluding energy,4.28719141119025,4.022158438536638,3.706933035095772,3.572420029029871,67.1,32.9
FT core,2.418333887612689,3.0671575286451835,2.964310028423297,2.560220549264506,,
