Item,One month,Three months,Six months,One year,Included,Excluded
Personal consumption expenditures,3.2227231823408475,2.8952918849480147,2.1781713177517315,2.741163460839946,100,0
Market-based PCE,2.5024990891961307,2.451599865767995,1.9907932971837905,2.4408447816280496,86.1,13.9
PCE excluding energy,2.9865177356822814,2.9090412820882205,2.465646588679915,2.85126443857632,96.5,3.5
PCE excluding food and energy,2.7585708514314744,2.941512379920308,2.5086469634095554,2.905106880644531,89.2,10.8
PCE services excluding energy,4.1224933276111875,3.5346418682350667,2.966605261856614,3.5091132659890625,67.3,32.7
FT core,2.1544802817796183,2.618431135369358,2.627006901958786,2.7827804337624737,,
