Item,One month,Three months,Six months,One year,Included,Excluded
Personal consumption expenditures,5.5335472855022605,6.281456432090593,5.336540755047725,4.072638075644874,100,0
Market-based PCE,4.97352498120347,6.597022975162492,5.410498911846351,3.9630438109660333,85.9,14.1
PCE excluding energy,3.672956405940031,3.3828237852934873,4.031279435503565,3.3355279335591383,95.9,4.1
PCE excluding food and energy,3.9089389233366134,3.5226197405973547,4.141841665701329,3.412035932904036,88.8,11.2
PCE services excluding energy,5.612917655410987,4.1276267046652215,4.175568130323182,3.7276360795734584,67.1,32.9
FT core,2.2978001381399147,2.8763535772222917,3.670828196816639,3.2228179431910577,,
