Item,One month,Three months,Six months,One year,Included,Excluded
Personal consumption expenditures,1.6415833875918606,1.0793020889860339,2.769743580080397,2.342076218918389,100,0
Market-based PCE,1.521959386152516,1.2613525814186177,2.4771338931641296,2.0649865845829702,86.1,13.9
PCE excluding energy,2.1515540856400284,1.6281956093621375,2.8375675912551745,2.623079181755892,96.4,3.6
PCE excluding food and energy,2.1666801197898433,1.6517466623973798,2.9244986479193047,2.677541537479852,89.1,10.9
PCE services excluding energy,1.9277113939794255,1.8653974161670472,3.3642562755368033,3.3418234988915545,67.3,32.7
FT core,2.3181213646087437,2.2468697096241614,2.749111267105735,2.5506499471707063,,
