Item,One month,Three months,Six months,One year,Included,Excluded
Personal consumption expenditures,2.516279859340753,2.5376833089243434,2.729244040554102,2.7728523632629063,100,0
Market-based PCE,2.096146297126422,2.309215204684567,2.409893830328147,2.4722070422420384,86,14
PCE excluding energy,1.7744212964459827,2.20412398173786,2.5689004694305906,2.725100370909735,96.4,3.6
PCE excluding food and energy,1.9413180308609057,2.2537555046014512,2.6116333373129352,2.7911779416272675,89.1,10.9
PCE services excluding energy,2.6261598016107612,2.7677924159071887,3.1706698140000933,3.292507982538683,67.5,32.5
FT core,1.5834421763143232,2.0257635157711826,2.778951056919869,2.784707463074982,,
