Item,One month,Three months,Six months,One year,Included,Excluded
Personal consumption expenditures,4.5976791462167155,4.110191626516646,3.4161476462898577,2.8017566569515853,100,0
Market-based PCE,4.9078138421069895,4.119062472485946,3.3367238570150004,2.6763478767101154,85.8,14.2
PCE excluding energy,4.395962100289363,4.37946573432757,3.3621252555855685,2.9193937992777186,96.4,3.6
PCE excluding food and energy,4.492201152272046,4.433711263167472,3.414232297132358,2.96775740141437,89.3,10.7
PCE services excluding energy,2.6365899031355555,3.7900472995320067,3.388730351976199,3.1875367161810573,67.7,32.3
FT core,2.4740227275607585,3.326115806763681,3.0799663354534506,2.9435952998322694,,
