Item,One month,Three months,Six months,One year,Included,Excluded
Personal consumption expenditures,1.2089954666699265,2.1315411515260507,2.6161744792126296,2.1471347193144754,100,0
Market-based PCE,2.643399735851082,2.143607967316119,2.485296766727907,1.9147535587920663,86.2,13.8
PCE excluding energy,1.0381778056015367,2.5606215459623938,2.598665420604762,2.4725319576183997,96.3,3.7
PCE excluding food and energy,1.4000587155807764,2.7189555778556196,2.6484820970703593,2.5225151465531384,89,11
PCE services excluding energy,0.7717712931253118,3.0518640080011705,3.2377280341811643,3.271679304561454,67.2,32.8
FT core,2.3404297529796887,2.588020084335323,2.661224165130341,2.4402962657049914,,
