Item,One month,Three months,Six months,One year,Included,Excluded
Personal consumption expenditures,3.2723897079531383,2.812777026660762,2.6921473844764066,2.787442414870654,100,0
Market-based PCE,3.66249997972925,2.40108886433148,2.623735953394979,2.557155369289575,86.1,13.9
PCE excluding energy,2.6301613071946672,2.713920979098172,2.6528618150220007,2.793440504079488,96.4,3.6
PCE excluding food and energy,2.4032857138074792,2.6681965924572726,2.711583436769538,2.825069249833962,89.1,10.9
PCE services excluding energy,2.4819099256781607,3.4583992139546993,2.941651226491948,3.356469812710848,67.4,32.6
FT core,1.6298148748746815,2.5259341261277033,2.786369312567654,2.8248409717180447,,
