Item,One month,Three months,Six months,One year,Included,Excluded
Personal consumption expenditures,4.901981577738623,6.022820647710336,4.796901204843462,3.766944114149807,100,0
Market-based PCE,5.805226979916522,6.693065971836409,4.9420774816621105,3.677413630387271,85.7,14.3
PCE excluding energy,3.1294127335619093,3.6837253941562897,3.6910833746344185,3.229345544743367,96,4
PCE excluding food and energy,2.905266504498072,3.7836885042390467,3.7870677711244305,3.289190610508199,88.9,11.1
PCE services excluding energy,2.6562675333799968,3.2259835372269174,3.65346839167342,3.448642814250645,67.2,32.8
FT core,2.2068486787340826,3.0011656395714925,3.4756529859032135,3.2446620953562437,,
