Item,One month,Three months,Six months,One year,Included,Excluded
Personal consumption expenditures,8.267784264017152,5.614740206601732,4.306309278318876,3.4960814984794397,100,0
Market-based PCE,9.181272982099964,5.771508267594583,4.273705706516795,3.4346978872727014,85.9,14.1
PCE excluding energy,3.1864615380645445,4.2036166584416,3.5325081276149417,3.0909365967848452,96.1,3.9
PCE excluding food and energy,3.5762945664815415,4.428711922785378,3.696283219778329,3.2027589069747022,89,11
PCE services excluding energy,3.9083835990631366,4.085211828996127,3.7410259124523337,3.34056564272392,67.4,32.6
FT core,2.3256495121727343,2.960072982106533,3.359388631414213,3.090972115966414,,
