Item,One month,Three months,Six months,One year,Included,Excluded
Personal consumption expenditures,2.1252973484303883,1.8313780444489502,1.6633293987706743,2.094952507270141,100,0
Market-based PCE,2.0462535461451825,1.8350576617678804,1.419877314778062,1.8503694067810814,86.3,13.7
PCE excluding energy,3.1905022802740657,2.3482526660094427,2.20451567634643,2.5374013624633927,96.3,3.7
PCE excluding food and energy,3.0890215969635815,2.3450528276699023,2.299885613840136,2.65078307230922,88.8,11.2
PCE services excluding energy,3.6927770718724107,3.3468859155224795,3.150491953126644,3.670619724441516,67,33
FT core,2.386420573404628,2.1756728774203355,2.3031607301124266,2.7163729030078856,,
