Item,One month,Three months,Six months,One year,Included,Excluded
Personal consumption expenditures,0.9493251991838481,1.5103283087914754,2.9778424335656695,2.513703928598158,100,0
Market-based PCE,0.5643898772812461,1.0399157490066147,2.451142012519436,2.313700405676107,87.1,12.9
PCE excluding energy,2.096944635962128,2.1073117499436966,3.1962471249708857,2.533824721504915,96,4
PCE excluding food and energy,2.2037326786528144,2.305304398611363,3.3846336846344416,2.6302762838852622,88.5,11.5
PCE services excluding energy,2.5482738038682395,3.0767973570326124,4.319916857482786,3.8785023878991383,66.1,33.9
