Item,One month,Three months,Six months,One year,Included,Excluded
Personal consumption expenditures,-0.5329260375944944,3.123232564321743,2.914287643041069,2.2943243946888776,100,0
Market-based PCE,-0.8800256035293885,2.289798637354057,2.3165000628619925,1.8238335133530694,86,14
PCE excluding energy,0.7397559202185544,3.4736598796485163,2.9670046676970596,2.5941833353785793,96.4,3.6
PCE excluding food and energy,0.3364720925502551,3.5037392514506216,2.9722478403671593,2.6455113314563965,89,11
PCE services excluding energy,1.4862354893165453,3.9148848874412057,3.8146557318377017,3.494111979022697,67.2,32.8
FT core,2.2155270268177607,2.928726211435714,2.847457350183708,2.3979222046975264,,
