Item,One month,Three months,Six months,One year,Included,Excluded
Personal consumption expenditures,3.1113512628600626,2.4951973250867843,2.177587518546975,2.551767240670379,100,0
Market-based PCE,2.888224520150162,2.3098754374606845,1.9852970453995589,2.1913361907536064,86.2,13.8
PCE excluding energy,1.9717269209903243,2.156626071408718,2.270599235503079,2.701295266120567,96.2,3.8
PCE excluding food and energy,1.8883757068768325,2.166134086417504,2.2754716512724427,2.79437143236426,88.8,11.2
PCE services excluding energy,3.5079244381363006,3.31553729910532,3.3553185831817878,3.7703382980255933,66.9,33.1
FT core,1.8669372753944575,2.362522021019395,2.2700931872186607,2.6361032542489267,,
