Item,One month,Three months,Six months,One year,Included,Excluded
Personal consumption expenditures,3.24315935313797,2.81599940426418,2.693756670270031,2.7882478012950638,100,0
Market-based PCE,3.6427336761618356,2.3847437223448065,2.6155452862085538,2.553062611016068,86.1,13.9
PCE excluding energy,2.6010468485260008,2.7171497962670266,2.6544752512279945,2.7942483237741245,96.4,3.6
PCE excluding food and energy,2.3741755055539437,2.67143144633053,2.7132015344736082,2.8258791894124733,89.1,10.9
PCE services excluding energy,2.4541187648865925,3.4677149996789502,2.9462857500568873,3.3587963860560843,67.5,32.5
FT core,1.6269701733578366,2.49771039775979,2.7867772379489635,2.8298428257519124,,
