Item,One month,Three months,Six months,One year,Included,Excluded
Personal consumption expenditures,1.5468064151831884,2.1344400195247637,1.8883353308753792,2.443684882428035,100,0
Market-based PCE,1.6210256403816015,1.823420291933897,1.5964183057675996,2.0269088182613464,86.1,13.9
PCE excluding energy,1.511742711351105,2.5386827368600207,2.3595201137480926,2.7084316599183587,96.4,3.6
PCE excluding food and energy,1.387871428400289,2.5391599518413965,2.4030284687200254,2.8177443084058553,89,11
PCE services excluding energy,2.1123591923799756,3.3191161887929477,3.2826417663853524,3.8052642566927286,67.1,32.9
FT core,2.0930048276908915,2.529169589333309,2.3899283391401926,2.713099438366113,,
