Item,One month,Three months,Six months,One year,Included,Excluded
Personal consumption expenditures,2.894122740819438,2.160302585602336,1.6164251170328159,2.3101440442756958,100,0
Market-based PCE,1.8530001208246105,1.7187842645611795,1.2927217595504192,1.90372246475822,86.3,13.7
PCE excluding energy,3.072091376545094,2.7219493328910938,2.2722443061437447,2.657375106684449,96.4,3.6
PCE excluding food and energy,3.321583048456489,2.8030106469355998,2.340373493023229,2.796173044925128,88.9,11.1
PCE services excluding energy,4.407133852547851,3.8138432348653772,3.2688304656004252,3.873797738339561,67.1,32.9
FT core,2.2466784769701853,2.2580599802868155,2.2538792160440186,2.615312900095491,,
