Item,One month,Three months,Six months,One year,Included,Excluded
Personal consumption expenditures,3.41847832825823,2.45164926762844,2.88338097865117,2.58249641319943,100,0
Market-based PCE,3.8789425484957,2.66995149734697,2.68393832028506,2.34235567947231,86.2,13.8
PCE excluding energy,3.13197498845061,2.47429234382626,3.07132112758843,2.74702913885724,96.4,3.6
PCE excluding food and energy,3.11993273858955,2.62784943094068,3.17368383209764,2.79324136805159,89,11
PCE services excluding energy,2.60225232723552,2.26717498667071,3.23411740033146,3.39428248835641,67.3,32.7
FT core,,,,,,
