Item,One month,Three months,Six months,One year,Included,Excluded
Personal consumption expenditures,2.3968576183596824,2.5838628311950718,2.480884622922863,2.5959943354238306,100,0
Market-based PCE,1.1340981363499036,2.2237562000427147,2.19512721485029,2.2887222737761914,86.2,13.8
PCE excluding energy,2.9777750078037624,2.8541021211278217,2.8346781604318583,2.802401826558232,96.5,3.5
PCE excluding food and energy,3.3282757612143055,2.9818118196629495,2.9896964592843966,2.8772347256400694,89.1,10.9
PCE services excluding energy,4.438817151410257,3.1126084520850084,3.259499361159124,3.469848990795553,67.2,32.8
FT core,2.4282645720886404,2.5743696423458116,2.8768247312354878,2.771602652737373,,
