Item,One month,Three months,Six months,One year,Included,Excluded
Personal consumption expenditures,1.093187666084816,1.455649039715401,1.9293109482807935,2.2361840201711223,100,0
Market-based PCE,1.18890937359446,1.310069556183291,1.6392693052143636,1.999012626664097,86.3,13.7
PCE excluding energy,1.5121475622994263,1.9884926656144941,2.2296263663097227,2.549398232150885,96.2,3.8
PCE excluding food and energy,1.5760249232382284,2.057589904437074,2.3943706840421797,2.6784669641812484,88.7,11.3
PCE services excluding energy,2.804302419691762,2.9823314190202233,3.305827338502998,3.758643584719284,66.9,33.1
FT core,1.784482612096662,2.1456472731558827,2.2710067964953855,2.5535921254938603,,
