Item,One month,Three months,Six months,One year,Included,Excluded
Personal consumption expenditures,4.354597233524715,3.107057870824881,2.9598123092118067,2.901287416285929,100,0
Market-based PCE,4.212771114932523,2.7677794306690817,2.5629834388946504,2.6505749558508698,85.9,14.1
PCE excluding energy,4.408639089381272,2.962080091987329,2.836309348972943,2.9310441744493296,96.3,3.7
PCE excluding food and energy,4.349055712700967,3.0720909999841783,2.869945571979482,2.9968759058262817,89.1,10.9
PCE services excluding energy,4.04034494849923,3.5334558372479785,3.4959207215934374,3.331258022613203,67.7,32.3
FT core,2.783795225184302,2.396714765359049,2.873292923954102,2.992559963755191,,
