Item,One month,Three months,Six months,One year,Included,Excluded
All items,3.7901203351994317,3.6163054734300815,2.996318052136737,3.0226996261723786,100,0
All items less food and energy,2.7596476933815284,3.6408651878077958,3.0213249859241786,3.0255427244533775,79.8,20.2
All items less shelter,4.509583191984379,3.6468199450797156,2.8131575204561443,2.701520288745482,63.8,36.2
"All items less food, shelter, and energy",2.972562385647648,3.704705506955719,2.774119075768078,2.564270556932615,43.6,56.4
Services less energy services,2.901829180409843,3.8759140503154654,3.3851785241745036,3.4829325602467756,60.9,39.1
FT core,2.29292750907437,2.956071053372317,2.9750577012247814,2.8646667939697483,NA,NA
