Item,One month,Three months,Six months,One year,Included,Excluded
All items,4.687202175756844,3.5192162753022727,2.2573000393540488,2.9392196249335485,100,0
All items less food and energy,4.231362989176302,3.645515650094455,2.6709534946711244,3.1121908210068217,79.8,20.2
All items less shelter,4.318453136822331,3.5653967903182204,1.6539059829699498,2.537432162491811,63.8,36.2
"All items less food, shelter, and energy",3.328735339187938,3.810833851410189,2.121429607855263,2.672603350159621,43.6,56.4
Services less energy services,4.267311500508875,3.937591041661803,3.113089574629324,3.6113405162331293,60.9,39.1
FT core,3.062517748123313,3.0045859938284227,2.838491730668812,2.9503077616540607,NA,NA
