Item,One month,Three months,Six months,One year,Included,Excluded
All items,2.1798848759635447,2.1081494015946944,1.5793866338013718,2.4075134727031213,100,0
All items less food and energy,3.8140612284706776,3.0768504695360743,2.586148108140396,3.2587141551100265,79.8,20.2
All items less shelter,1.8703686058655355,0.7121801991475385,0.09752718520996684,1.0753340566468623,63.8,36.2
"All items less food, shelter, and energy",4.763636415625738,1.8295577196726587,1.234000465533791,1.981789960713247,NA,NA
Services less energy services,4.367482377795784,4.376445258864314,3.733501064899558,4.757763696573582,60.9,39.1
FT core,2.453826656390002,2.906565613165371,2.4786163366625495,3.363174227422409,NA,NA
