Item,One month,Three months,Six months,One year,Included,Excluded
All items,-0.6721957765004616,1.0533620418171852,2.809492500195221,2.9756285299816096,100,0
All items less food and energy,0.7797895973812752,2.0977817592090053,3.3071376964910915,3.276938798682866,79.8,20.2
All items less shelter,-2.2018186450008304,-0.5133745612364349,1.6269268814836924,1.811849952461879,63.8,36.2
Services less energy services,1.5799506190016022,3.0945173165652706,4.91825498379117,5.022105850538707,60.9,39.1
