Item,One month,Three months,Six months,One year,Included,Excluded
All items,NA,2.0780728709383967,2.796119102292627,2.7119693852721904,100,0
All items less food and energy,NA,1.555415569911256,2.5951432271678287,2.6188786153326227,79.8,20.2
All items less shelter,NA,2.3639419827521824,2.9629169578292203,2.53561423796251,63.8,36.2
"All items less food, shelter, and energy",NA,1.5529243512410584,2.675672663740114,2.2913879916914173,43.6,56.4
Services less energy services,NA,1.6195560385291907,2.772038305016955,3.0053011091442245,60.9,39.1
