Item,One month,Three months,Six months,One year,Included,Excluded
All items,3.25151000659476,2.9823678900365636,2.5957299619316476,2.43400411037322,100,0
All items less food and energy,2.6236328347085003,3.016839755388956,2.3257732615812987,2.4724624767640226,79.8,20.2
All items less shelter,3.4967258314645866,2.7581866669253774,2.594878546268875,2.1479871315537937,63.8,36.2
"All items less food, shelter, and energy",2.470849704745004,2.7217711263485045,2.1105596902608603,2.088403947439387,43.6,56.4
Services less energy services,3.2611792053618194,3.7741997864041643,2.772512935345217,2.9331667532321632,60.9,39.1
FT core,2.4631376258816053,3.0295787451710288,2.6765975855161006,2.6274705543469263,NA,NA
