Item,One month,Three months,Six months,One year,Included,Excluded
All items,2.6831306060993043,1.5571833172259408,3.0376436653115624,2.3337465177498933,100,0
All items less food and energy,2.878295636288297,2.0992293797804207,2.969927936574357,2.7815211778485884,79.8,20.2
All items less shelter,1.9185758736958158,0.556993811422335,2.645115427340916,1.3900202050121149,63.8,36.2
"All items less food, shelter, and energy",1.9206213488467627,1.0703445556458968,2.3510547101231127,1.7741398912777275,43.6,56.4
Services less energy services,3.527278098961073,2.6209857292492256,3.480837520527258,3.584108281100277,60.9,39.1
FT core,NA,NA,NA,NA,NA,NA
