Item,One month,Three months,Six months,One year,Included,Excluded
All items,2.2699252851683838,1.1491444608664914,1.9817268688207657,2.591226929948028,100,0
All items less food and energy,3.4244878180475835,2.0626629728420554,2.681533002924996,3.2655592011780707,79.8,20.2
All items less shelter,-0.046669576781321886,-0.6480723106280561,0.4998004370534437,1.1688688054783332,63.8,36.2
"All items less food, shelter, and energy",0.9567635749715642,0.16685507422509183,1.0766933786084065,1.7120804845132072,NA,NA
Services less energy services,4.985460438005518,3.4387901038366753,4.080970262353101,4.930655224841385,60.9,39.1
FT core,2.7422090376327413,2.549579992805936,2.4128654018315254,2.9114387359143326,NA,NA
