Item,One month,Three months,Six months,One year,Included,Excluded
All items,2.3846147800089534,2.2807324592406752,1.9183158033101,2.731801279475463,100,0
All items less food and energy,3.937451965272043,2.755718635877069,2.426948051226163,3.0486026845763887,79.8,20.2
All items less shelter,2.129378963384565,2.0564663902513214,1.3039557925559997,2.184758665313652,63.8,36.2
"All items less food, shelter, and energy",4.822075294984884,2.809353224941047,1.9361405684357846,2.5141340042566576,43.6,56.4
Services less energy services,4.465600411824333,3.2066960666960354,2.913424217753935,3.648230634498853,60.9,39.1
FT core,2.6512257622113595,2.957488409161248,2.5736693197073466,2.787207091433668,NA,NA
