Item,One month,Three months,Six months,One year,Included,Excluded
All items,7.956673450393792,7.3197742690397805,NA,3.7792458367415627,100,0
All items less food and energy,4.612249504495458,3.19879464637014,NA,2.7433094309685258,79.8,20.2
All items less shelter,8.189700615965556,8.892249182583377,NA,4.045448696323554,63.8,36.2
"All items less food, shelter, and energy",2.328619031721524,2.1599306491365544,NA,2.3053306282205357,43.6,56.4
Services less energy services,6.162735906665917,4.043646095538844,NA,3.2530895263658195,60.9,39.1
FT core,4.021700391810002,374.70474827463005,NA,NA,NA,NA
