Item,One month,Three months,Six months,One year,Included,Excluded
All items,2.0694854825609843,NA,2.762094673006299,2.391201432150015,100,0
All items less food and energy,3.598560541703133,NA,2.5171498457892127,2.512028782828883,79.8,20.2
All items less shelter,1.7329287380245306,NA,2.673477766936383,2.0450047388080406,63.8,36.2
"All items less food, shelter, and energy",4.350974854869749,NA,2.1958092983757282,2.107091255643356,43.6,56.4
Services less energy services,4.751185826593196,NA,2.871341445598352,2.951638182654312,60.9,39.1
FT core,2.495453352121438,NA,NA,NA,NA,NA
