Item,One month,Three months,Six months,One year,Included,Excluded
All items,10.890245765015827,5.332379318581104,3.7653042284741423,3.2859577528652006,100,0
All items less food and energy,2.3750080707203525,2.8643812793589296,2.2808962160203228,2.6021677054868197,79.8,20.2
All items less shelter,15.313027628092435,6.681433908393952,4.342997180737562,3.4310074821646004,63.8,36.2
"All items less food, shelter, and energy",1.6820556836749656,2.8285523966058435,1.9336391619734883,2.270855437069526,43.6,56.4
Services less energy services,2.739514027497658,3.5804623253498535,2.7566972216262586,3.0473626525141957,60.9,39.1
FT core,2.2818712559723435,2.709774095748434,2.6567305213983694,2.8745287763240235,NA,NA
