Item,One month,Three months,Six months,One year,Included,Excluded
All items,4.820815360929975,3.8668950508641275,2.983767836166229,2.8965932720523875,100,0
All items less food and energy,2.733747282568033,3.302305216932888,3.1895162698428736,3.2483102337416794,79.8,20.2
All items less shelter,5.809246143300717,3.804449160109802,2.246625319793405,1.9363051873722976,63.8,36.2
"All items less food, shelter, and energy",2.395873700437101,2.736655474545846,2.282101017584681,2.124869804170715,43.599999999999994,56.400000000000006
Services less energy services,3.2323369850765227,3.62470185609165,3.999894330467879,4.458065421734518,60.9,39.1
FT core,2.4550083751926035,2.5723391299835328,2.771149558514289,2.894553570641996,NA,NA
