Item,One month,Three months,Six months,One year,Included,Excluded
All items,2.622146336781306,4.27089948806032,3.625686703171449,2.8142703731568783,100,0
All items less food and energy,2.7538824617117985,3.5883176457592425,3.5553244030168463,3.143667506456883,79.8,20.2
All items less shelter,2.1821743983350794,4.496996048062818,3.4286375207166486,1.9923129835410016,63.8,36.2
"All items less food, shelter, and energy",2.208948010184386,3.3784652902346224,3.2267519087720853,2.2188577182293274,43.6,56.4
Services less energy services,3.061758533354464,4.191768879370272,4.111999047424586,4.120135714094341,60.9,39.1
FT core,2.338944121271384,2.782587817316764,3.2020480677159986,2.7676129515749057,NA,NA
