Item,One month,Three months,Six months,One year,Included,Excluded
All items,-4.953619278684862,2.7837257411172933,4.050249339155276,3.4635307293854063,100,0
All items less food and energy,-0.19974490246097432,2.2937962755186003,2.578692049557807,2.565785056369746,79.8,20.2
All items less shelter,-8.261725436745238,1.993132061222469,4.3109465832776195,3.5759986406211373,63.8,36.2
"All items less food, shelter, and energy",-1.4874170269059905,0.7490379456558616,1.7834845507978647,2.0134853025957202,43.6,56.4
Services less energy services,0.38406098192389493,3.3532935061701963,3.466815570098025,3.130791802461107,60.9,39.1
FT core,1.2422300388110308,2.890577425832185,24.826129356664072,4.492373634120676,NA,NA
