Item,One month,Three months,Six months,One year,Included,Excluded
All items,3.4986374358094485,2.380040321135901,2.469062422994006,2.6726833178446174,100,0
All items less food and energy,2.77348107778721,2.4054882465797567,2.680298743000531,2.907869813377396,79.8,20.2
All items less shelter,4.263473852454314,1.986200492472756,1.9697376056021287,2.016315821112969,63.8,36.2
"All items less food, shelter, and energy",3.2890232937677677,1.8518831924333679,2.140253286580851,2.14921201656448,43.6,56.4
Services less energy services,3.085233901637796,2.8967613541108106,3.2199978753220337,3.6019729725831837,60.9,39.1
FT core,3.143599361840275,2.7051162414599186,2.794982186777422,2.6980574847333294,NA,NA
