Item,One month,Three months,Six months,One year,Included,Excluded
All items,3.8198782021254596,2.9871660710628856,2.064017844376398,2.7325792795366506,100,0
All items less food and energy,3.7602944926325765,3.6631409184116004,2.859789102749355,3.300154634719494,79.8,20.2
All items less shelter,3.6468260687069876,2.5000445148141592,0.9137107175889003,1.5986887681133661,63.8,36.2
"All items less food, shelter, and energy",3.464041533928497,3.522509921000627,1.830860981221738,2.0985489229767524,43.599999999999994,56.400000000000006
Services less energy services,3.3644688476406337,4.003138077876511,3.7205802614785233,4.581996351213055,60.9,39.1
FT core,2.0028903631320305,2.647807236970772,2.5639458487584736,2.9924089538206404,NA,NA
