Item,One month,Three months,Six months,One year,Included,Excluded
All items,3.7512551950891204,2.0653299307019424,2.8378938151985,2.653312468710926,100,0
All items less food and energy,2.908783284518268,1.6045211162012185,2.617642125883868,2.648965653766215,79.8,20.2
All items less shelter,3.0910643737806387,1.8986987195927396,2.769042414666667,2.3686098811669773,63.8,36.2
"All items less food, shelter, and energy",1.3004795843295502,1.000245133500055,2.3435424328275056,2.2418473343226175,43.6,56.4
Services less energy services,3.584601319483216,1.843815442373753,2.8548463585853723,3.0372603605111346,60.9,39.1
FT core,3.0245629072120663,1.8687552176337827,2.6858026709226372,2.666186850588764,NA,NA
