Item,One month,Three months,Six months,One year,Included,Excluded
All items,1.8750577063404883,0.4182696518936213,2.5011990540455553,2.923565791719739,100,0
All items less food and energy,2.000866356012221,1.5835155418114422,2.8401546192865723,3.2131932868309963,79.8,20.2
All items less shelter,0.32307746196156284,-1.4993393902255625,1.4152335258253546,1.7780081270088066,63.8,36.2
Services less energy services,3.779874598119526,2.6705681233184064,4.186699227900981,4.900223011688616,60.9,39.1
