Item,One month,Three months,Six months,One year,Included,Excluded
All items,5.74938381019503,4.539685577306929,3.551779785031206,2.999412512831117,100,0
All items less food and energy,5.4895432885952555,3.8480517793514357,3.674030294575026,3.292099914437199,79.8,20.2
All items less shelter,6.223369976336146,4.77659804399746,3.0732198145383194,2.19272177239968,63.8,36.2
"All items less food, shelter, and energy",6.087744687085506,3.6479933489000027,3.095404750852615,2.360921658986174,43.599999999999994,56.400000000000006
Services less energy services,6.346746432752282,4.347893930799263,4.38828360167387,4.32812522937351,60.9,39.1
FT core,2.9047328544173907,2.7408434336480534,3.0540859049683977,2.9288209869983124,NA,NA
