Item,One month,Three months,Six months,One year,Included,Excluded
All items,-0.5987726017863904,2.5581619318798543,3.0490879576092755,2.4055852640280357,100,0
All items less food and energy,0.680506426619365,2.955846707795784,3.0297606356586293,2.8087333707957365,79.8,20.2
All items less shelter,-2.3643644053563673,1.9532773762150013,2.590004275678459,1.4994396105204677,63.8,36.2
"All items less food, shelter, and energy",-0.8893652017112896,2.429439834077951,2.3548505156287813,1.8195072274768613,43.6,56.4
Services less energy services,1.2875815410490432,3.5442498011705847,3.580779025927483,3.6786777692443664,60.9,39.1
FT core,2.9625533230665373,2.8306604992251447,NA,NA,NA,NA
