Item,One month,Three months,Six months,One year,Included,Excluded
All items,2.968265950055815,2.472087206286422,1.4399807022518196,2.5763256387160975,100,0
All items less food and energy,3.4155185082973327,3.5511893092464275,2.5626337833077217,3.3000417482899294,79.8,20.2
All items less shelter,1.9925093485568812,1.2677454534419264,-0.12537947192733379,1.302750131239208,63.8,36.2
"All items less food, shelter, and energy",2.3538953198193324,2.679430978787245,1.1805277654537427,2.013412866416318,43.599999999999994,56.400000000000006
Services less energy services,4.280437785200197,4.543989718982799,3.6030444452590737,4.7723824164143895,60.9,39.1
FT core,2.6979826049902,2.625976743919404,2.4264523013081662,3.0701728694145327,NA,NA
