Item,One month,Three months,Six months,One year,Included,Excluded
All items,5.8249301415139065,8.20407334405855,5.560938269410687,4.166614684049648,100,0
All items less food and energy,2.525925028243914,3.166032440833555,3.091409109375398,2.8229420636110314,79.8,20.2
All items less shelter,6.899653884012524,10.072846539300784,6.352649763159679,4.613549585138735,63.8,36.2
"All items less food, shelter, and energy",1.445760857208933,1.8181288394016226,2.268951921656437,2.3990982291259044,43.6,56.4
Services less energy services,3.5943569383818597,4.155426760966074,3.9646385341221224,3.3834673911526476,60.9,39.1
FT core,2.7579241302361948,282.4240870485883,26.794368702916046,4.700785376500513,NA,NA
