Item,One month,Three months,Six months,One year,Included,Excluded
All items,0.9746032609345479,1.0107667694274403,2.6278885538763896,2.375934086989844,100,0
All items less food and energy,1.569863756805101,1.7055549908425949,2.6426194946798764,2.7671488714145087,79.8,20.2
All items less shelter,-0.17514225862285127,-0.22230472871105356,2.1100848518337934,1.5270033089780353,63.8,36.2
"All items less food, shelter, and energy",0.36700309799733155,0.4595185130620294,1.9085415835015107,1.8528745889917355,43.6,56.4
Services less energy services,2.0831024773364737,2.2951285965800095,3.2390933523746224,3.533834405396353,60.9,39.1
FT core,NA,NA,NA,NA,NA,NA
