Item,One month,Three months,Six months,One year,Included,Excluded
All items,0.06898577854825838,2.8211624584774553,3.405520067989287,3.2502101428971746,100,0
All items less food and energy,1.974693308876052,3.3041556307061626,3.7424054690360364,3.4110633650364286,79.8,20.2
Food,1.6723071365661202,1.0299392912978655,1.7574318220542784,2.143096847966588,13.6,86.4
Energy,-21.780481322599975,0.800491553422189,2.650390895480248,3.515819552042924,6.7,93.3
Services less energy services,2.663663218726864,4.727137274888027,5.450566640025367,5.20882405085734,60.9,39.1
Shelter,4.938360084941817,4.899177799952681,5.463515432319199,5.391001521941326,36.2,63.8
