Item,One month,Three months,Six months,One year,Included,Excluded
All items,-0.6721957765004616,1.0533620418171852,2.809492500195221,2.9756285299816096,100,0
Energy,-21.895902560282067,-11.26606934373864,-1.07042194076149,0.9142183198208417,6.7,93.3
All items less food and energy,0.7797895973812752,2.0977817592090053,3.3071376964910915,3.276938798682866,79.8,20.2
Food,2.971067733837174,1.6085796998623891,1.8328796270301817,2.226482641377156,13.6,86.4
Shelter,2.0620212755535716,3.8692238148387847,4.966600382800768,5.134830751094648,36.2,63.8
Services less energy services,1.5799506190016022,3.0945173165652706,4.91825498379117,5.022105850538707,60.9,39.1
