Item,One month,Three months,Six months,One year,Included,Excluded
Overall index,1.0751808488366432,1.502058049502164,1.9453541359408355,2.292216373455243,100,0
All-items excluding energy and food,-0.12203707560390908,1.2144909898446965,2.0825944903126725,2.748935916061979,70.6,29.4
Services,-0.8661585459077692,1.487153615715564,2.698554322340674,3.9202698474047524,44.9,55.1
Goods,2.725797733268509,1.5144782596488993,1.323533331185578,0.9810025099896544,55.1,44.9
Energy,7.153115070902616,-2.846027927482231,-3.4742897464119182,-1.9434392172631054,9.9,90.1
