Item,One month,Three months,Six months,One year,Included,Excluded
All items,9.253461028788724,5.135729059108796,3.395549789858121,2.5210928083567605,100,0
"All items excluding energy, food, alcohol and tobacco",1.3091806585496357,2.1153785952903625,2.0803603871191623,2.214616468693379,71.3,28.7
FT core,1.6014303140458586,2.37793499415956,2.157706539435637,2.181594239931391,,
Services,2.8614940298849367,2.8278068633483366,3.0832113060753397,3.1697960831819105,45.6,54.4
Goods,15.264064252837283,7.2125013825200535,3.6882785909193805,1.9699999999999989,54.4,45.6
Energy,124.43361978165677,38.398212460099444,17.47621266210384,5.101039827349424,9.4,90.6
