Item,One month,Three months,Six months,One year,Included,Excluded
Overall index,2.1081598229133247,3.463468822709892,2.5261702419410836,2.297194023792807,100,0
All-items excluding energy and food,2.6120602995557185,2.5935435365602277,2.049780337801743,2.5104125015812446,70.6,29.4
FT core,2.9759897413257224,2.23073856014286,2.4848522251178577,2.2258090603450826,,
Services,3.1901934702455392,3.544593381635197,2.770074973228165,3.6333070090585076,44.9,55.1
Goods,1.1408544996958314,3.359170538388434,2.2912740983062063,1.209477321208729,55.1,44.9
Energy,-3.5844929893876776,13.76357991242756,4.958898873287931,0.18578727357176109,9.9,90.1
