Item,One month,Three months,Six months,One year,Included,Excluded
Overall index,3.86569635019776,2.47672206725347,2.69729975719826,2.521497045185947,100,0
All-items excluding energy and food,3.08750361895804,3.46203016563644,3.36036807143865,2.761544137706577,70.6,29.4
FT core,,,,2.7185441113057394,,
Services,3.48193511139812,4.69542359204591,4.93046731605182,3.9785854644405836,44.9,55.1
Goods,4.18546519015055,0.679271000950266,0.897062145864802,1.3529475520432144,55.1,44.9
