Item,One month,Three months,Six months,One year,Included,Excluded
All items,8.739889523579691,5.012179275774908,3.3347795214209164,2.49096022498996,100,0
"All items excluding energy, food, alcohol and tobacco",0.8311435391428201,2.0753649230586424,2.040151481398955,2.194483591705247,71.3,28.7
Services,2.3787183434083037,2.8280884408846907,3.083519961778469,3.1597011911972492,45.6,54.4
Energy,120.1973860861691,37.521910129724546,17.103707302670657,4.934275063762999,9.4,90.6
