Item,One month,Three months,Six months,One year,Included,Excluded
Energy,120.1973860861691,37.521910129724546,17.103707302670657,4.934275063762999,9.4,90.6
