Item,One month,Three months,Six months,One year,Included,Excluded
Overall index,0.5358282176377127,1.3343588319444155,1.866824555170199,2.251761968931593,100,0
All-items excluding energy and food,-0.4372614357576632,1.1265220071263737,2.0463107468036146,2.72927456883627,70.6,29.4
FT core,0.3895795083250802,2.0364460214294975,2.0547003816761307,2.462405406727634,,
Services,-1.1811283916473791,1.4085745413981554,2.6715264308611264,3.904624876030691,44.9,55.1
Goods,1.9929068987590615,1.272485599820894,1.2026925320609338,0.9207684010265662,55.1,44.9
Energy,6.103317452003987,-3.1643478416095827,-3.6325502093541573,-2.023857391770547,9.9,90.1
