Item,One month,Three months,Six months,One year,Included,Excluded
Overall index,3.832402271096913,1.5771879554717927,2.0530777424032642,2.0060314295469284,100,0
All-items excluding energy and food,2.729523824665425,2.1552742191401686,2.8079465510220114,2.6969841614529857,70.6,29.4
FT core,2.518052991860547,2.248130222378099,2.4326447490517173,2.31820765809228,,
Services,4.179403591922348,3.2874813997503693,4.014638590175146,3.954439926739808,44.9,55.1
Goods,3.542928449231386,0.17342473132593295,0.4543328441052097,0.44336599015044637,55.1,44.9
Energy,4.823638716034839,-9.144439767013445,-6.869498169737276,-4.628294217910058,9.9,90.1
