Item,One month,Three months,Six months,One year,Included,Excluded
Overall index,1.1240653746793505,2.3072359648719454,2.107027972404829,2.0918709098649027,100,0
All-items excluding energy and food,2.554846321087534,2.9589941170994782,3.079819218429325,2.7366099982329994,70.6,29.4
FT core,1.506678141856499,1.9496149781582799,2.2274253206100685,2.3797494982013783,,
Services,3.941001254731602,3.9297410212384865,4.61128484176101,4.1392943467150864,44.9,55.1
Goods,-1.1623223373031788,0.9780671498454518,0.08640429644353187,0.4643773935420563,55.1,44.9
