Item,One month,Three months,Six months,One year,Included,Excluded
Overall index,-0.8489514059571657,0.15809648707714175,2.117871451842279,1.768062364381571,100,0
All-items excluding energy and food,1.0038397548486344,1.0046806633197347,3.5356212505915474,2.6826142674070916,70.6,29.4
Services,-11.473455011294487,2.200878480954649,5.446126738762325,3.9669839130800923,44.9,55.1
