Item,One month,Three months,Six months,One year,Included,Excluded
Overall index,1.8409510363061488,2.4531055802541335,2.2229165249711524,2.1168710551631875,100,0
All-items excluding energy and food,3.3154634894081214,3.0435791464927364,3.1768184539815447,2.7500058558774554,70.6,29.4
Services,5.2075041392355415,4.083186139983019,4.775302674154869,4.164516034271388,44.9,55.1
Goods,-0.878959636342358,1.1172140418141518,0.1637699419790195,0.4877936137361218,55.1,44.9
