Item,One month,Three months,Six months,One year,Included,Excluded
Overall index,6.1150551453224455,3.298911430646112,2.4397766784260977,2.532029514920907,,
All-items excluding energy and food,3.2323883658281316,2.0661820645362594,2.1497532480252213,2.697886398683622,,
Services,4.626728087222398,2.8537486396842615,3.107681666160733,3.951217718591015,,
Goods,7.379126741551523,3.673651516322929,1.8876176643128462,1.3766445397422693,,
Energy,41.08145763251751,17.23595730556562,3.2062913801657045,1.843379978471481,,
