Item,One month,Three months,Six months,One year,Included,Excluded
Overall index,-0.48562145723204386,1.5952815710017498,1.649484688180225,1.728990434789888,100,0
All-items excluding energy and food,0.8663708250066238,2.3509876327950874,2.625043618366818,2.6546877676398886,70.6,29.4
FT core,1.3961991318553058,1.8167497558490242,2.061937073826684,2.1302135099520227,,
Services,1.2113957599816816,3.151652210226996,3.835226568108263,3.939103685751778,44.9,55.1
Goods,-1.916284346065844,0.265287031845185,-0.09643864660721091,-0.026878721181440763,55.1,44.9
