date,Period,All items,FT core,"All items excluding energy, food, alcohol and tobacco"
2026-06-01,One year,2.767194706236219,2.3964628337864053,2.3537660256410198
2026-05-01,One year,3.1664656212303894,2.715578311028045,2.5514816675037735
2026-04-01,One year,3.062556481574452,2.4375264088112036,2.23738336510485
2026-03-01,One year,2.540415704387992,2.1996977662657136,2.253974642785278
2026-02-01,One year,1.880152825256389,2.1839886412630873,2.39176506206478
2026-01-01,One year,1.6809260191243096,2.038583003288743,2.1925836111953134
2025-12-01,One year,1.951663464455448,2.0187843666882683,2.308860759493672
2025-11-01,One year,2.1082505574700976,2.0951554534715786,2.3751522533495772
2025-10-01,One year,2.1127475876079207,2.2404954897086604,2.410006101281259
2025-09-01,One year,2.2613833146582447,2.36696943506923,2.3942944472745737
2025-08-01,One year,2.098400733421618,2.41403841571913,2.346699316396283
2025-07-01,One year,2.059963287782986,2.4737421029877034,2.341992227449368
2025-06-01,One year,1.9836400817995887,2.261660205421026,2.316048370567745
2025-05-01,One year,1.8740399385560658,2.2512887036729454,2.249383730484796
2025-04-01,One year,2.1017018659011657,2.3822111222103963,2.6573282521371904
2025-03-01,One year,2.227468692260318,2.4771483299414507,2.4958745874587476
2025-02-01,One year,2.261978202755489,2.2244824818451208,2.460965773963406
2025-01-01,One year,2.475502836513658,2.2996304642047614,2.6233927830775623
2024-12-01,One year,2.4554496477414056,2.3435841000998305,2.7468525647695357
2024-11-01,One year,2.2595356550580354,2.389182630039489,2.7427260402544533
2024-10-01,One year,1.9890189578369435,2.315318020717126,2.683512582228263
2024-09-01,One year,1.7411130687117908,2.161394302443631,2.6673640167364137
2024-08-01,One year,2.079650618696059,2.347208759735736,2.725081228382778
2024-07-01,One year,2.541043605563115,2.6765252672754185,2.7964676198486087
2024-06-01,One year,2.515723270440242,2.6019267113018634,2.845699831365939
2024-05-01,One year,2.5412160033602875,2.657249474163212,2.819727531946353
2024-04-01,One year,2.4257061850257293,2.616088973044109,2.719001269572585
2024-03-01,One year,2.3857067787703583,2.850379640783257,2.875331564986731
2024-02-01,One year,2.5192368504269003,2.9480739446015427,3.003514751304711
2024-01-01,One year,2.7448071216617245,3.179500942162827,3.2106164383561646
2023-12-01,One year,2.9766350154699586,3.3264727737975885,3.4998923110058153
2023-11-01,One year,2.5401211605909237,3.3520879915887045,3.7545985717377177
2023-10-01,One year,2.822752449936095,3.762367106776714,4.086512335615684
2023-09-01,One year,4.234633250513127,4.158328258263557,4.401004695861092
2023-08-01,One year,5.023479305449393,4.668507437263946,4.949950500494995
2023-07-01,One year,5.076365234589594,5.127858152251642,5.15144815388018
2023-06-01,One year,5.449320216646409,5.130447995025341,5.387093191158496
2023-05-01,One year,6.0822100924585145,5.292918333135649,5.304715302491099
2023-04-01,One year,6.939921392476145,5.91376852747543,5.597139984359279
2023-03-01,One year,6.958183453237424,6.102777845186568,5.768151722590058
2023-02-01,One year,8.571755550469225,6.390836850315415,5.67248171074846
2023-01-01,One year,8.809963099630998,6.435453091510313,5.486565816211334
2022-12-01,One year,9.242424242424251,6.51560018763721,5.247648192224862
2022-11-01,One year,10.085410085410091,6.923005093896487,5.034663029889768
2022-10-01,One year,10.61623659714857,7.045251087110909,5.01027162748231
2022-09-01,One year,9.940617577197138,6.7755257772126125,4.7591808717538004
2022-08-01,One year,9.076831447290042,6.1628050532059655,4.218732087584538
2022-07-01,One year,8.772558862196728,5.633826513614064,3.9053526303698503
2022-06-01,One year,8.646571394259642,5.642902644348723,3.7211981566820325
2022-05-01,One year,8.06548693872638,5.485663668153175,3.773802654356602
2022-04-01,One year,7.4185765983112075,5.0902339524368845,3.443892291690748
2022-03-01,One year,7.504531722054374,4.56664738832468,3.041165587419051
2022-02-01,One year,5.838178294573635,3.8719624826053898,2.681151045880034
2022-01-01,One year,5.10241182886922,3.297809188209073,2.2627568690833453
2021-12-01,One year,5.018359853121169,3.44222077386533,2.676597230303732
2021-11-01,One year,4.768325569992646,3.0889349717997434,2.492719860221317
2021-10-01,One year,4.1094210009813645,2.6891915006574574,2.12121212121213
2021-09-01,One year,3.465224870975679,2.4924189178958827,1.995332555425897
2021-08-01,One year,3.1580240845416654,2.3509556623506818,1.8566090611863655
2021-07-01,One year,2.348623853211011,1.6417315543362392,0.9859645052778201
2021-06-01,One year,2.009065294622076,1.5376898922366717,1.0242085661080023
2021-05-01,One year,1.9764301497667562,1.5123519894817976,0.9201024924295438
2021-04-01,One year,1.655426118945443,1.4408050056576451,0.8038210624417494
2021-03-01,One year,1.2356251529239115,1.2303149781978382,0.8160410352063451
2021-02-01,One year,0.8058608058608017,1.1142664721130902,0.9684947491248522
2021-01-01,One year,0.7325112928824423,1.2119783805423385,1.215237204954436
2020-12-01,One year,-0.25637895250884357,0.3573594209269081,0.256679500641714
2020-11-01,One year,-0.2811392250336193,0.26974090885028246,0.2569193039822479
2020-10-01,One year,-0.23252967812996908,0.30354027692346786,0.25706940874035855
2020-09-01,One year,-0.28182820732753827,0.40943108841474307,0.2573701450631713
2020-08-01,One year,-0.2206964198136425,0.5139402658628175,0.31627035258286984
2020-07-01,One year,0.3683241252301991,1.2385742704283276,1.1498298721107472
2020-06-01,One year,0.25792188651436226,1.0834653237142962,0.8450704225352099
2020-05-01,One year,0.07371007371005904,1.0114058887505775,0.9049241979080925
2020-04-01,One year,0.29516664616897664,1.0157412019827903,0.8577135471742497
2020-03-01,One year,0.7767229688077862,1.185372047123021,1.0603204524033998
2020-02-01,One year,1.1735639283508374,1.2958500552651937,1.144812935205947
2020-01-01,One year,1.3110698824984568,1.3018201789513566,1.015108593012275
2019-12-01,One year,1.3236021771400213,1.3836154126489266,1.2641776937618068
2019-11-01,One year,0.9127914148267043,1.2657885354112117,1.2174940898345168
2019-10-01,One year,0.8018751542067499,1.2077096671915029,1.1583924349881844
2019-09-01,One year,0.9025717111770575,1.227125215263858,1.1238613509996485
2019-08-01,One year,1.1157946937763523,1.447854048480734,1.089402013025461
2019-07-01,One year,1.1047666335650452,1.321363720395174,0.9834123222748794
2019-06-01,One year,1.2308839985080129,1.3390001953298902,1.067615658362996
2019-05-01,One year,1.2815727261415963,1.2753772029287886,0.8772969768820499
2019-04-01,One year,1.5613290032475642,1.3989422835257206,1.0807600950118723
2019-03-01,One year,1.5016894005756514,1.2592208045209603,0.9154678397336774
2019-02-01,One year,1.3902805611222437,1.3539514275647992,0.8450368959771578
2019-01-01,One year,1.2650300601202291,1.3248403315233497,0.9051929490233507
2018-12-01,One year,1.5577889447236295,1.2559662543954602,0.9541984732824393
2018-11-01,One year,1.9620173563073675,1.36552429923631,0.9667024704618545
2018-10-01,One year,2.2839116719242933,1.5965193170264553,1.1719684286055845
2018-09-01,One year,2.1083196566090163,1.430928009215224,0.9554520482503249
2018-08-01,One year,2.0237794080445157,1.3706918028245652,0.9563658099222919
2018-07-01,One year,2.116871593357842,1.49219497862195,1.029446971510653
2018-06-01,One year,1.9908698960182696,1.5414885061490307,0.994369234455491
2018-05-01,One year,1.8760299150716235,1.504235925593854,1.1269631938616445
2018-04-01,One year,1.3802709889831626,1.264821484084747,0.9229294018937984
2018-03-01,One year,1.318625586408003,1.3169896688856824,0.9723889555822356
2018-02-01,One year,1.1529203091346718,1.2412143385273051,1.0220031261272025
2018-01-01,One year,1.3197969543147288,1.3544386781057018,1.010587102983625
2017-12-01,One year,1.3883581709336252,1.2845047563466028,0.9512341962673164
2017-11-01,One year,1.57128257537047,1.2982565594215951,1.0004821600771607
2017-10-01,One year,1.3816041959831116,1.2067009998068852,0.9050319777965489
2017-09-01,One year,1.5382643250865127,1.4982240178657606,1.1476201981154903
2017-08-01,One year,1.4630390143737173,1.3002262154214765,1.148730350665058
2017-07-01,One year,1.2578616352201308,1.2988421973233648,1.089060987415302
2017-06-01,One year,1.2063655030800793,1.2782657913092317,1.0532687651331776
2017-05-01,One year,1.4531893004115166,1.310293836728401,1.0050859772341951
2017-04-01,One year,1.752351501095219,1.3843635655492599,1.0660205935796605
2017-03-01,One year,1.7021276595744779,1.465511394565095,0.9329940627650503
2017-02-01,One year,1.963570598113952,1.536919420354684,0.8365664403491728
2017-01-01,One year,1.74306003873466,1.452204722149138,0.8737864077669889
2016-12-01,One year,1.1205564142194804,NA,0.8867832847424734
2016-11-01,One year,0.6040354710191477,NA,0.8019441069258768
2016-10-01,One year,0.5143371480005217,NA,0.75379939209727
2016-09-01,One year,0.38605070132545544,NA,0.7914282235480405
2016-08-01,One year,0.20576131687242358,NA,0.7676373827220784
2016-07-01,One year,0.12851818532321593,NA,0.8173722093448844
2016-06-01,One year,0.03851585569392879,NA,0.780868716447048
2016-05-01,One year,-0.1284356537374702,NA,0.8056640624999958
2016-04-01,One year,-0.1415337107565613,NA,0.8675464320625534
2016-03-01,One year,-0.10305294344969508,NA,0.9294362235538769
2016-02-01,One year,-0.1161290322580689,NA,0.8559550012227962
2016-01-01,One year,0.3238341968911917,NA,0.968018625168492
2015-12-01,One year,0.4268529297632885,NA,1.142646516771093
2015-11-01,One year,0.348207376837756,NA,1.205115592720123
2015-10-01,One year,0.25783163594173375,NA,1.2681605515882801
2015-09-01,One year,0.05149993562507023,NA,1.0830769230769175
2015-08-01,One year,0.21910039953602486,NA,1.058982883881295
2015-07-01,One year,0.3223310985043837,NA,1.0727496917386
2015-06-01,One year,0.4254770500257843,NA,1.0853478046373897
2015-05-01,One year,0.46451612903225736,NA,1.0983586326052086
2015-04-01,One year,0.2192134107027746,NA,0.9497964721845445
2015-03-01,One year,0.10315925209542012,NA,0.8883405305367043
2015-02-01,One year,-0.1031193606599617,NA,0.9629629629629645
2015-01-01,One year,-0.3870967741935447,NA,0.9275290625772941
2014-12-01,One year,-0.15497869043007173,NA,0.7551374102500612
2014-11-01,One year,0.33643892339545173,NA,0.7308311656137609
2014-10-01,One year,0.3882489970234207,NA,0.7442322004465323
2014-09-01,One year,0.3099573808601251,NA,0.756448412698412
2014-08-01,One year,0.28434793847744455,NA,0.8318847777501706
2014-07-01,One year,0.29742661321609204,NA,0.6828057107386681
2014-06-01,One year,0.47933670164529674,NA,0.7079865855173185
2014-05-01,One year,0.5448884276076825,NA,0.7459903021260652
2014-04-01,One year,0.6097560975609742,NA,0.8584224931574991
2014-03-01,One year,0.5706134094151183,NA,0.8586361373817791
2014-02-01,One year,0.7270838743183619,NA,0.9849145991771678
2014-01-01,One year,0.754030161206446,NA,0.8103727714748855
2013-12-01,One year,0.8991399530883659,NA,0.7860262008733567
2013-11-01,One year,0.8087659796504103,NA,0.899887514060741
2013-10-01,One year,0.7300221613870451,NA,0.8254127063531902
2013-09-01,One year,1.0835509138381365,NA,1.0020040080160284
2013-08-01,One year,1.2696335078534016,NA,1.0032605969400694
2013-07-01,One year,1.5629104281586523,NA,1.041144004014047
2013-06-01,One year,1.5925243485127583,NA,1.1432160804020237
2013-05-01,One year,1.4210526315789451,NA,1.182538684111224
2013-04-01,One year,1.3543721236028945,NA,1.2342569269521282
2013-03-01,One year,1.6209804955192462,NA,1.3111447302067654
2013-02-01,One year,1.837895015205607,NA,1.2752525252525138
2013-01-01,One year,2.0159151193633895,NA,1.364842663970679
2012-12-01,One year,2.2382094324540267,NA,1.5199493350221696
2012-11-01,One year,2.2133333333333285,NA,1.445416508178015
2012-10-01,One year,2.498663816141088,NA,1.4849600203071296
2012-09-01,One year,2.598446289847305,NA,1.500127129417756
2012-08-01,One year,2.5778732545649863,NA,1.4762025960804233
2012-07-01,One year,2.3799919322307326,NA,1.6447787836287031
2012-06-01,One year,2.3989218328840987,NA,1.6083737554250583
2012-05-01,One year,2.4396818978298995,NA,1.5976482617586911
2012-04-01,One year,2.603885590933611,NA,1.5864892528147507
2012-03-01,One year,2.693192583570165,NA,1.6271620755925638
2012-02-01,One year,2.7441923651677707,NA,1.5514809590973304
2012-01-01,One year,2.66884531590415,NA,1.5528747433264807
2011-12-01,One year,2.7093596059113354,NA,1.5695355718512785
2011-11-01,One year,2.9654036243822026,NA,1.5188569957523579
2011-10-01,One year,2.9719317556411617,NA,1.5204226259502729
2011-09-01,One year,2.879977952321901,NA,1.4967741935483827
2011-08-01,One year,2.7452062353428186,NA,1.4852124499547867
2011-07-01,One year,2.692626346313177,NA,1.39625080801553
2011-06-01,One year,2.585372597815574,NA,1.3847547560502231
2011-05-01,One year,2.6567040265670427,NA,1.37341280124383
2011-04-01,One year,2.6024363233665695,NA,1.3091380427738053
2011-03-01,One year,2.6535148652403397,NA,1.2847132104853294
2011-02-01,One year,2.6209396347413847,NA,1.2725620049344106
2011-01-01,One year,2.4124947706038267,NA,1.234247109263353
2010-12-01,One year,2.2097902097902073,NA,1.0530421216848704
2010-11-01,One year,1.9168882048411984,NA,1.1193544188468039
2010-10-01,One year,1.906898485698281,NA,1.094177413051978
2010-09-01,One year,1.7669331089608622,NA,1.0430247718383274
2010-08-01,One year,1.5977575332866163,NA,1.0044351682755157
2010-07-01,One year,1.756358016017985,NA,1.0318704284221423
2010-06-01,One year,1.4446002805049105,NA,0.9405617243631599
2010-05-01,One year,1.645569620253167,NA,0.8625196027182578
2010-04-01,One year,1.689189189189173,NA,0.928833071690225
2010-03-01,One year,1.4088475626937165,NA,0.9167103195390294
2010-02-01,One year,0.9854990848937109,NA,0.9570005243838543
2010-01-01,One year,1.1281906642222497,NA,1.0370175899186034
2009-12-01,One year,0.8889516015239105,NA,1.0376986733219578
2009-11-01,One year,0.4497540407589503,NA,1.0123586642124587
2009-10-01,One year,-0.16797312430011835,NA,1.1062821019359794
2009-09-01,One year,-0.32149846239866364,NA,1.200686106346479
2009-08-01,One year,-0.19583158483704094,NA,1.2681638044914052
2009-07-01,One year,-0.62831611281765265,NA,1.310043668122283
2009-06-01,One year,-0.15404005041310662,NA,1.3907284768211883
2009-05-01,One year,0.028137310073151407,NA,1.5258060236168123
2009-04-01,One year,0.4951195360022755,NA,1.594896331738441
2009-03-01,One year,0.6665721174301501,NA,1.5965939329430585
2009-02-01,One year,1.2111712738671903,NA,1.720229363915197
2009-01-01,One year,1.169924382936215,NA,1.6682236754304014
2008-12-01,One year,1.5620521639438283,NA,1.8325307651150216
2008-11-01,One year,2.1243002727142297,NA,1.9024651661307634
2008-10-01,One year,3.147559919145239,NA,1.9057844584619534
2008-09-01,One year,3.62108922363847,NA,1.8682795698924737
2008-08-01,One year,3.80426891244372,NA,1.8568353067814987
2008-07-01,One year,4.068584713746021,NA,1.7366720516962735
2008-06-01,One year,3.974956319161312,NA,1.8069039913700156
2008-05-01,One year,3.6604929269359854,NA,1.700175414923769
2008-04-01,One year,3.302645038725691,NA,1.7031630170316177
2008-03-01,One year,3.462949376375641,NA,1.8152262259550305
2008-02-01,One year,3.2362459546925604,NA,1.7227346717308682
2008-01-01,One year,3.2557454331172777,NA,1.8070652173913213
2007-12-01,One year,3.0571555161719206,NA,1.8806214227310027
2007-11-01,One year,3.0164128345408936,NA,1.8558951965065493
2007-10-01,One year,2.5162818235642432,NA,1.8174364580486446
2007-09-01,One year,2.130177514792917,NA,1.8201724373888224
2007-08-01,One year,1.7582742316784832,NA,1.8919659994515978
2007-07-01,One year,1.8047337278106492,NA,1.9069831252572378
2007-06-01,One year,1.899109792284868,NA,1.8821266657507767
2007-05-01,One year,1.9173602853745424,NA,1.9955959262317684
2007-04-01,One year,1.9669199821189203,NA,1.9570011025358345
2007-03-01,One year,1.9141618064902066,NA,1.8206896551724046
2007-02-01,One year,1.8426966292134892,NA,1.86541384551609
2007-01-01,One year,1.8607442977190798,NA,1.7699115044247804
2006-12-01,One year,1.880830574781824,NA,1.5218594355284922
2006-11-01,One year,1.8524096385542013,NA,1.5099044188945885
2006-10-01,One year,1.5634395670475139,NA,1.497919556172001
2006-09-01,One year,1.7459361830222706,NA,1.4720177753089683
2006-08-01,One year,2.2974607013301243,NA,1.4041429167245805
2006-07-01,One year,2.4397636005455365,NA,1.4898357003620266
2006-06-01,One year,2.4471804225566185,NA,1.4353400222965456
2006-05-01,One year,2.467255558940001,NA,1.3247803653604837
2006-04-01,One year,2.2862368541380884,NA,1.2983386849085674
2006-03-01,One year,2.2320746063293195,NA,1.384421759194511
2006-02-01,One year,2.3616009814445738,NA,1.2734396865379385
2006-01-01,One year,2.444273635664879,NA,1.274331326144793
2005-12-01,One year,2.230426088294091,NA,1.3176338659938291
2005-11-01,One year,2.2482291345857837,NA,1.3335204941044398
2005-10-01,One year,2.417244033872199,NA,1.3494517852122487
2005-09-01,One year,2.594193946880779,NA,1.3083849184018104
2005-08-01,One year,2.193388940376895,NA,1.281329203041412
2005-07-01,One year,2.1833384948900534,NA,1.3404825737265254
2005-06-01,One year,2.0158164056443035,NA,1.3702500353157208
2005-05-01,One year,1.9406924390622575,NA,1.500353857041738
2005-04-01,One year,2.1326276463262834,NA,1.4445545956663306
2005-03-01,One year,2.0755305867665395,NA,1.4758053072229407
2005-02-01,One year,2.1139993736298064,NA,1.5345268542199464
2005-01-01,One year,1.9912198181247978,NA,1.6657175398633282
2004-12-01,One year,2.281308999370678,NA,1.870626874196776
2004-11-01,One year,2.2033364809568754,NA,1.8296169239565483
2004-10-01,One year,2.347935707532307,NA,1.8030910131654339
2004-09-01,One year,2.1128981393882107,NA,1.8192236069330983
2004-08-01,One year,2.3557312252964344,NA,1.9523399368360603
2004-07-01,One year,2.313054499366288,NA,1.824712643678176
2004-06-01,One year,2.3813303698999726,NA,1.8414616601927793
2004-05-01,One year,2.416918429003015,NA,1.7718236819360471
2004-04-01,One year,2.097902097902087,NA,1.8756312220458766
2004-03-01,One year,1.6981431518806545,NA,1.747040138608134
2004-02-01,One year,1.6555237185609664,NA,1.8376501229923254
2004-01-01,One year,1.8361807440523688,NA,1.7233888486603879
2003-12-01,One year,1.9733675597625604,NA,1.5810850014505415
2003-11-01,One year,2.105094006106383,NA,1.6122004357298467
2003-10-01,One year,1.9765386469548514,NA,1.702808907000439
2003-09-01,One year,2.0598648213710993,NA,1.734188283299326
2003-08-01,One year,1.9996774713755878,NA,1.6340822877151888
2003-07-01,One year,1.9873969946679542,NA,1.6949152542372832
2003-06-01,One year,1.9915803108808354,NA,1.7864987553082425
2003-05-01,One year,1.8296632124352372,NA,1.8187151657377454
2003-04-01,One year,1.9442644199611194,NA,1.7917462182405621
2003-03-01,One year,2.455284552845525,NA,1.957897836007652
2003-02-01,One year,2.346041055718471,NA,1.8570375829034713
2003-01-01,One year,2.119680417413997,NA,1.9037780401416646
2002-12-01,One year,2.2977186935827976,NA,2.1636040308239384
2002-11-01,One year,2.267871815940831,NA,2.242352242352229
2002-10-01,One year,2.267871815940831,NA,2.247023809523796
2002-09-01,One year,2.136752136752132,NA,2.341536167039534
2002-08-01,One year,2.158154859967043,NA,2.3902001792650265
2002-07-01,One year,2.027695351137494,NA,2.439754527765298
2002-06-01,One year,1.8637638132937413,NA,2.4606151537884475
2002-05-01,One year,2.015196564255036,NA,2.449286250939158
2002-04-01,One year,2.4398340248962636,NA,2.4988709920216716
2002-03-01,One year,2.4317121918720868,NA,2.4430704267832972
2002-02-01,One year,2.453680520781182,NA,2.4614919963757105
2002-01-01,One year,2.627175368139224,NA,2.3874282260501634
2001-12-01,One year,1.940772963024923,NA,2.087745839636929
2001-11-01,One year,1.8580515567458977,NA,2.061230675962412
2001-10-01,One year,2.1315877811346144,NA,2.003642987249556
2001-09-01,One year,2.2005711406013813,NA,1.9461760681161642
2001-08-01,One year,2.481850413641746,NA,1.9183922046284878
2001-07-01,One year,2.60487144790257,NA,1.9066503965832826
2001-06-01,One year,2.640934484509907,NA,1.631594998475156
2001-05-01,One year,2.83675896042127,NA,1.5720390720390738
2001-04-01,One year,2.500850629465803,NA,1.4353336387234876
2001-03-01,One year,2.108843537414969,NA,1.2830303956010438
2001-02-01,One year,2.113516277484225,NA,1.2073972184013326
2001-01-01,One year,1.9447287615148423,NA,1.084466167710414
2000-12-01,One year,2.1185716726465094,NA,1.0085574572127087
2000-11-01,One year,2.364633310486639,NA,0.9331497628881741
2000-10-01,One year,2.2481551398661317,NA,0.9191176470588149
2000-09-01,One year,2.232526189249535,NA,0.7351814979322863
2000-08-01,One year,1.7697594501718108,NA,0.5203550658096164
2000-07-01,One year,1.738082946136634,NA,0.38278977185729596
2000-06-01,One year,1.8623900672529714,NA,0.5519779208831639
2000-05-01,One year,1.570048309178738,NA,0.5370569280343629
2000-04-01,One year,1.3623038454906002,NA,0.5064456721915259
2000-03-01,One year,1.7125064867669866,NA,0.506601166717836
2000-02-01,One year,1.6106685140284027,NA,0.5069124423963326
2000-01-01,One year,1.5592515592515568,NA,0.5992624462200378
1999-12-01,One year,1.3506493506493527,NA,0.5068345876209466
1999-11-01,One year,1.0562770562770554,NA,0.4456054087277293
1999-10-01,One year,0.8829639889196765,NA,0.32272936837253413
1999-09-01,One year,0.7962610351393349,NA,0.3535198278512204
1999-08-01,One year,0.7268951194184868,NA,0.46125461254612105
1999-07-01,One year,0.6582366187424261,NA,0.5542725173210152
1999-06-01,One year,0.4851845434066906,NA,0.46210720887245404
1999-05-01,One year,0.5377276669557716,NA,0.5244485577664714
1999-04-01,One year,0.7645525629887139,NA,0.6954102920723271
1999-03-01,One year,0.5741127348643101,NA,0.7579273008507267
1999-02-01,One year,0.3999304468788106,NA,0.6960556844547388
1999-01-01,One year,0.43500957021054465,NA,0.8210689388071281
1998-12-01,One year,0.3998609179415801,NA,0.8675445391169672
1998-11-01,One year,0.46972860125261506,NA,0.977501939487968
1998-10-01,One year,0.5921281783350685,NA,1.0560646063053154
1998-09-01,One year,0.6270684549730127,NA,0.9621353196772262
1998-08-01,One year,0.6971070059254071,NA,0.9154383242823947
1998-07-01,One year,0.9089320048942423,NA,0.8853681267474486
1998-06-01,One year,1.0152284263959361,NA,0.948530555123619
1998-05-01,One year,0.9985984583041351,NA,0.8713241014470239
1998-04-01,One year,0.9472022452201353,NA,0.7630021800062207
1998-03-01,One year,0.7537248028045569,NA,0.6382316313823332
1998-02-01,One year,0.7004027315706507,NA,0.6382316313823332
1998-01-01,One year,0.6303624584135868,NA,0.5921770297646805
1997-12-01,One year,NA,NA,NA
1997-11-01,One year,NA,NA,NA
1997-10-01,One year,NA,NA,NA
1997-09-01,One year,NA,NA,NA
1997-08-01,One year,NA,NA,NA
1997-07-01,One year,NA,NA,NA
1997-06-01,One year,NA,NA,NA
1997-05-01,One year,NA,NA,NA
1997-04-01,One year,NA,NA,NA
1997-03-01,One year,NA,NA,NA
1997-02-01,One year,NA,NA,NA
1997-01-01,One year,NA,NA,NA
1996-12-01,One year,NA,NA,NA
1996-11-01,One year,NA,NA,NA
1996-10-01,One year,NA,NA,NA
1996-09-01,One year,NA,NA,NA
1996-08-01,One year,NA,NA,NA
1996-07-01,One year,NA,NA,NA
1996-06-01,One year,NA,NA,NA
1996-05-01,One year,NA,NA,NA
1996-04-01,One year,NA,NA,NA
1996-03-01,One year,NA,NA,NA
1996-02-01,One year,NA,NA,NA
1996-01-01,One year,NA,NA,NA
1995-12-01,One year,NA,NA,NA
1995-11-01,One year,NA,NA,NA
1995-10-01,One year,NA,NA,NA
1995-09-01,One year,NA,NA,NA
1995-08-01,One year,NA,NA,NA
1995-07-01,One year,NA,NA,NA
1995-06-01,One year,NA,NA,NA
1995-05-01,One year,NA,NA,NA
1995-04-01,One year,NA,NA,NA
1995-03-01,One year,NA,NA,NA
1995-02-01,One year,NA,NA,NA
1995-01-01,One year,NA,NA,NA
1994-12-01,One year,NA,NA,NA
1994-11-01,One year,NA,NA,NA
1994-10-01,One year,NA,NA,NA
1994-09-01,One year,NA,NA,NA
1994-08-01,One year,NA,NA,NA
1994-07-01,One year,NA,NA,NA
1994-06-01,One year,NA,NA,NA
1994-05-01,One year,NA,NA,NA
1994-04-01,One year,NA,NA,NA
1994-03-01,One year,NA,NA,NA
1994-02-01,One year,NA,NA,NA
1994-01-01,One year,NA,NA,NA
1993-12-01,One year,NA,NA,NA
1993-11-01,One year,NA,NA,NA
1993-10-01,One year,NA,NA,NA
1993-09-01,One year,NA,NA,NA
1993-08-01,One year,NA,NA,NA
1993-07-01,One year,NA,NA,NA
1993-06-01,One year,NA,NA,NA
1993-05-01,One year,NA,NA,NA
1993-04-01,One year,NA,NA,NA
1993-03-01,One year,NA,NA,NA
1993-02-01,One year,NA,NA,NA
1993-01-01,One year,NA,NA,NA
1992-12-01,One year,NA,NA,NA
1992-11-01,One year,NA,NA,NA
1992-10-01,One year,NA,NA,NA
1992-09-01,One year,NA,NA,NA
1992-08-01,One year,NA,NA,NA
1992-07-01,One year,NA,NA,NA
1992-06-01,One year,NA,NA,NA
1992-05-01,One year,NA,NA,NA
1992-04-01,One year,NA,NA,NA
1992-03-01,One year,NA,NA,NA
1992-02-01,One year,NA,NA,NA
1992-01-01,One year,NA,NA,NA
1991-12-01,One year,NA,NA,NA
1991-11-01,One year,NA,NA,NA
1991-10-01,One year,NA,NA,NA
1991-09-01,One year,NA,NA,NA
1991-08-01,One year,NA,NA,NA
1991-07-01,One year,NA,NA,NA
1991-06-01,One year,NA,NA,NA
1991-05-01,One year,NA,NA,NA
1991-04-01,One year,NA,NA,NA
1991-03-01,One year,NA,NA,NA
1991-02-01,One year,NA,NA,NA
1991-01-01,One year,NA,NA,NA
1990-12-01,One year,NA,NA,NA
1990-11-01,One year,NA,NA,NA
1990-10-01,One year,NA,NA,NA
1990-09-01,One year,NA,NA,NA
1990-08-01,One year,NA,NA,NA
1990-07-01,One year,NA,NA,NA
1990-06-01,One year,NA,NA,NA
1990-05-01,One year,NA,NA,NA
1990-04-01,One year,NA,NA,NA
1990-03-01,One year,NA,NA,NA
1990-02-01,One year,NA,NA,NA
1990-01-01,One year,NA,NA,NA
1989-12-01,One year,NA,NA,NA
1989-11-01,One year,NA,NA,NA
1989-10-01,One year,NA,NA,NA
1989-09-01,One year,NA,NA,NA
1989-08-01,One year,NA,NA,NA
1989-07-01,One year,NA,NA,NA
1989-06-01,One year,NA,NA,NA
1989-05-01,One year,NA,NA,NA
1989-04-01,One year,NA,NA,NA
1989-03-01,One year,NA,NA,NA
1989-02-01,One year,NA,NA,NA
1989-01-01,One year,NA,NA,NA
1988-12-01,One year,NA,NA,NA
1988-11-01,One year,NA,NA,NA
1988-10-01,One year,NA,NA,NA
1988-09-01,One year,NA,NA,NA
1988-08-01,One year,NA,NA,NA
1988-07-01,One year,NA,NA,NA
1988-06-01,One year,NA,NA,NA
1988-05-01,One year,NA,NA,NA
1988-04-01,One year,NA,NA,NA
1988-03-01,One year,NA,NA,NA
1988-02-01,One year,NA,NA,NA
1988-01-01,One year,NA,NA,NA
1987-12-01,One year,NA,NA,NA
1987-11-01,One year,NA,NA,NA
1987-10-01,One year,NA,NA,NA
1987-09-01,One year,NA,NA,NA
1987-08-01,One year,NA,NA,NA
1987-07-01,One year,NA,NA,NA
1987-06-01,One year,NA,NA,NA
1987-05-01,One year,NA,NA,NA
1987-04-01,One year,NA,NA,NA
1987-03-01,One year,NA,NA,NA
1987-02-01,One year,NA,NA,NA
1987-01-01,One year,NA,NA,NA
1986-12-01,One year,NA,NA,NA
1986-11-01,One year,NA,NA,NA
1986-10-01,One year,NA,NA,NA
1986-09-01,One year,NA,NA,NA
1986-08-01,One year,NA,NA,NA
1986-07-01,One year,NA,NA,NA
1986-06-01,One year,NA,NA,NA
1986-05-01,One year,NA,NA,NA
1986-04-01,One year,NA,NA,NA
1986-03-01,One year,NA,NA,NA
1986-02-01,One year,NA,NA,NA
1986-01-01,One year,NA,NA,NA
1985-12-01,One year,NA,NA,NA
1985-11-01,One year,NA,NA,NA
1985-10-01,One year,NA,NA,NA
1985-09-01,One year,NA,NA,NA
1985-08-01,One year,NA,NA,NA
1985-07-01,One year,NA,NA,NA
1985-06-01,One year,NA,NA,NA
1985-05-01,One year,NA,NA,NA
1985-04-01,One year,NA,NA,NA
1985-03-01,One year,NA,NA,NA
1985-02-01,One year,NA,NA,NA
1985-01-01,One year,NA,NA,NA
1984-12-01,One year,NA,NA,NA
1984-11-01,One year,NA,NA,NA
1984-10-01,One year,NA,NA,NA
1984-09-01,One year,NA,NA,NA
1984-08-01,One year,NA,NA,NA
1984-07-01,One year,NA,NA,NA
1984-06-01,One year,NA,NA,NA
1984-05-01,One year,NA,NA,NA
1984-04-01,One year,NA,NA,NA
1984-03-01,One year,NA,NA,NA
1984-02-01,One year,NA,NA,NA
1984-01-01,One year,NA,NA,NA
1983-12-01,One year,NA,NA,NA
1983-11-01,One year,NA,NA,NA
1983-10-01,One year,NA,NA,NA
1983-09-01,One year,NA,NA,NA
1983-08-01,One year,NA,NA,NA
1983-07-01,One year,NA,NA,NA
1983-06-01,One year,NA,NA,NA
1983-05-01,One year,NA,NA,NA
1983-04-01,One year,NA,NA,NA
1983-03-01,One year,NA,NA,NA
1983-02-01,One year,NA,NA,NA
1983-01-01,One year,NA,NA,NA
1982-12-01,One year,NA,NA,NA
1982-11-01,One year,NA,NA,NA
1982-10-01,One year,NA,NA,NA
1982-09-01,One year,NA,NA,NA
1982-08-01,One year,NA,NA,NA
1982-07-01,One year,NA,NA,NA
1982-06-01,One year,NA,NA,NA
1982-05-01,One year,NA,NA,NA
1982-04-01,One year,NA,NA,NA
1982-03-01,One year,NA,NA,NA
1982-02-01,One year,NA,NA,NA
1982-01-01,One year,NA,NA,NA
1981-12-01,One year,NA,NA,NA
1981-11-01,One year,NA,NA,NA
1981-10-01,One year,NA,NA,NA
1981-09-01,One year,NA,NA,NA
1981-08-01,One year,NA,NA,NA
1981-07-01,One year,NA,NA,NA
1981-06-01,One year,NA,NA,NA
1981-05-01,One year,NA,NA,NA
1981-04-01,One year,NA,NA,NA
1981-03-01,One year,NA,NA,NA
1981-02-01,One year,NA,NA,NA
1981-01-01,One year,NA,NA,NA
1980-12-01,One year,NA,NA,NA
1980-11-01,One year,NA,NA,NA
1980-10-01,One year,NA,NA,NA
1980-09-01,One year,NA,NA,NA
1980-08-01,One year,NA,NA,NA
1980-07-01,One year,NA,NA,NA
1980-06-01,One year,NA,NA,NA
1980-05-01,One year,NA,NA,NA
1980-04-01,One year,NA,NA,NA
1980-03-01,One year,NA,NA,NA
1980-02-01,One year,NA,NA,NA
1980-01-01,One year,NA,NA,NA
1979-12-01,One year,NA,NA,NA
1979-11-01,One year,NA,NA,NA
1979-10-01,One year,NA,NA,NA
1979-09-01,One year,NA,NA,NA
1979-08-01,One year,NA,NA,NA
1979-07-01,One year,NA,NA,NA
1979-06-01,One year,NA,NA,NA
1979-05-01,One year,NA,NA,NA
1979-04-01,One year,NA,NA,NA
1979-03-01,One year,NA,NA,NA
1979-02-01,One year,NA,NA,NA
1979-01-01,One year,NA,NA,NA
1978-12-01,One year,NA,NA,NA
1978-11-01,One year,NA,NA,NA
1978-10-01,One year,NA,NA,NA
1978-09-01,One year,NA,NA,NA
1978-08-01,One year,NA,NA,NA
1978-07-01,One year,NA,NA,NA
1978-06-01,One year,NA,NA,NA
1978-05-01,One year,NA,NA,NA
1978-04-01,One year,NA,NA,NA
1978-03-01,One year,NA,NA,NA
1978-02-01,One year,NA,NA,NA
1978-01-01,One year,NA,NA,NA
1977-12-01,One year,NA,NA,NA
1977-11-01,One year,NA,NA,NA
1977-10-01,One year,NA,NA,NA
1977-09-01,One year,NA,NA,NA
1977-08-01,One year,NA,NA,NA
1977-07-01,One year,NA,NA,NA
1977-06-01,One year,NA,NA,NA
1977-05-01,One year,NA,NA,NA
1977-04-01,One year,NA,NA,NA
1977-03-01,One year,NA,NA,NA
1977-02-01,One year,NA,NA,NA
1977-01-01,One year,NA,NA,NA
1976-12-01,One year,NA,NA,NA
1976-11-01,One year,NA,NA,NA
1976-10-01,One year,NA,NA,NA
1976-09-01,One year,NA,NA,NA
1976-08-01,One year,NA,NA,NA
1976-07-01,One year,NA,NA,NA
1976-06-01,One year,NA,NA,NA
1976-05-01,One year,NA,NA,NA
1976-04-01,One year,NA,NA,NA
1976-03-01,One year,NA,NA,NA
1976-02-01,One year,NA,NA,NA
1976-01-01,One year,NA,NA,NA
1975-12-01,One year,NA,NA,NA
1975-11-01,One year,NA,NA,NA
1975-10-01,One year,NA,NA,NA
1975-09-01,One year,NA,NA,NA
1975-08-01,One year,NA,NA,NA
1975-07-01,One year,NA,NA,NA
1975-06-01,One year,NA,NA,NA
1975-05-01,One year,NA,NA,NA
1975-04-01,One year,NA,NA,NA
1975-03-01,One year,NA,NA,NA
1975-02-01,One year,NA,NA,NA
1975-01-01,One year,NA,NA,NA
1974-12-01,One year,NA,NA,NA
1974-11-01,One year,NA,NA,NA
1974-10-01,One year,NA,NA,NA
1974-09-01,One year,NA,NA,NA
1974-08-01,One year,NA,NA,NA
1974-07-01,One year,NA,NA,NA
1974-06-01,One year,NA,NA,NA
1974-05-01,One year,NA,NA,NA
1974-04-01,One year,NA,NA,NA
1974-03-01,One year,NA,NA,NA
1974-02-01,One year,NA,NA,NA
1974-01-01,One year,NA,NA,NA
1973-12-01,One year,NA,NA,NA
1973-11-01,One year,NA,NA,NA
1973-10-01,One year,NA,NA,NA
1973-09-01,One year,NA,NA,NA
1973-08-01,One year,NA,NA,NA
1973-07-01,One year,NA,NA,NA
1973-06-01,One year,NA,NA,NA
1973-05-01,One year,NA,NA,NA
1973-04-01,One year,NA,NA,NA
1973-03-01,One year,NA,NA,NA
1973-02-01,One year,NA,NA,NA
1973-01-01,One year,NA,NA,NA
1972-12-01,One year,NA,NA,NA
1972-11-01,One year,NA,NA,NA
1972-10-01,One year,NA,NA,NA
1972-09-01,One year,NA,NA,NA
1972-08-01,One year,NA,NA,NA
1972-07-01,One year,NA,NA,NA
1972-06-01,One year,NA,NA,NA
1972-05-01,One year,NA,NA,NA
1972-04-01,One year,NA,NA,NA
1972-03-01,One year,NA,NA,NA
1972-02-01,One year,NA,NA,NA
1972-01-01,One year,NA,NA,NA
1971-12-01,One year,NA,NA,NA
1971-11-01,One year,NA,NA,NA
1971-10-01,One year,NA,NA,NA
1971-09-01,One year,NA,NA,NA
1971-08-01,One year,NA,NA,NA
1971-07-01,One year,NA,NA,NA
1971-06-01,One year,NA,NA,NA
1971-05-01,One year,NA,NA,NA
1971-04-01,One year,NA,NA,NA
1971-03-01,One year,NA,NA,NA
1971-02-01,One year,NA,NA,NA
1971-01-01,One year,NA,NA,NA
1970-12-01,One year,NA,NA,NA
1970-11-01,One year,NA,NA,NA
1970-10-01,One year,NA,NA,NA
1970-09-01,One year,NA,NA,NA
1970-08-01,One year,NA,NA,NA
1970-07-01,One year,NA,NA,NA
1970-06-01,One year,NA,NA,NA
1970-05-01,One year,NA,NA,NA
1970-04-01,One year,NA,NA,NA
1970-03-01,One year,NA,NA,NA
1970-02-01,One year,NA,NA,NA
1970-01-01,One year,NA,NA,NA
1969-12-01,One year,NA,NA,NA
1969-11-01,One year,NA,NA,NA
1969-10-01,One year,NA,NA,NA
1969-09-01,One year,NA,NA,NA
1969-08-01,One year,NA,NA,NA
1969-07-01,One year,NA,NA,NA
1969-06-01,One year,NA,NA,NA
1969-05-01,One year,NA,NA,NA
1969-04-01,One year,NA,NA,NA
1969-03-01,One year,NA,NA,NA
1969-02-01,One year,NA,NA,NA
1969-01-01,One year,NA,NA,NA
1968-12-01,One year,NA,NA,NA
1968-11-01,One year,NA,NA,NA
1968-10-01,One year,NA,NA,NA
1968-09-01,One year,NA,NA,NA
1968-08-01,One year,NA,NA,NA
1968-07-01,One year,NA,NA,NA
1968-06-01,One year,NA,NA,NA
1968-05-01,One year,NA,NA,NA
1968-04-01,One year,NA,NA,NA
1968-03-01,One year,NA,NA,NA
1968-02-01,One year,NA,NA,NA
1968-01-01,One year,NA,NA,NA
1967-12-01,One year,NA,NA,NA
1967-11-01,One year,NA,NA,NA
1967-10-01,One year,NA,NA,NA
1967-09-01,One year,NA,NA,NA
1967-08-01,One year,NA,NA,NA
1967-07-01,One year,NA,NA,NA
1967-06-01,One year,NA,NA,NA
1967-05-01,One year,NA,NA,NA
1967-04-01,One year,NA,NA,NA
1967-03-01,One year,NA,NA,NA
1967-02-01,One year,NA,NA,NA
1967-01-01,One year,NA,NA,NA
1966-12-01,One year,NA,NA,NA
1966-11-01,One year,NA,NA,NA
1966-10-01,One year,NA,NA,NA
1966-09-01,One year,NA,NA,NA
1966-08-01,One year,NA,NA,NA
1966-07-01,One year,NA,NA,NA
1966-06-01,One year,NA,NA,NA
1966-05-01,One year,NA,NA,NA
1966-04-01,One year,NA,NA,NA
1966-03-01,One year,NA,NA,NA
1966-02-01,One year,NA,NA,NA
1966-01-01,One year,NA,NA,NA
1965-12-01,One year,NA,NA,NA
1965-11-01,One year,NA,NA,NA
1965-10-01,One year,NA,NA,NA
1965-09-01,One year,NA,NA,NA
1965-08-01,One year,NA,NA,NA
1965-07-01,One year,NA,NA,NA
1965-06-01,One year,NA,NA,NA
1965-05-01,One year,NA,NA,NA
1965-04-01,One year,NA,NA,NA
1965-03-01,One year,NA,NA,NA
1965-02-01,One year,NA,NA,NA
1965-01-01,One year,NA,NA,NA
1964-12-01,One year,NA,NA,NA
1964-11-01,One year,NA,NA,NA
1964-10-01,One year,NA,NA,NA
1964-09-01,One year,NA,NA,NA
1964-08-01,One year,NA,NA,NA
1964-07-01,One year,NA,NA,NA
1964-06-01,One year,NA,NA,NA
1964-05-01,One year,NA,NA,NA
1964-04-01,One year,NA,NA,NA
1964-03-01,One year,NA,NA,NA
1964-02-01,One year,NA,NA,NA
1964-01-01,One year,NA,NA,NA
1963-12-01,One year,NA,NA,NA
1963-11-01,One year,NA,NA,NA
1963-10-01,One year,NA,NA,NA
1963-09-01,One year,NA,NA,NA
1963-08-01,One year,NA,NA,NA
1963-07-01,One year,NA,NA,NA
1963-06-01,One year,NA,NA,NA
1963-05-01,One year,NA,NA,NA
1963-04-01,One year,NA,NA,NA
1963-03-01,One year,NA,NA,NA
1963-02-01,One year,NA,NA,NA
1963-01-01,One year,NA,NA,NA
1962-12-01,One year,NA,NA,NA
1962-11-01,One year,NA,NA,NA
1962-10-01,One year,NA,NA,NA
1962-09-01,One year,NA,NA,NA
1962-08-01,One year,NA,NA,NA
1962-07-01,One year,NA,NA,NA
1962-06-01,One year,NA,NA,NA
1962-05-01,One year,NA,NA,NA
1962-04-01,One year,NA,NA,NA
1962-03-01,One year,NA,NA,NA
1962-02-01,One year,NA,NA,NA
1962-01-01,One year,NA,NA,NA
1961-12-01,One year,NA,NA,NA
1961-11-01,One year,NA,NA,NA
1961-10-01,One year,NA,NA,NA
1961-09-01,One year,NA,NA,NA
1961-08-01,One year,NA,NA,NA
1961-07-01,One year,NA,NA,NA
1961-06-01,One year,NA,NA,NA
1961-05-01,One year,NA,NA,NA
1961-04-01,One year,NA,NA,NA
1961-03-01,One year,NA,NA,NA
1961-02-01,One year,NA,NA,NA
1961-01-01,One year,NA,NA,NA
1960-12-01,One year,NA,NA,NA
1960-11-01,One year,NA,NA,NA
1960-10-01,One year,NA,NA,NA
1960-09-01,One year,NA,NA,NA
1960-08-01,One year,NA,NA,NA
1960-07-01,One year,NA,NA,NA
1960-06-01,One year,NA,NA,NA
1960-05-01,One year,NA,NA,NA
1960-04-01,One year,NA,NA,NA
1960-03-01,One year,NA,NA,NA
1960-02-01,One year,NA,NA,NA
1960-01-01,One year,NA,NA,NA
1959-12-01,One year,NA,NA,NA
1959-11-01,One year,NA,NA,NA
1959-10-01,One year,NA,NA,NA
1959-09-01,One year,NA,NA,NA
1959-08-01,One year,NA,NA,NA
1959-07-01,One year,NA,NA,NA
1959-06-01,One year,NA,NA,NA
1959-05-01,One year,NA,NA,NA
1959-04-01,One year,NA,NA,NA
1959-03-01,One year,NA,NA,NA
1959-02-01,One year,NA,NA,NA
1959-01-01,One year,NA,NA,NA
1958-12-01,One year,NA,NA,NA
1958-11-01,One year,NA,NA,NA
1958-10-01,One year,NA,NA,NA
1958-09-01,One year,NA,NA,NA
1958-08-01,One year,NA,NA,NA
1958-07-01,One year,NA,NA,NA
1958-06-01,One year,NA,NA,NA
1958-05-01,One year,NA,NA,NA
1958-04-01,One year,NA,NA,NA
1958-03-01,One year,NA,NA,NA
1958-02-01,One year,NA,NA,NA
1958-01-01,One year,NA,NA,NA
1957-12-01,One year,NA,NA,NA
1957-11-01,One year,NA,NA,NA
1957-10-01,One year,NA,NA,NA
1957-09-01,One year,NA,NA,NA
1957-08-01,One year,NA,NA,NA
1957-07-01,One year,NA,NA,NA
1957-06-01,One year,NA,NA,NA
1957-05-01,One year,NA,NA,NA
1957-04-01,One year,NA,NA,NA
1957-03-01,One year,NA,NA,NA
1957-02-01,One year,NA,NA,NA
1957-01-01,One year,NA,NA,NA
1956-12-01,One year,NA,NA,NA
1956-11-01,One year,NA,NA,NA
1956-10-01,One year,NA,NA,NA
1956-09-01,One year,NA,NA,NA
1956-08-01,One year,NA,NA,NA
1956-07-01,One year,NA,NA,NA
1956-06-01,One year,NA,NA,NA
1956-05-01,One year,NA,NA,NA
1956-04-01,One year,NA,NA,NA
1956-03-01,One year,NA,NA,NA
1956-02-01,One year,NA,NA,NA
1956-01-01,One year,NA,NA,NA
1955-12-01,One year,NA,NA,NA
1955-11-01,One year,NA,NA,NA
1955-10-01,One year,NA,NA,NA
1955-09-01,One year,NA,NA,NA
1955-08-01,One year,NA,NA,NA
1955-07-01,One year,NA,NA,NA
1955-06-01,One year,NA,NA,NA
1955-05-01,One year,NA,NA,NA
1955-04-01,One year,NA,NA,NA
1955-03-01,One year,NA,NA,NA
1955-02-01,One year,NA,NA,NA
1955-01-01,One year,NA,NA,NA
1954-12-01,One year,NA,NA,NA
1954-11-01,One year,NA,NA,NA
1954-10-01,One year,NA,NA,NA
1954-09-01,One year,NA,NA,NA
1954-08-01,One year,NA,NA,NA
1954-07-01,One year,NA,NA,NA
1954-06-01,One year,NA,NA,NA
1954-05-01,One year,NA,NA,NA
1954-04-01,One year,NA,NA,NA
1954-03-01,One year,NA,NA,NA
1954-02-01,One year,NA,NA,NA
1954-01-01,One year,NA,NA,NA
1953-12-01,One year,NA,NA,NA
1953-11-01,One year,NA,NA,NA
1953-10-01,One year,NA,NA,NA
1953-09-01,One year,NA,NA,NA
1953-08-01,One year,NA,NA,NA
1953-07-01,One year,NA,NA,NA
1953-06-01,One year,NA,NA,NA
1953-05-01,One year,NA,NA,NA
1953-04-01,One year,NA,NA,NA
1953-03-01,One year,NA,NA,NA
1953-02-01,One year,NA,NA,NA
1953-01-01,One year,NA,NA,NA
1952-12-01,One year,NA,NA,NA
1952-11-01,One year,NA,NA,NA
1952-10-01,One year,NA,NA,NA
1952-09-01,One year,NA,NA,NA
1952-08-01,One year,NA,NA,NA
1952-07-01,One year,NA,NA,NA
1952-06-01,One year,NA,NA,NA
1952-05-01,One year,NA,NA,NA
1952-04-01,One year,NA,NA,NA
1952-03-01,One year,NA,NA,NA
1952-02-01,One year,NA,NA,NA
1952-01-01,One year,NA,NA,NA
1951-12-01,One year,NA,NA,NA
1951-11-01,One year,NA,NA,NA
1951-10-01,One year,NA,NA,NA
1951-09-01,One year,NA,NA,NA
1951-08-01,One year,NA,NA,NA
1951-07-01,One year,NA,NA,NA
1951-06-01,One year,NA,NA,NA
1951-05-01,One year,NA,NA,NA
1951-04-01,One year,NA,NA,NA
1951-03-01,One year,NA,NA,NA
1951-02-01,One year,NA,NA,NA
1951-01-01,One year,NA,NA,NA
1950-12-01,One year,NA,NA,NA
1950-11-01,One year,NA,NA,NA
1950-10-01,One year,NA,NA,NA
1950-09-01,One year,NA,NA,NA
1950-08-01,One year,NA,NA,NA
1950-07-01,One year,NA,NA,NA
1950-06-01,One year,NA,NA,NA
1950-05-01,One year,NA,NA,NA
1950-04-01,One year,NA,NA,NA
1950-03-01,One year,NA,NA,NA
1950-02-01,One year,NA,NA,NA
1950-01-01,One year,NA,NA,NA
1949-12-01,One year,NA,NA,NA
1949-11-01,One year,NA,NA,NA
1949-10-01,One year,NA,NA,NA
1949-09-01,One year,NA,NA,NA
1949-08-01,One year,NA,NA,NA
1949-07-01,One year,NA,NA,NA
1949-06-01,One year,NA,NA,NA
1949-05-01,One year,NA,NA,NA
1949-04-01,One year,NA,NA,NA
1949-03-01,One year,NA,NA,NA
1949-02-01,One year,NA,NA,NA
1949-01-01,One year,NA,NA,NA
1948-12-01,One year,NA,NA,NA
1948-11-01,One year,NA,NA,NA
1948-10-01,One year,NA,NA,NA
1948-09-01,One year,NA,NA,NA
1948-08-01,One year,NA,NA,NA
1948-07-01,One year,NA,NA,NA
1948-06-01,One year,NA,NA,NA
1948-05-01,One year,NA,NA,NA
1948-04-01,One year,NA,NA,NA
1948-03-01,One year,NA,NA,NA
1948-02-01,One year,NA,NA,NA
1948-01-01,One year,NA,NA,NA
1947-12-01,One year,NA,NA,NA
1947-11-01,One year,NA,NA,NA
1947-10-01,One year,NA,NA,NA
1947-09-01,One year,NA,NA,NA
1947-08-01,One year,NA,NA,NA
1947-07-01,One year,NA,NA,NA
1947-06-01,One year,NA,NA,NA
1947-05-01,One year,NA,NA,NA
1947-04-01,One year,NA,NA,NA
1947-03-01,One year,NA,NA,NA
1947-02-01,One year,NA,NA,NA
1947-01-01,One year,NA,NA,NA
2026-06-01,Six months,3.360438847001146,2.9200188031785994,2.309530650493108
2026-05-01,Six months,3.787431612381642,2.7698734399425957,2.453896490184415
2026-04-01,Six months,4.241804717697861,2.5177873009081133,2.3771831652501296
2026-03-01,Six months,3.476255334546896,2.225867582224064,2.2412752159600258
2026-02-01,Six months,2.2069961427338303,2.2637753063137613,2.3060354193993104
2026-01-01,Six months,1.8873190815852148,1.817877367559187,2.149936036080824
2025-12-01,Six months,2.1773555298317593,1.6522695137229657,2.398020526753064
2025-11-01,Six months,2.549214904232966,1.7380165793865645,2.649159792648037
2025-10-01,Six months,1.8966486361528645,1.8475967637215627,2.097774466716351
2025-09-01,Six months,1.6130398112530475,1.921618513001846,2.266675647011085
2025-08-01,Six months,1.5543547058398888,2.2090699505875655,2.4775665438119043
2025-07-01,Six months,1.474951046928319,2.423953830724084,2.2352489916627194
2025-06-01,Six months,1.7264699137266248,2.588168078767075,2.2197786252203144
2025-05-01,Six months,1.669182369105826,2.3977528019793164,2.1018761387577856
2025-04-01,Six months,2.32930483437932,2.713144930243886,2.7231925910732313
2025-03-01,Six months,2.9138635833761306,2.808457511654314,2.522072503308115
2025-02-01,Six months,2.645361319231654,2.4501352198288187,2.215999210739983
2025-01-01,Six months,2.648348176945614,2.260055992916567,2.448846913234881
2024-12-01,Six months,2.241460390346295,1.958718402850547,2.4124087819682005
2024-11-01,Six months,2.079310284255498,2.1581344747528175,2.3971044278905618
2024-10-01,Six months,1.8746051366801408,2.358654589951687,2.59150614427901
2024-09-01,Six months,1.5456517844224082,1.912004808238834,2.4696833660779793
2024-08-01,Six months,1.8800270322738566,1.8667756879249962,2.706519413745867
2024-07-01,Six months,2.302948543256278,2.5271954113320003,2.798236033140644
2024-06-01,Six months,2.669886780216779,2.873786327158973,3.082388526196378
2024-05-01,Six months,2.440079221430169,2.625756931297894,3.089514231493795
2024-04-01,Six months,2.103561275417909,2.51008437563694,2.7756015336812156
2024-03-01,Six months,1.9369505888417349,2.6491846711844325,2.8654260254547204
2024-02-01,Six months,2.279665347302018,2.6226273024595432,2.7436463976359793
2024-01-01,Six months,2.779692799099842,2.822287542440522,2.7946992369781487
2023-12-01,Six months,2.3617912441930233,2.3457319304695194,2.6095546002548042
2023-11-01,Six months,2.642452635356274,2.568173869816055,2.550646867962203
2023-10-01,Six months,2.7488674876123165,2.973364445468148,2.662432176187801
2023-09-01,Six months,2.836438524342322,3.0687752434250015,2.8852380583835657
2023-08-01,Six months,2.759369506200393,3.396648029034428,3.2640403870887624
2023-07-01,Six months,2.7099332851861613,3.554063529306484,3.628216480578006
2023-06-01,Six months,3.5951718919424946,4.393497908020693,4.397955435265111
2023-05-01,Six months,2.437891707264628,4.657122782058377,4.972684751982115
2023-04-01,Six months,2.8966905416790922,5.132693190502746,5.53034659844327
2023-03-01,Six months,5.651838246976704,5.129334669370376,5.939102510703309
2023-02-01,Six months,7.337474513763187,5.878248720704733,6.66338513163105
2023-01-01,Six months,7.497319662900792,5.951473976554247,6.69706981718079
2022-12-01,Six months,7.336654122755459,5.8164403949184464,6.385602715838501
2022-11-01,Six months,9.856178319828146,5.1863972648849135,5.637796071794932
2022-10-01,Six months,11.142027282176524,5.687010329316219,5.663975645853281
2022-09-01,Six months,8.280681126187162,5.803042654698672,5.597476792694067
2022-08-01,Six months,9.820229670108095,5.432538950681767,4.690783787969144
2022-07-01,Six months,10.13863514802702,5.486773772318132,4.2897952752035895
2022-06-01,Six months,11.182031449513952,5.3807600964499605,4.121865809058356
2022-05-01,Six months,10.31512017823002,5.559296981618799,4.434973542088949
2022-04-01,Six months,10.092933322609877,5.346536840005509,4.360611834600858
2022-03-01,Six months,11.626000756032706,4.293123718376257,3.9275398451577015
2022-02-01,Six months,8.338465456869892,3.6897609799159783,3.7488088726288504
2022-01-01,Six months,7.423426352873186,3.1744804181802198,3.5223271534073897
2021-12-01,Six months,6.1689314526332195,3.0637666435454762,3.3220722992631124
2021-11-01,Six months,5.8617300007134165,2.499100401400165,3.116817595642618
2021-10-01,Six months,4.809184841998659,2.2716205404474588,2.5352253531643942
2021-09-01,Six months,3.5352360785315895,2.2054758262421656,2.1623510133403023
2021-08-01,Six months,3.395593960793364,2.124518526615912,1.6244802680178694
2021-07-01,Six months,2.831545662663304,1.7975908534451261,1.018511948328471
2021-06-01,Six months,3.880257202740389,2.750092389562967,2.035154582059251
2021-05-01,Six months,3.6862144862548796,2.5579865567806475,1.8723993746457834
2021-04-01,Six months,3.414329168757324,2.3497684362445113,1.7088705777517088
2021-03-01,Six months,3.3952610054587495,2.078350778978926,1.8285871449208901
2021-02-01,Six months,2.9210000675857106,2.0146504619959984,2.0892680787306883
2021-01-01,Six months,1.867969961376259,1.2506092250009995,0.9534275487808719
2020-12-01,Six months,0.17157910933589537,-0.07285463396454474,0.023278822012784417
2020-11-01,Six months,0.29484013488429994,-0.16426941575414075,-0.023292377490469196
2020-10-01,Six months,-0.07356096115986865,-0.1275052673884685,-0.09317493088424333
2020-09-01,Six months,-0.8789019879524074,-0.1915533478432529,-0.18643668749581677
2020-08-01,Six months,-1.2658100277148088,0.05809821407595694,-0.1399743208854498
2020-07-01,Six months,-0.39029112666142396,1.3179727978704507,1.4777258306066132
2020-06-01,Six months,-0.6825086703828975,1.0347081784970786,0.4906248112545697
2020-05-01,Six months,-0.853810815353373,1.0984145093474036,0.537916354250334
2020-04-01,Six months,-0.39124549853716273,1.0974336299790677,0.6085416033924096
2020-03-01,Six months,0.31884215471802424,1.2070357699645007,0.7031503016684315
2020-02-01,Six months,0.8354798448402478,1.2967513183669248,0.7745995358503066
2020-01-01,Six months,1.1327168972743218,1.130647211088057,0.8229934146898321
2019-12-01,Six months,1.2072573162643874,1.2155398584932886,1.200766217020388
2019-11-01,Six months,1.0099079982372139,1.1021094786683268,1.2732717824535555
2019-10-01,Six months,0.986308913591305,1.2222727895211176,1.1075026021533763
2019-09-01,Six months,1.2366936678624096,1.382442475241823,1.4187574008124537
2019-08-01,Six months,1.5127815498552133,1.4459779916031057,1.5163863792722054
2019-07-01,Six months,1.489737402803959,1.3579995524888573,1.2075898410227381
2019-06-01,Six months,1.4400807846165264,1.6607657655496828,1.327628903555933
2019-05-01,Six months,0.8157682047392534,1.5628628650431937,1.1617471175717764
2019-04-01,Six months,0.6177782306959534,1.5034681333401028,1.2093078818973035
2019-03-01,Six months,0.5695524918282624,1.2986669923719754,0.829822772550326
2019-02-01,Six months,0.720360337407322,1.1561689895861766,0.6642135701318219
2019-01-01,Six months,0.7212561350585567,1.1874446471133278,0.759731362727667
2018-12-01,Six months,1.0221186325539477,0.6899145723859651,0.8082696239634535
2018-11-01,Six months,1.7495294292514618,0.8109830959499617,0.5936466630521942
2018-10-01,Six months,2.5137279940369517,1.1123507697000146,0.9523755790138422
2018-09-01,Six months,2.4424658945167765,1.3114514976895242,1.001185654020298
2018-08-01,Six months,2.0646566178448733,1.2503875955310209,1.0261850351202195
2018-07-01,Six months,1.8117397118887268,1.3279732575095669,1.050864530649509
2018-06-01,Six months,2.0962996515239585,1.8224234688043073,1.1003385674639876
2018-05-01,Six months,2.1749490310582154,1.7577490359622205,1.341141771164156
2018-04-01,Six months,2.0546105543890247,1.7732097186317275,1.3920389392658494
2018-03-01,Six months,1.7752633349516378,1.3419041483819714,0.9097391507787878
2018-02-01,Six months,1.9829185696927265,1.3004574456981066,0.8865948368107945
2018-01-01,Six months,2.4229179613621588,1.2150419925183324,1.0080339517870796
2017-12-01,Six months,1.8855490125616603,0.9746824641498572,0.8885109742652997
2017-11-01,Six months,1.577985305397478,0.8431996617812353,0.913237270458378
2017-10-01,Six months,0.7103872129532229,0.7880243195385915,0.4559902889491152
2017-09-01,Six months,0.8640366464506721,1.1180998166737828,1.0350776565128061
2017-08-01,Six months,0.32967707306688077,1.2323390665232035,1.157593158170167
2017-07-01,Six months,0.22855684248497266,1.3723552217881014,1.0131403187154442
2017-06-01,Six months,0.8935935687025998,1.354058346279945,1.0139964138153879
2017-05-01,Six months,1.564580287630113,1.5614426355982143,1.0878024775681894
2017-04-01,Six months,2.057294721919334,1.6481113339538802,1.3560808982460593
2017-03-01,Six months,2.2169988921808326,1.348764757049901,1.2602881003747068
2017-02-01,Six months,2.609203840404972,1.1878350490422263,1.1398683196647719
2017-01-01,Six months,2.297736951863083,1.2394884911318889,1.1650387174827914
2016-12-01,Six months,1.520107036016527,NA,1.0925563848061648
2016-11-01,Six months,1.3419204812951557,NA,0.9224371608270721
2016-10-01,Six months,1.4483194387354015,NA,0.7767903819831501
2016-09-01,Six months,1.189849854568581,NA,0.6067579066710627
2016-08-01,Six months,1.321999781686789,NA,0.534174113631658
2016-07-01,Six months,1.1913906845916866,NA,0.5833726081628576
2016-06-01,Six months,0.7225782956835181,NA,0.6814290341987439
2016-05-01,Six months,-0.12847689301332954,NA,0.6815949117784603
2016-04-01,Six months,-0.4110464500775013,NA,0.7308136473240134
2016-03-01,Six months,-0.41136349255975757,NA,0.9764375149297511
2016-02-01,Six months,-0.8981798352851178,NA,1.0016428067413985
2016-01-01,Six months,-0.9231903409821496,NA,1.0519161928828957
2015-12-01,Six months,-0.6409007399405753,NA,0.8804066119458387
2015-11-01,Six months,-0.1283944144445992,NA,0.9298861026763916
2015-10-01,Six months,0.12870839777721077,NA,1.0044648189395433
2015-09-01,Six months,0.2062120859909422,NA,0.8824568097708818
2015-08-01,Six months,0.6720932362123122,NA,0.7104773401740205
2015-07-01,Six months,1.5865543370291668,NA,0.8841907127573823
2015-06-01,Six months,1.506081118737712,NA,1.4055681175766832
2015-05-01,Six months,0.8270835810137322,NA,1.481095616377992
2015-04-01,Six months,0.38712138789540607,NA,1.5325447235009948
2015-03-01,Six months,-0.1029733488164819,NA,1.2840959999999901
2015-02-01,Six months,-0.23185411148828328,NA,1.408694420422707
2015-01-01,Six months,-0.9261591485112852,NA,1.2616610994631738
2014-12-01,Six months,-0.6436232236381345,NA,0.7661386891177235
2014-11-01,Six months,0.10325244536943945,NA,0.7170651452576227
2014-10-01,Six months,0.0515862771922837,NA,0.37039291714593414
2014-09-01,Six months,0.30971719749037785,NA,0.49413142815171174
2014-08-01,Six months,0.02578150166541171,NA,0.5191906721536022
2014-07-01,Six months,0.15489864724247404,NA,0.5944995576552925
2014-06-01,Six months,0.3360690451448711,NA,0.7441373324618139
2014-05-01,Six months,0.5701685998911188,NA,0.7445990675111869
2014-04-01,Six months,0.7260445503372015,NA,1.1194638844908233
2014-03-01,Six months,0.3101975648049926,NA,1.019450115839149
2014-02-01,Six months,0.5435827689900252,NA,1.145551609082185
2014-01-01,Six months,0.4401574072226966,NA,0.7711893827391458
2013-12-01,Six months,0.6228089268675685,NA,0.671848810806619
2013-11-01,Six months,0.5196146099631926,NA,0.7473815559532415
2013-10-01,Six months,0.4936019000740366,NA,0.5980549840360894
2013-09-01,Six months,0.8317053210031844,NA,0.6980781604729813
2013-08-01,Six months,0.9109198857116141,NA,0.824532709230863
2013-07-01,Six months,1.0688837589904798,NA,0.8495713960926521
2013-06-01,Six months,1.1762298414087935,NA,0.9003330856951264
2013-05-01,Six months,1.0987491125205473,NA,1.0526243274708635
2013-04-01,Six months,0.9669986226859439,NA,1.0532842709499057
2013-03-01,Six months,1.336025537020502,NA,1.306847161256397
2013-02-01,Six months,1.6296222691263518,NA,1.1823053089080604
2013-01-01,Six months,2.059351909292406,NA,1.2330805209099793
2012-12-01,Six months,2.010531719566222,NA,1.3866837327340509
2012-11-01,Six months,1.744383656509707,NA,1.3126200600662496
2012-10-01,Six months,1.743231835175374,NA,1.4155536803100999
2012-09-01,Six months,1.9067367418910797,NA,1.3154424814656451
2012-08-01,Six months,2.0465945811016573,NA,1.3682851239668947
2012-07-01,Six months,1.9724968162725398,NA,1.4967763049474447
2012-06-01,Six months,2.4663953001379024,NA,1.653390105489172
2012-05-01,Six months,2.684444444444467,NA,1.5783870204549189
2012-04-01,Six months,3.2597047940648105,NA,1.5544138603163171
2012-03-01,Six months,3.2948509356354405,NA,1.685148433049899
2012-02-01,Six months,3.1119178902834443,NA,1.5842349579819448
2012-01-01,Six months,2.7891154506966,NA,1.7929970793486572
2011-12-01,Six months,2.3314927964777965,NA,1.563377340473493
2011-11-01,Six months,2.1955027765292012,NA,1.6169131553690486
2011-10-01,Six months,1.9522316023752317,NA,1.6185747761461755
2011-09-01,Six months,2.0950386924662334,NA,1.5692087850845748
2011-08-01,Six months,2.3777782506493317,NA,1.5187375211471288
2011-07-01,Six months,2.5487159052074437,NA,1.3133188385707983
2011-06-01,Six months,3.088621717238471,NA,1.5756941766295496
2011-05-01,Six months,3.7411046033507755,NA,1.4208954563139198
2011-04-01,Six months,4.001830689122388,NA,1.422365279727078
2011-03-01,Six months,3.6709520758648972,NA,1.4243912591050956
2011-02-01,Six months,3.11395289803702,NA,1.4516984499245211
2011-01-01,Six months,2.8367387423130275,NA,1.479250663021947
2010-12-01,Six months,2.084580196427943,NA,1.1941742585639625
2010-11-01,Six months,1.5836386347654274,NA,1.3259523763317516
2010-10-01,Six months,1.2218714779945072,NA,1.1960372119357077
2010-09-01,Six months,1.6460628863208537,NA,1.1452275214846486
2010-08-01,Six months,2.1302835895617767,NA,1.093741866782083
2010-07-01,Six months,1.9900009802960472,NA,0.9898350728934302
2010-06-01,Six months,2.335153797251688,NA,0.9121068170859781
2010-05-01,Six months,2.2512310147087877,NA,0.9131777030579213
2010-04-01,Six months,2.5965614677664117,NA,0.9924201420824952
2010-03-01,Six months,1.8879470618182959,NA,0.9409252935207002
2010-02-01,Six months,1.0680081656746276,NA,0.915207363736581
2010-01-01,Six months,1.5232502908244294,NA,1.0739232804752863
2009-12-01,Six months,0.5617966477106329,NA,0.9690246552737092
2009-11-01,Six months,1.0434957202569484,NA,0.8118869325868916
2009-10-01,Six months,0.7898417843518635,NA,0.8652860371294757
2009-09-01,Six months,0.9320008946122282,NA,0.8925011545487083
2009-08-01,Six months,0.9030573622069715,NA,0.9988109933072753
2009-07-01,Six months,0.7346683417166711,NA,1.0001253749444716
2009-06-01,Six months,1.2171708796369973,NA,1.1064193999599903
2009-05-01,Six months,-0.1404987532896529,NA,1.2132290483819697
2009-04-01,Six months,-1.1166858319466066,NA,1.3478539753832397
2009-03-01,Six months,-1.5594303024268452,NA,1.509812435981317
2009-02-01,Six months,-1.2827530360538186,NA,1.5382349502398807
2009-01-01,Six months,-1.9728587870405434,NA,1.6209129437675829
2008-12-01,Six months,-1.5066748890910753,NA,1.675837024691873
2008-11-01,Six months,0.1970581547688255,NA,1.8393483308183134
2008-10-01,Six months,2.1331974512055263,NA,1.8425408708083513
2008-09-01,Six months,2.942910357045525,NA,1.6834496200548443
2008-08-01,Six months,3.7681003641574007,NA,1.9025499795047862
2008-07-01,Six months,4.413466240060959,NA,1.715556433123755
2008-06-01,Six months,4.726390627350208,NA,1.9894659879690524
2008-05-01,Six months,4.088611963854549,NA,1.9656211192789597
2008-04-01,Six months,4.171996792293453,NA,1.9690673199921127
2008-03-01,Six months,4.303735873136505,NA,2.0534454850271278
2008-02-01,Six months,3.840450067339196,NA,1.8111411421936952
2008-01-01,Six months,3.724842343820356,NA,1.7577920537610092
2007-12-01,Six months,3.228913713256265,NA,1.6246687822708328
2007-11-01,Six months,3.234134754211082,NA,1.435420741733684
2007-10-01,Six months,2.440548329648773,NA,1.4379521115904792
2007-09-01,Six months,2.628940411859615,NA,1.5775630325318923
2007-08-01,Six months,2.6355574528652115,NA,1.634404967955172
2007-07-01,Six months,2.7887700191228104,NA,1.8563622400756374
2007-06-01,Six months,2.885683100243286,NA,2.1372187073995574
2007-05-01,Six months,2.799150092781355,NA,2.278112620015804
2007-04-01,Six months,2.5920713066577727,NA,2.1983404740309576
2007-03-01,Six months,1.633838538566601,NA,2.0633612942582813
2007-02-01,Six months,0.8884896383481555,NA,2.1501797398901346
2007-01-01,Six months,0.8301179930674918,NA,1.9576291681605573
2006-12-01,Six months,0.9219967596791223,NA,1.6276717273101982
2006-11-01,Six months,1.0431342882107675,NA,1.7138596113598803
2006-10-01,Six months,1.3455780570160503,NA,1.7162316492210339
2006-09-01,Six months,2.195258253265142,NA,1.5785950059452825
2006-08-01,Six months,2.805928544375713,NA,1.581441798150518
2006-07-01,Six months,2.9019050597429707,NA,1.5825394540733395
2006-06-01,Six months,2.8487740222194358,NA,1.4161573129644944
2006-05-01,Six months,2.6681666424734685,NA,1.3063581944960934
2006-04-01,Six months,1.781769411647316,NA,1.280076023245602
2006-03-01,Six months,1.298589647909476,NA,1.3655523665194735
2006-02-01,Six months,1.7915076893946669,NA,1.2271534903802062
2006-01-01,Six months,1.9796976590771953,NA,1.3972165476657583
2005-12-01,Six months,2.0471549253901378,NA,1.4545263600084013
2005-11-01,Six months,2.2667376378131987,NA,1.343205886225629
2005-10-01,Six months,2.793204620626044,NA,1.316604639665564
2005-09-01,Six months,3.174161798705466,NA,1.403294664443333
2005-08-01,Six months,2.9348871367206986,NA,1.3197470470955652
2005-07-01,Six months,2.910966022116268,NA,1.1515950315686085
2005-06-01,Six months,2.4140263962798336,NA,1.180926080888689
2005-05-01,Six months,2.229723981075993,NA,1.3238360276182304
2005-04-01,Six months,2.042658502632122,NA,1.3823095799015306
2005-03-01,Six months,2.0174862398760984,NA,1.2135640043841711
2005-02-01,Six months,1.457232174819878,NA,1.2429259260463343
2005-01-01,Six months,1.460855626574764,NA,1.5297228389786532
2004-12-01,Six months,1.6191547497654613,NA,1.5599282418840454
2004-11-01,Six months,1.6524780686990814,NA,1.6771792009191433
2004-10-01,Six months,2.222676114167177,NA,1.50683782758545
2004-09-01,Six months,2.1336079588405,NA,1.738726069396912
2004-08-01,Six months,2.775018050074074,NA,1.826967654419498
2004-07-01,Six months,2.524356371231784,NA,1.801894399805981
2004-06-01,Six months,2.94777787106999,NA,2.1822760156501753
2004-05-01,Six months,2.7571800146413583,NA,1.9822831865697887
2004-04-01,Six months,2.4733487890110872,NA,2.1002088296594223
2004-03-01,Six months,2.0921925193041035,NA,1.8997848355906122
2004-02-01,Six months,1.9381549469605908,NA,2.077866581201726
2004-01-01,Six months,2.1021881189550395,NA,1.8475360021138698
2003-12-01,Six months,1.8179996214973793,NA,1.501784042234422
2003-11-01,Six months,2.0777835572998615,NA,1.561798499830802
2003-10-01,Six months,1.723830986097652,NA,1.6515475909130828
2003-09-01,Six months,1.305614712748926,NA,1.59452440130885
2003-08-01,Six months,1.373676106573729,NA,1.5979989582077136
2003-07-01,Six months,1.5708663995813055,NA,1.5993930245007837
2003-06-01,Six months,2.1289725798436354,NA,1.660447916642993
2003-05-01,Six months,2.132411761699826,NA,1.662627384529225
2003-04-01,Six months,2.2298740973992093,NA,1.754096073383149
2003-03-01,Six months,2.8197305439744857,NA,1.8740441638255945
2003-02-01,Six months,2.6295445114077776,NA,1.6701784325013236
2003-01-01,Six months,2.405635734449918,NA,1.7905272925454518
2002-12-01,Six months,1.8543728732650422,NA,1.9127058869492952
2002-11-01,Six months,1.5278120931098593,NA,1.975042596422849
2002-10-01,Six months,1.6594526784353025,NA,1.8294102940694446
2002-09-01,Six months,2.09213034569371,NA,2.0418205290908986
2002-08-01,Six months,2.0633207488755634,NA,2.0442401608733674
2002-07-01,Six months,1.8345235959174477,NA,2.0171547889697328
2002-06-01,Six months,2.742994283932476,NA,2.4151198590005585
2002-05-01,Six months,3.0133260053919697,NA,2.510362593522708
2002-04-01,Six months,2.879932266055585,NA,2.6663500035430943
2002-03-01,Six months,2.181393430824463,NA,2.6421321250683416
2002-02-01,Six months,2.2530770880094364,NA,2.737333103977879
2002-01-01,Six months,2.2212335373643866,NA,2.8641048597782603
2001-12-01,Six months,0.9920574198525545,NA,2.506130658696204
2001-11-01,Six months,1.0267383221745696,NA,2.388246298038843
2001-10-01,Six months,2.0016184294347372,NA,2.331665188024412
2001-09-01,Six months,2.6826441710412263,NA,2.2443947839990486
2001-08-01,Six months,2.6546775039318904,NA,2.1863914989718625
2001-07-01,Six months,3.034729278560011,NA,1.912960532101926
2001-06-01,Six months,2.898400703897286,NA,1.6710686828969257
2001-05-01,Six months,2.6962053733794678,NA,1.735259502061881
2001-04-01,Six months,2.261722738367422,NA,1.6766722553821944
2001-03-01,Six months,1.7207613398295463,NA,1.6488271740233928
2001-02-01,Six months,2.3093142911269293,NA,1.651095779040146
2001-01-01,Six months,2.1768069713488547,NA,1.9003406517687615
2000-12-01,Six months,2.384112481686329,NA,1.5921366396694392
2000-11-01,Six months,2.9775049139751264,NA,1.4090805070658963
2000-10-01,Six months,2.7405376950702554,NA,1.1945678607168997
2000-09-01,Six months,2.4984063353232555,NA,0.9185499853732404
2000-08-01,Six months,1.9180929791097423,NA,0.7656353649982739
2000-07-01,Six months,1.7131776800681342,NA,0.27512405802376794
2000-06-01,Six months,1.8537195634406256,NA,0.428330548597855
2000-05-01,Six months,1.755409218196613,NA,0.45945264583855394
2000-04-01,Six months,1.7581323210047017,NA,0.644417205071357
2000-03-01,Six months,1.9673357344071274,NA,0.5521461900920066
2000-02-01,Six months,1.6216418086701712,NA,0.2756718196237351
2000-01-01,Six months,1.7629943104540802,NA,0.49057108670396143
1999-12-01,Six months,1.871061309159483,NA,0.6757775278276368
1999-11-01,Six months,1.385025059523226,NA,0.6147211590399326
1999-10-01,Six months,0.9680151012830152,NA,0.3686632818832969
1999-09-01,Six months,1.4583140895945368,NA,0.46107677292972493
1999-08-01,Six months,1.5996964043034634,NA,0.7386863173989733
1999-07-01,Six months,1.3559167275383643,NA,0.708071367130203
1999-06-01,Six months,0.8328959352336129,NA,0.3381751487464113
1999-05-01,Six months,0.7285950413223219,NA,0.27677391241609506
1999-04-01,Six months,0.7979845199545865,NA,0.27681647660642295
1999-03-01,Six months,0.13852812192489683,NA,0.24607803678866613
1999-02-01,Six months,-0.13840828791512605,NA,0.18458694734542203
1999-01-01,Six months,-0.034641032042903586,NA,0.40070854527169963
1998-12-01,Six months,0.13867219690009147,NA,0.5861923428958749
1998-11-01,Six months,0.34722196103682545,NA,0.7727349372957493
1998-10-01,Six months,0.73113169449599,NA,1.1157514783513678
1998-09-01,Six months,1.0115920626411645,NA,1.272390030439352
1998-08-01,Six months,0.9411712843571785,NA,1.2101356043518585
1998-07-01,Six months,0.9068666536938386,NA,1.243189308571968
1998-06-01,Six months,0.6617308897576502,NA,1.1496837127201065
1998-05-01,Six months,0.5923848009340871,NA,1.1826850217360851
1998-04-01,Six months,0.45331647951181164,NA,0.9964129663832866
1998-03-01,Six months,0.2440086239055228,NA,0.6528310948819449
1998-02-01,Six months,0.4536328471767215,NA,0.6215991251389497
1998-01-01,Six months,0.9109973983680408,NA,0.5288115830584639
1997-12-01,Six months,1.369967353454471,NA,0.7477774244113
1997-11-01,Six months,1.4064524936785672,NA,0.5609213057882867
1997-10-01,Six months,1.4435162348847674,NA,0.5301308246207892
1997-09-01,Six months,1.2660327633631674,NA,0.6236342855016064
1997-08-01,Six months,0.947778819783407,NA,0.654866886938632
1997-07-01,Six months,0.3505079682768031,NA,0.6555824170587865
1997-06-01,Six months,NA,NA,NA
1997-05-01,Six months,NA,NA,NA
1997-04-01,Six months,NA,NA,NA
1997-03-01,Six months,NA,NA,NA
1997-02-01,Six months,NA,NA,NA
1997-01-01,Six months,NA,NA,NA
1996-12-01,Six months,NA,NA,NA
1996-11-01,Six months,NA,NA,NA
1996-10-01,Six months,NA,NA,NA
1996-09-01,Six months,NA,NA,NA
1996-08-01,Six months,NA,NA,NA
1996-07-01,Six months,NA,NA,NA
1996-06-01,Six months,NA,NA,NA
1996-05-01,Six months,NA,NA,NA
1996-04-01,Six months,NA,NA,NA
1996-03-01,Six months,NA,NA,NA
1996-02-01,Six months,NA,NA,NA
1996-01-01,Six months,NA,NA,NA
1995-12-01,Six months,NA,NA,NA
1995-11-01,Six months,NA,NA,NA
1995-10-01,Six months,NA,NA,NA
1995-09-01,Six months,NA,NA,NA
1995-08-01,Six months,NA,NA,NA
1995-07-01,Six months,NA,NA,NA
1995-06-01,Six months,NA,NA,NA
1995-05-01,Six months,NA,NA,NA
1995-04-01,Six months,NA,NA,NA
1995-03-01,Six months,NA,NA,NA
1995-02-01,Six months,NA,NA,NA
1995-01-01,Six months,NA,NA,NA
1994-12-01,Six months,NA,NA,NA
1994-11-01,Six months,NA,NA,NA
1994-10-01,Six months,NA,NA,NA
1994-09-01,Six months,NA,NA,NA
1994-08-01,Six months,NA,NA,NA
1994-07-01,Six months,NA,NA,NA
1994-06-01,Six months,NA,NA,NA
1994-05-01,Six months,NA,NA,NA
1994-04-01,Six months,NA,NA,NA
1994-03-01,Six months,NA,NA,NA
1994-02-01,Six months,NA,NA,NA
1994-01-01,Six months,NA,NA,NA
1993-12-01,Six months,NA,NA,NA
1993-11-01,Six months,NA,NA,NA
1993-10-01,Six months,NA,NA,NA
1993-09-01,Six months,NA,NA,NA
1993-08-01,Six months,NA,NA,NA
1993-07-01,Six months,NA,NA,NA
1993-06-01,Six months,NA,NA,NA
1993-05-01,Six months,NA,NA,NA
1993-04-01,Six months,NA,NA,NA
1993-03-01,Six months,NA,NA,NA
1993-02-01,Six months,NA,NA,NA
1993-01-01,Six months,NA,NA,NA
1992-12-01,Six months,NA,NA,NA
1992-11-01,Six months,NA,NA,NA
1992-10-01,Six months,NA,NA,NA
1992-09-01,Six months,NA,NA,NA
1992-08-01,Six months,NA,NA,NA
1992-07-01,Six months,NA,NA,NA
1992-06-01,Six months,NA,NA,NA
1992-05-01,Six months,NA,NA,NA
1992-04-01,Six months,NA,NA,NA
1992-03-01,Six months,NA,NA,NA
1992-02-01,Six months,NA,NA,NA
1992-01-01,Six months,NA,NA,NA
1991-12-01,Six months,NA,NA,NA
1991-11-01,Six months,NA,NA,NA
1991-10-01,Six months,NA,NA,NA
1991-09-01,Six months,NA,NA,NA
1991-08-01,Six months,NA,NA,NA
1991-07-01,Six months,NA,NA,NA
1991-06-01,Six months,NA,NA,NA
1991-05-01,Six months,NA,NA,NA
1991-04-01,Six months,NA,NA,NA
1991-03-01,Six months,NA,NA,NA
1991-02-01,Six months,NA,NA,NA
1991-01-01,Six months,NA,NA,NA
1990-12-01,Six months,NA,NA,NA
1990-11-01,Six months,NA,NA,NA
1990-10-01,Six months,NA,NA,NA
1990-09-01,Six months,NA,NA,NA
1990-08-01,Six months,NA,NA,NA
1990-07-01,Six months,NA,NA,NA
1990-06-01,Six months,NA,NA,NA
1990-05-01,Six months,NA,NA,NA
1990-04-01,Six months,NA,NA,NA
1990-03-01,Six months,NA,NA,NA
1990-02-01,Six months,NA,NA,NA
1990-01-01,Six months,NA,NA,NA
1989-12-01,Six months,NA,NA,NA
1989-11-01,Six months,NA,NA,NA
1989-10-01,Six months,NA,NA,NA
1989-09-01,Six months,NA,NA,NA
1989-08-01,Six months,NA,NA,NA
1989-07-01,Six months,NA,NA,NA
1989-06-01,Six months,NA,NA,NA
1989-05-01,Six months,NA,NA,NA
1989-04-01,Six months,NA,NA,NA
1989-03-01,Six months,NA,NA,NA
1989-02-01,Six months,NA,NA,NA
1989-01-01,Six months,NA,NA,NA
1988-12-01,Six months,NA,NA,NA
1988-11-01,Six months,NA,NA,NA
1988-10-01,Six months,NA,NA,NA
1988-09-01,Six months,NA,NA,NA
1988-08-01,Six months,NA,NA,NA
1988-07-01,Six months,NA,NA,NA
1988-06-01,Six months,NA,NA,NA
1988-05-01,Six months,NA,NA,NA
1988-04-01,Six months,NA,NA,NA
1988-03-01,Six months,NA,NA,NA
1988-02-01,Six months,NA,NA,NA
1988-01-01,Six months,NA,NA,NA
1987-12-01,Six months,NA,NA,NA
1987-11-01,Six months,NA,NA,NA
1987-10-01,Six months,NA,NA,NA
1987-09-01,Six months,NA,NA,NA
1987-08-01,Six months,NA,NA,NA
1987-07-01,Six months,NA,NA,NA
1987-06-01,Six months,NA,NA,NA
1987-05-01,Six months,NA,NA,NA
1987-04-01,Six months,NA,NA,NA
1987-03-01,Six months,NA,NA,NA
1987-02-01,Six months,NA,NA,NA
1987-01-01,Six months,NA,NA,NA
1986-12-01,Six months,NA,NA,NA
1986-11-01,Six months,NA,NA,NA
1986-10-01,Six months,NA,NA,NA
1986-09-01,Six months,NA,NA,NA
1986-08-01,Six months,NA,NA,NA
1986-07-01,Six months,NA,NA,NA
1986-06-01,Six months,NA,NA,NA
1986-05-01,Six months,NA,NA,NA
1986-04-01,Six months,NA,NA,NA
1986-03-01,Six months,NA,NA,NA
1986-02-01,Six months,NA,NA,NA
1986-01-01,Six months,NA,NA,NA
1985-12-01,Six months,NA,NA,NA
1985-11-01,Six months,NA,NA,NA
1985-10-01,Six months,NA,NA,NA
1985-09-01,Six months,NA,NA,NA
1985-08-01,Six months,NA,NA,NA
1985-07-01,Six months,NA,NA,NA
1985-06-01,Six months,NA,NA,NA
1985-05-01,Six months,NA,NA,NA
1985-04-01,Six months,NA,NA,NA
1985-03-01,Six months,NA,NA,NA
1985-02-01,Six months,NA,NA,NA
1985-01-01,Six months,NA,NA,NA
1984-12-01,Six months,NA,NA,NA
1984-11-01,Six months,NA,NA,NA
1984-10-01,Six months,NA,NA,NA
1984-09-01,Six months,NA,NA,NA
1984-08-01,Six months,NA,NA,NA
1984-07-01,Six months,NA,NA,NA
1984-06-01,Six months,NA,NA,NA
1984-05-01,Six months,NA,NA,NA
1984-04-01,Six months,NA,NA,NA
1984-03-01,Six months,NA,NA,NA
1984-02-01,Six months,NA,NA,NA
1984-01-01,Six months,NA,NA,NA
1983-12-01,Six months,NA,NA,NA
1983-11-01,Six months,NA,NA,NA
1983-10-01,Six months,NA,NA,NA
1983-09-01,Six months,NA,NA,NA
1983-08-01,Six months,NA,NA,NA
1983-07-01,Six months,NA,NA,NA
1983-06-01,Six months,NA,NA,NA
1983-05-01,Six months,NA,NA,NA
1983-04-01,Six months,NA,NA,NA
1983-03-01,Six months,NA,NA,NA
1983-02-01,Six months,NA,NA,NA
1983-01-01,Six months,NA,NA,NA
1982-12-01,Six months,NA,NA,NA
1982-11-01,Six months,NA,NA,NA
1982-10-01,Six months,NA,NA,NA
1982-09-01,Six months,NA,NA,NA
1982-08-01,Six months,NA,NA,NA
1982-07-01,Six months,NA,NA,NA
1982-06-01,Six months,NA,NA,NA
1982-05-01,Six months,NA,NA,NA
1982-04-01,Six months,NA,NA,NA
1982-03-01,Six months,NA,NA,NA
1982-02-01,Six months,NA,NA,NA
1982-01-01,Six months,NA,NA,NA
1981-12-01,Six months,NA,NA,NA
1981-11-01,Six months,NA,NA,NA
1981-10-01,Six months,NA,NA,NA
1981-09-01,Six months,NA,NA,NA
1981-08-01,Six months,NA,NA,NA
1981-07-01,Six months,NA,NA,NA
1981-06-01,Six months,NA,NA,NA
1981-05-01,Six months,NA,NA,NA
1981-04-01,Six months,NA,NA,NA
1981-03-01,Six months,NA,NA,NA
1981-02-01,Six months,NA,NA,NA
1981-01-01,Six months,NA,NA,NA
1980-12-01,Six months,NA,NA,NA
1980-11-01,Six months,NA,NA,NA
1980-10-01,Six months,NA,NA,NA
1980-09-01,Six months,NA,NA,NA
1980-08-01,Six months,NA,NA,NA
1980-07-01,Six months,NA,NA,NA
1980-06-01,Six months,NA,NA,NA
1980-05-01,Six months,NA,NA,NA
1980-04-01,Six months,NA,NA,NA
1980-03-01,Six months,NA,NA,NA
1980-02-01,Six months,NA,NA,NA
1980-01-01,Six months,NA,NA,NA
1979-12-01,Six months,NA,NA,NA
1979-11-01,Six months,NA,NA,NA
1979-10-01,Six months,NA,NA,NA
1979-09-01,Six months,NA,NA,NA
1979-08-01,Six months,NA,NA,NA
1979-07-01,Six months,NA,NA,NA
1979-06-01,Six months,NA,NA,NA
1979-05-01,Six months,NA,NA,NA
1979-04-01,Six months,NA,NA,NA
1979-03-01,Six months,NA,NA,NA
1979-02-01,Six months,NA,NA,NA
1979-01-01,Six months,NA,NA,NA
1978-12-01,Six months,NA,NA,NA
1978-11-01,Six months,NA,NA,NA
1978-10-01,Six months,NA,NA,NA
1978-09-01,Six months,NA,NA,NA
1978-08-01,Six months,NA,NA,NA
1978-07-01,Six months,NA,NA,NA
1978-06-01,Six months,NA,NA,NA
1978-05-01,Six months,NA,NA,NA
1978-04-01,Six months,NA,NA,NA
1978-03-01,Six months,NA,NA,NA
1978-02-01,Six months,NA,NA,NA
1978-01-01,Six months,NA,NA,NA
1977-12-01,Six months,NA,NA,NA
1977-11-01,Six months,NA,NA,NA
1977-10-01,Six months,NA,NA,NA
1977-09-01,Six months,NA,NA,NA
1977-08-01,Six months,NA,NA,NA
1977-07-01,Six months,NA,NA,NA
1977-06-01,Six months,NA,NA,NA
1977-05-01,Six months,NA,NA,NA
1977-04-01,Six months,NA,NA,NA
1977-03-01,Six months,NA,NA,NA
1977-02-01,Six months,NA,NA,NA
1977-01-01,Six months,NA,NA,NA
1976-12-01,Six months,NA,NA,NA
1976-11-01,Six months,NA,NA,NA
1976-10-01,Six months,NA,NA,NA
1976-09-01,Six months,NA,NA,NA
1976-08-01,Six months,NA,NA,NA
1976-07-01,Six months,NA,NA,NA
1976-06-01,Six months,NA,NA,NA
1976-05-01,Six months,NA,NA,NA
1976-04-01,Six months,NA,NA,NA
1976-03-01,Six months,NA,NA,NA
1976-02-01,Six months,NA,NA,NA
1976-01-01,Six months,NA,NA,NA
1975-12-01,Six months,NA,NA,NA
1975-11-01,Six months,NA,NA,NA
1975-10-01,Six months,NA,NA,NA
1975-09-01,Six months,NA,NA,NA
1975-08-01,Six months,NA,NA,NA
1975-07-01,Six months,NA,NA,NA
1975-06-01,Six months,NA,NA,NA
1975-05-01,Six months,NA,NA,NA
1975-04-01,Six months,NA,NA,NA
1975-03-01,Six months,NA,NA,NA
1975-02-01,Six months,NA,NA,NA
1975-01-01,Six months,NA,NA,NA
1974-12-01,Six months,NA,NA,NA
1974-11-01,Six months,NA,NA,NA
1974-10-01,Six months,NA,NA,NA
1974-09-01,Six months,NA,NA,NA
1974-08-01,Six months,NA,NA,NA
1974-07-01,Six months,NA,NA,NA
1974-06-01,Six months,NA,NA,NA
1974-05-01,Six months,NA,NA,NA
1974-04-01,Six months,NA,NA,NA
1974-03-01,Six months,NA,NA,NA
1974-02-01,Six months,NA,NA,NA
1974-01-01,Six months,NA,NA,NA
1973-12-01,Six months,NA,NA,NA
1973-11-01,Six months,NA,NA,NA
1973-10-01,Six months,NA,NA,NA
1973-09-01,Six months,NA,NA,NA
1973-08-01,Six months,NA,NA,NA
1973-07-01,Six months,NA,NA,NA
1973-06-01,Six months,NA,NA,NA
1973-05-01,Six months,NA,NA,NA
1973-04-01,Six months,NA,NA,NA
1973-03-01,Six months,NA,NA,NA
1973-02-01,Six months,NA,NA,NA
1973-01-01,Six months,NA,NA,NA
1972-12-01,Six months,NA,NA,NA
1972-11-01,Six months,NA,NA,NA
1972-10-01,Six months,NA,NA,NA
1972-09-01,Six months,NA,NA,NA
1972-08-01,Six months,NA,NA,NA
1972-07-01,Six months,NA,NA,NA
1972-06-01,Six months,NA,NA,NA
1972-05-01,Six months,NA,NA,NA
1972-04-01,Six months,NA,NA,NA
1972-03-01,Six months,NA,NA,NA
1972-02-01,Six months,NA,NA,NA
1972-01-01,Six months,NA,NA,NA
1971-12-01,Six months,NA,NA,NA
1971-11-01,Six months,NA,NA,NA
1971-10-01,Six months,NA,NA,NA
1971-09-01,Six months,NA,NA,NA
1971-08-01,Six months,NA,NA,NA
1971-07-01,Six months,NA,NA,NA
1971-06-01,Six months,NA,NA,NA
1971-05-01,Six months,NA,NA,NA
1971-04-01,Six months,NA,NA,NA
1971-03-01,Six months,NA,NA,NA
1971-02-01,Six months,NA,NA,NA
1971-01-01,Six months,NA,NA,NA
1970-12-01,Six months,NA,NA,NA
1970-11-01,Six months,NA,NA,NA
1970-10-01,Six months,NA,NA,NA
1970-09-01,Six months,NA,NA,NA
1970-08-01,Six months,NA,NA,NA
1970-07-01,Six months,NA,NA,NA
1970-06-01,Six months,NA,NA,NA
1970-05-01,Six months,NA,NA,NA
1970-04-01,Six months,NA,NA,NA
1970-03-01,Six months,NA,NA,NA
1970-02-01,Six months,NA,NA,NA
1970-01-01,Six months,NA,NA,NA
1969-12-01,Six months,NA,NA,NA
1969-11-01,Six months,NA,NA,NA
1969-10-01,Six months,NA,NA,NA
1969-09-01,Six months,NA,NA,NA
1969-08-01,Six months,NA,NA,NA
1969-07-01,Six months,NA,NA,NA
1969-06-01,Six months,NA,NA,NA
1969-05-01,Six months,NA,NA,NA
1969-04-01,Six months,NA,NA,NA
1969-03-01,Six months,NA,NA,NA
1969-02-01,Six months,NA,NA,NA
1969-01-01,Six months,NA,NA,NA
1968-12-01,Six months,NA,NA,NA
1968-11-01,Six months,NA,NA,NA
1968-10-01,Six months,NA,NA,NA
1968-09-01,Six months,NA,NA,NA
1968-08-01,Six months,NA,NA,NA
1968-07-01,Six months,NA,NA,NA
1968-06-01,Six months,NA,NA,NA
1968-05-01,Six months,NA,NA,NA
1968-04-01,Six months,NA,NA,NA
1968-03-01,Six months,NA,NA,NA
1968-02-01,Six months,NA,NA,NA
1968-01-01,Six months,NA,NA,NA
1967-12-01,Six months,NA,NA,NA
1967-11-01,Six months,NA,NA,NA
1967-10-01,Six months,NA,NA,NA
1967-09-01,Six months,NA,NA,NA
1967-08-01,Six months,NA,NA,NA
1967-07-01,Six months,NA,NA,NA
1967-06-01,Six months,NA,NA,NA
1967-05-01,Six months,NA,NA,NA
1967-04-01,Six months,NA,NA,NA
1967-03-01,Six months,NA,NA,NA
1967-02-01,Six months,NA,NA,NA
1967-01-01,Six months,NA,NA,NA
1966-12-01,Six months,NA,NA,NA
1966-11-01,Six months,NA,NA,NA
1966-10-01,Six months,NA,NA,NA
1966-09-01,Six months,NA,NA,NA
1966-08-01,Six months,NA,NA,NA
1966-07-01,Six months,NA,NA,NA
1966-06-01,Six months,NA,NA,NA
1966-05-01,Six months,NA,NA,NA
1966-04-01,Six months,NA,NA,NA
1966-03-01,Six months,NA,NA,NA
1966-02-01,Six months,NA,NA,NA
1966-01-01,Six months,NA,NA,NA
1965-12-01,Six months,NA,NA,NA
1965-11-01,Six months,NA,NA,NA
1965-10-01,Six months,NA,NA,NA
1965-09-01,Six months,NA,NA,NA
1965-08-01,Six months,NA,NA,NA
1965-07-01,Six months,NA,NA,NA
1965-06-01,Six months,NA,NA,NA
1965-05-01,Six months,NA,NA,NA
1965-04-01,Six months,NA,NA,NA
1965-03-01,Six months,NA,NA,NA
1965-02-01,Six months,NA,NA,NA
1965-01-01,Six months,NA,NA,NA
1964-12-01,Six months,NA,NA,NA
1964-11-01,Six months,NA,NA,NA
1964-10-01,Six months,NA,NA,NA
1964-09-01,Six months,NA,NA,NA
1964-08-01,Six months,NA,NA,NA
1964-07-01,Six months,NA,NA,NA
1964-06-01,Six months,NA,NA,NA
1964-05-01,Six months,NA,NA,NA
1964-04-01,Six months,NA,NA,NA
1964-03-01,Six months,NA,NA,NA
1964-02-01,Six months,NA,NA,NA
1964-01-01,Six months,NA,NA,NA
1963-12-01,Six months,NA,NA,NA
1963-11-01,Six months,NA,NA,NA
1963-10-01,Six months,NA,NA,NA
1963-09-01,Six months,NA,NA,NA
1963-08-01,Six months,NA,NA,NA
1963-07-01,Six months,NA,NA,NA
1963-06-01,Six months,NA,NA,NA
1963-05-01,Six months,NA,NA,NA
1963-04-01,Six months,NA,NA,NA
1963-03-01,Six months,NA,NA,NA
1963-02-01,Six months,NA,NA,NA
1963-01-01,Six months,NA,NA,NA
1962-12-01,Six months,NA,NA,NA
1962-11-01,Six months,NA,NA,NA
1962-10-01,Six months,NA,NA,NA
1962-09-01,Six months,NA,NA,NA
1962-08-01,Six months,NA,NA,NA
1962-07-01,Six months,NA,NA,NA
1962-06-01,Six months,NA,NA,NA
1962-05-01,Six months,NA,NA,NA
1962-04-01,Six months,NA,NA,NA
1962-03-01,Six months,NA,NA,NA
1962-02-01,Six months,NA,NA,NA
1962-01-01,Six months,NA,NA,NA
1961-12-01,Six months,NA,NA,NA
1961-11-01,Six months,NA,NA,NA
1961-10-01,Six months,NA,NA,NA
1961-09-01,Six months,NA,NA,NA
1961-08-01,Six months,NA,NA,NA
1961-07-01,Six months,NA,NA,NA
1961-06-01,Six months,NA,NA,NA
1961-05-01,Six months,NA,NA,NA
1961-04-01,Six months,NA,NA,NA
1961-03-01,Six months,NA,NA,NA
1961-02-01,Six months,NA,NA,NA
1961-01-01,Six months,NA,NA,NA
1960-12-01,Six months,NA,NA,NA
1960-11-01,Six months,NA,NA,NA
1960-10-01,Six months,NA,NA,NA
1960-09-01,Six months,NA,NA,NA
1960-08-01,Six months,NA,NA,NA
1960-07-01,Six months,NA,NA,NA
1960-06-01,Six months,NA,NA,NA
1960-05-01,Six months,NA,NA,NA
1960-04-01,Six months,NA,NA,NA
1960-03-01,Six months,NA,NA,NA
1960-02-01,Six months,NA,NA,NA
1960-01-01,Six months,NA,NA,NA
1959-12-01,Six months,NA,NA,NA
1959-11-01,Six months,NA,NA,NA
1959-10-01,Six months,NA,NA,NA
1959-09-01,Six months,NA,NA,NA
1959-08-01,Six months,NA,NA,NA
1959-07-01,Six months,NA,NA,NA
1959-06-01,Six months,NA,NA,NA
1959-05-01,Six months,NA,NA,NA
1959-04-01,Six months,NA,NA,NA
1959-03-01,Six months,NA,NA,NA
1959-02-01,Six months,NA,NA,NA
1959-01-01,Six months,NA,NA,NA
1958-12-01,Six months,NA,NA,NA
1958-11-01,Six months,NA,NA,NA
1958-10-01,Six months,NA,NA,NA
1958-09-01,Six months,NA,NA,NA
1958-08-01,Six months,NA,NA,NA
1958-07-01,Six months,NA,NA,NA
1958-06-01,Six months,NA,NA,NA
1958-05-01,Six months,NA,NA,NA
1958-04-01,Six months,NA,NA,NA
1958-03-01,Six months,NA,NA,NA
1958-02-01,Six months,NA,NA,NA
1958-01-01,Six months,NA,NA,NA
1957-12-01,Six months,NA,NA,NA
1957-11-01,Six months,NA,NA,NA
1957-10-01,Six months,NA,NA,NA
1957-09-01,Six months,NA,NA,NA
1957-08-01,Six months,NA,NA,NA
1957-07-01,Six months,NA,NA,NA
1957-06-01,Six months,NA,NA,NA
1957-05-01,Six months,NA,NA,NA
1957-04-01,Six months,NA,NA,NA
1957-03-01,Six months,NA,NA,NA
1957-02-01,Six months,NA,NA,NA
1957-01-01,Six months,NA,NA,NA
1956-12-01,Six months,NA,NA,NA
1956-11-01,Six months,NA,NA,NA
1956-10-01,Six months,NA,NA,NA
1956-09-01,Six months,NA,NA,NA
1956-08-01,Six months,NA,NA,NA
1956-07-01,Six months,NA,NA,NA
1956-06-01,Six months,NA,NA,NA
1956-05-01,Six months,NA,NA,NA
1956-04-01,Six months,NA,NA,NA
1956-03-01,Six months,NA,NA,NA
1956-02-01,Six months,NA,NA,NA
1956-01-01,Six months,NA,NA,NA
1955-12-01,Six months,NA,NA,NA
1955-11-01,Six months,NA,NA,NA
1955-10-01,Six months,NA,NA,NA
1955-09-01,Six months,NA,NA,NA
1955-08-01,Six months,NA,NA,NA
1955-07-01,Six months,NA,NA,NA
1955-06-01,Six months,NA,NA,NA
1955-05-01,Six months,NA,NA,NA
1955-04-01,Six months,NA,NA,NA
1955-03-01,Six months,NA,NA,NA
1955-02-01,Six months,NA,NA,NA
1955-01-01,Six months,NA,NA,NA
1954-12-01,Six months,NA,NA,NA
1954-11-01,Six months,NA,NA,NA
1954-10-01,Six months,NA,NA,NA
1954-09-01,Six months,NA,NA,NA
1954-08-01,Six months,NA,NA,NA
1954-07-01,Six months,NA,NA,NA
1954-06-01,Six months,NA,NA,NA
1954-05-01,Six months,NA,NA,NA
1954-04-01,Six months,NA,NA,NA
1954-03-01,Six months,NA,NA,NA
1954-02-01,Six months,NA,NA,NA
1954-01-01,Six months,NA,NA,NA
1953-12-01,Six months,NA,NA,NA
1953-11-01,Six months,NA,NA,NA
1953-10-01,Six months,NA,NA,NA
1953-09-01,Six months,NA,NA,NA
1953-08-01,Six months,NA,NA,NA
1953-07-01,Six months,NA,NA,NA
1953-06-01,Six months,NA,NA,NA
1953-05-01,Six months,NA,NA,NA
1953-04-01,Six months,NA,NA,NA
1953-03-01,Six months,NA,NA,NA
1953-02-01,Six months,NA,NA,NA
1953-01-01,Six months,NA,NA,NA
1952-12-01,Six months,NA,NA,NA
1952-11-01,Six months,NA,NA,NA
1952-10-01,Six months,NA,NA,NA
1952-09-01,Six months,NA,NA,NA
1952-08-01,Six months,NA,NA,NA
1952-07-01,Six months,NA,NA,NA
1952-06-01,Six months,NA,NA,NA
1952-05-01,Six months,NA,NA,NA
1952-04-01,Six months,NA,NA,NA
1952-03-01,Six months,NA,NA,NA
1952-02-01,Six months,NA,NA,NA
1952-01-01,Six months,NA,NA,NA
1951-12-01,Six months,NA,NA,NA
1951-11-01,Six months,NA,NA,NA
1951-10-01,Six months,NA,NA,NA
1951-09-01,Six months,NA,NA,NA
1951-08-01,Six months,NA,NA,NA
1951-07-01,Six months,NA,NA,NA
1951-06-01,Six months,NA,NA,NA
1951-05-01,Six months,NA,NA,NA
1951-04-01,Six months,NA,NA,NA
1951-03-01,Six months,NA,NA,NA
1951-02-01,Six months,NA,NA,NA
1951-01-01,Six months,NA,NA,NA
1950-12-01,Six months,NA,NA,NA
1950-11-01,Six months,NA,NA,NA
1950-10-01,Six months,NA,NA,NA
1950-09-01,Six months,NA,NA,NA
1950-08-01,Six months,NA,NA,NA
1950-07-01,Six months,NA,NA,NA
1950-06-01,Six months,NA,NA,NA
1950-05-01,Six months,NA,NA,NA
1950-04-01,Six months,NA,NA,NA
1950-03-01,Six months,NA,NA,NA
1950-02-01,Six months,NA,NA,NA
1950-01-01,Six months,NA,NA,NA
1949-12-01,Six months,NA,NA,NA
1949-11-01,Six months,NA,NA,NA
1949-10-01,Six months,NA,NA,NA
1949-09-01,Six months,NA,NA,NA
1949-08-01,Six months,NA,NA,NA
1949-07-01,Six months,NA,NA,NA
1949-06-01,Six months,NA,NA,NA
1949-05-01,Six months,NA,NA,NA
1949-04-01,Six months,NA,NA,NA
1949-03-01,Six months,NA,NA,NA
1949-02-01,Six months,NA,NA,NA
1949-01-01,Six months,NA,NA,NA
1948-12-01,Six months,NA,NA,NA
1948-11-01,Six months,NA,NA,NA
1948-10-01,Six months,NA,NA,NA
1948-09-01,Six months,NA,NA,NA
1948-08-01,Six months,NA,NA,NA
1948-07-01,Six months,NA,NA,NA
1948-06-01,Six months,NA,NA,NA
1948-05-01,Six months,NA,NA,NA
1948-04-01,Six months,NA,NA,NA
1948-03-01,Six months,NA,NA,NA
1948-02-01,Six months,NA,NA,NA
1948-01-01,Six months,NA,NA,NA
1947-12-01,Six months,NA,NA,NA
1947-11-01,Six months,NA,NA,NA
1947-10-01,Six months,NA,NA,NA
1947-09-01,Six months,NA,NA,NA
1947-08-01,Six months,NA,NA,NA
1947-07-01,Six months,NA,NA,NA
1947-06-01,Six months,NA,NA,NA
1947-05-01,Six months,NA,NA,NA
1947-04-01,Six months,NA,NA,NA
1947-03-01,Six months,NA,NA,NA
1947-02-01,Six months,NA,NA,NA
1947-01-01,Six months,NA,NA,NA
2026-06-01,Three months,1.4967736024674272,2.677362471313368,2.2626009313376994
2026-05-01,Three months,5.231350743575369,2.6767207282840313,2.5069669136222217
2026-04-01,Three months,6.570527823880612,3.005504166102601,3.0397838160642676
2026-03-01,Three months,5.258324372834489,2.4294091954708925,2.3564819063444986
2026-02-01,Three months,2.3633250412539164,2.2121252208859787,2.400853542633663
2026-01-01,Three months,1.963967643666864,1.4517751731357582,1.718843389276703
2025-12-01,Three months,1.7243574972179543,1.1182441265388308,2.1261981957367393
2025-11-01,Three months,2.0509059891402615,1.20697297257132,2.211305093055249
2025-10-01,Three months,1.8107281379173834,1.6246298498491356,2.5828556882257825
2025-09-01,Three months,2.6323708493825038,1.2215178381831318,2.6705663487143427
2025-08-01,Three months,3.0499570341262716,1.0367805823693925,3.088890182388604
2025-07-01,Three months,1.9826416447431772,1.2869736675684393,1.6149870377699438
2025-06-01,Three months,0.6038326332341359,1.9845300816015894,1.8643737911155478
2025-05-01,Three months,0.08045861003285193,2.6573701289662193,1.8698680930746336
2025-04-01,Three months,0.9697878374901769,3.0052423797867274,2.859297049383902
2025-03-01,Three months,2.8616346937245796,2.872007987773483,2.5764234669097164
2025-02-01,Three months,3.2831262682311735,2.2305527494897217,2.3344125814465544
2025-01-01,Three months,3.707127172939595,1.8591196291095424,2.587268227553241
2024-12-01,Three months,2.966118992700739,2.326627667691997,2.4677503380126975
2024-11-01,Three months,2.011534517196445,2.2865939890916587,2.097722858715767
2024-10-01,Three months,1.600378591962337,2.28654069800872,2.310612371218701
2024-09-01,Three months,1.5219018159924325,1.225575811830346,2.357097115209017
2024-08-01,Three months,2.147131081071496,1.649441480642821,2.697363874861747
2024-07-01,Three months,2.1495718380673656,1.3574664087136599,2.8731711111569913
2024-06-01,Three months,1.5694073089047578,1.993351874875346,2.582393454611731
2024-05-01,Three months,1.61362143258712,2.308086207031686,2.7156757688524102
2024-04-01,Three months,2.456555542251304,2.99548749310408,2.7233555394815534
2024-03-01,Three months,3.782289675115358,2.7800081163201757,3.584820615120776
2024-02-01,Three months,3.2732588696765763,2.4138173678692736,3.4647132965467176
2024-01-01,Three months,1.7517831821299623,2.215920588383998,2.827874100649086
2023-12-01,Three months,0.12442323137071831,2.135937173044429,2.1510276173967835
2023-11-01,Three months,1.2956312026261463,2.0494783570069637,2.0276047624711246
2023-10-01,Three months,3.8179864913911565,2.2709926468732364,2.7615350763542823
2023-09-01,Three months,4.64915520668725,2.133636020956488,3.070139780655312
2023-08-01,Three months,4.007181335656851,2.1665482811301287,3.076370336450718
2023-07-01,Three months,1.6907582855342218,2.307855021228945,2.5634248505455037
2023-06-01,Three months,1.0551214434940004,2.827746144303208,2.700668038843279
2023-05-01,Three months,1.5265281272621722,3.9004965190699963,3.452052126591032
2023-04-01,Three months,3.7393227595595713,4.567525579607668,4.7040625505049505
2023-03-01,Three months,6.199067261741886,5.5559359516666404,6.1232931312717565
2023-02-01,Three months,3.357436238495093,5.181917686390962,6.515669022738058
2023-01-01,Three months,2.060902681711574,4.324613412211193,6.36315136115857
2022-12-01,Three months,5.107429027171273,5.003911175080362,5.755231576640152
2022-11-01,Three months,11.470774182203304,5.363176869414824,6.811306093472136
2022-10-01,Three months,13.223315011680237,5.661964449994336,7.032036583015633
2022-09-01,Three months,9.61315888803349,5.649266119018709,7.019731284028441
2022-08-01,Three months,8.264969034050562,3.814975274248267,4.477179121285402
2022-07-01,Three months,9.098998091671916,5.056291266970099,4.313400975303683
2022-06-01,Three months,6.9644012095980035,4.729382041960838,4.194123562032348
2022-05-01,Three months,11.397832118735728,6.793310061288123,4.904825171589744
2022-04-01,Three months,11.1881792175339,6.795489605513944,4.266194916977795
2022-03-01,Three months,15.565963792180915,5.529490053269553,4.049658166231462
2022-02-01,Three months,9.242931468956183,4.703027180687574,3.9672263015273046
2022-01-01,Three months,9.008476016713796,3.7988435092098327,4.455114250254644
2021-12-01,Three months,7.820361946644949,3.61752476110658,3.805564848767573
2021-11-01,Three months,7.4414878813902074,2.3545965255106482,3.5308503015354376
2021-10-01,Three months,5.861424276969296,1.8718825206926386,2.597869871469527
2021-09-01,Three months,4.542795092561569,1.7277839595081805,2.840831700757307
2021-08-01,Three months,4.305199971872797,1.4421130344502824,2.704440657871565
2021-07-01,Three months,3.7674044371805993,1.4663601134297468,2.4726190845390628
2021-06-01,Three months,2.5373876826829678,2.1690592995666576,1.4883465250708827
2021-05-01,Three months,2.493920278069739,2.432664151486856,0.5558759055781959
2021-04-01,Three months,1.9041272230525985,2.0117590422490053,-0.41496111428795945
2021-03-01,Three months,5.240713464460045,2.9343830686435908,2.584908780761719
2021-02-01,Three months,4.892378448616785,2.2066400103933113,3.2061593704602487
2021-01-01,Three months,4.946912052103758,2.0843666838892654,3.8779968351857708
2020-12-01,Three months,1.5821695469326214,0.9524147754318554,1.0778415964757482
2020-11-01,Three months,0.9866723548555001,0.7608638295450549,0.984463722171891
2020-10-01,Three months,-1.1206418450895206,-0.025093853934605947,-1.8888037471778696
2020-09-01,Three months,-1.2194235857316493,-0.6860517165150012,-1.0202815148464994
2020-08-01,Three months,-0.3922525307533453,-0.33180187644167175,-1.020991758337153
2020-07-01,Three months,0.9846079637720218,0.26961052698512994,1.7353174419559192
2020-06-01,Three months,-0.5372065262135739,1.180021613991501,0.6544327829508756
2020-05-01,Three months,-2.131706446899817,1.3782048567259015,0.7488850998198959
2020-04-01,Three months,-1.746471052392462,1.6442333883286917,1.2207864356154285
2020-03-01,Three months,-0.8275985471066338,1.4087983033044968,0.3270834254487376
2020-02-01,Three months,0.44077068232843963,0.9394434032365993,0.3273893784489612
2020-01-01,Three months,0.9826728831635156,0.9688500946388616,0
2019-12-01,Three months,1.4785358005426907,1.2024535012396373,1.080626830103193
2019-11-01,Three months,1.231740123715519,1.271626279196493,1.2238031361801127
2019-10-01,Three months,1.2829838526633441,1.7753599667391116,1.6527600109858875
2019-09-01,Three months,0.9367040298366325,1.2454291698044129,1.321048395615354
2019-08-01,Three months,0.7885619800987342,1.1066401657700062,1.3227646043347807
2019-07-01,Three months,0.6905029854441969,0.5484977769272346,0.5651699111726805
2019-06-01,Three months,1.5375748921925725,1.416767201869734,1.5165606317391278
2019-05-01,Three months,2.242205023456645,1.396536628865574,1.7103781539018703
2019-04-01,Three months,2.2953157715290384,2.1954973759293543,1.8541136108666034
2019-03-01,Three months,1.3426802887012368,1.878111784409145,1.1390487948296668
2019-02-01,Three months,-0.5907676151946761,1.396798033342824,0.6160754254058709
2019-01-01,Three months,-1.0322494268186988,0.9247079300278495,0.5685842112109096
2018-12-01,Three months,-0.19767723141371762,0.6735678759932685,0.5215421885956584
2018-11-01,Three months,2.0487810149087737,1.0505761869781658,0.7123747457797425
2018-10-01,Three months,2.5058302191334425,1.2490395444786726,0.9512418208756701
2018-09-01,Three months,2.256822986709772,0.6165819919880703,1.0958149200643197
2018-08-01,Three months,1.451155379911806,0.6823300323268287,0.47505854681499926
2018-07-01,Three months,2.5216263774409775,0.6146376243587962,0.9535093498850067
2018-06-01,Three months,2.628445829117809,1.7943249121562301,0.9066449643233776
2018-05-01,Three months,2.6818678556053577,1.8374593525074179,1.5803345662630752
2018-04-01,Three months,1.1067684880411433,1.359449834502446,1.1483135965228985
2018-03-01,Three months,1.5669127435657737,1.5327136682685012,1.294403971806779
2018-02-01,Three months,1.6705327583252716,1.3075164668305914,1.1025122070633886
2018-01-01,Three months,3.0113383224182,1.3129277791177576,1.6363515586581334
2017-12-01,Three months,1.9840413290000747,0.9917523702884914,0.5265350918337797
2017-11-01,Three months,2.296264195988895,1.4669020441617935,0.6711385857703478
2017-10-01,Three months,1.8378587693477444,1.050947297865305,0.3836006147570181
2017-09-01,Three months,1.787151816264232,0.7781794325946167,1.2517902592198205
2017-08-01,Three months,0.8647498498594031,0.29291582982759584,1.1559181654397177
2017-07-01,Three months,-0.4046018332448109,0.914575751761095,0.5284321655417701
2017-06-01,Three months,-0.05070672396059184,1.4318442215032599,0.8188288910579988
2017-05-01,Three months,-0.20255722073836413,1.8520271718185746,1.1592681786360526
2017-04-01,Three months,0.8657407032738762,1.9368301620779418,1.500185541996446
2017-03-01,Three months,1.8468154156209504,1.6726793727239553,1.2095417465747715
2017-02-01,Three months,3.363008928181177,1.4673053425186529,1.0163872646712813
2017-01-01,Three months,3.262924887425478,1.088091702573778,1.2121808467162154
2016-12-01,Three months,2.5885278777363574,NA,1.311059898341127
2016-11-01,Three months,1.8608960975324162,NA,1.2635003162168479
2016-10-01,Three months,1.3415705286389246,NA,1.1179185458865648
2016-09-01,Three months,0.46281339456593074,NA,0.8745241306329143
2016-08-01,Three months,0.8255890170393965,NA,0.582522732032742
2016-07-01,Three months,1.555180793603994,NA,0.4368130371025014
2016-06-01,Three months,1.9221477839281187,NA,0.33970245434660207
2016-05-01,Three months,1.8208546049274688,NA,0.48584873573827014
2016-04-01,Three months,0.828903741428566,NA,0.7301460421209383
2016-03-01,Three months,-0.46287289748569993,NA,1.0243194310895154
2016-02-01,Three months,-2.0404889900945578,NA,0.8777224008683859
2016-01-01,Three months,-1.6357482711226279,NA,0.7314812569517715
2015-12-01,Three months,-0.35982743206449674,NA,0.9285782930867015
2015-11-01,Three months,0.25744982502406977,NA,1.1257154391578261
2015-10-01,Three months,-0.20547058838197296,NA,1.373370458093004
2015-09-01,Three months,-0.9211811727908081,NA,0.8322579224185223
2015-08-01,Three months,-0.5127537191039977,NA,0.734435988520965
2015-07-01,Three months,0.46400643921373774,NA,0.6369016563159802
2015-06-01,Three months,1.3464336725120818,NA,0.9326806884142114
2015-05-01,Three months,1.8710511691664822,NA,0.686524390144938
2015-04-01,Three months,2.7216451726345348,NA,1.1320874178487594
2015-03-01,Three months,1.6659800519290613,NA,1.8806711078353189
2015-02-01,Three months,-0.20618549845951017,NA,2.2819372292132822
2015-01-01,Three months,-1.8943463803405614,NA,1.934587738078486
2014-12-01,Three months,-1.8411475633247965,NA,0.6910142128840446
2014-11-01,Three months,-0.25751612212689956,NA,0.5429070140595904
2014-10-01,Three months,0.0515829507623522,NA,0.5931768220817535
2014-09-01,Three months,0.5685107463421213,NA,0.8413192149103521
2014-08-01,Three months,0.4653259127863407,NA,0.8915249491997512
2014-07-01,Three months,0.05158960362223741,NA,0.14810241215894582
2014-06-01,Three months,0.05158960362223741,NA,0.1481389783860365
2014-05-01,Three months,-0.41183986498632974,NA,0.14823047299887815
2014-04-01,Three months,0.25831436341561265,NA,1.0428864603881705
2014-03-01,Three months,0.621357354902119,NA,1.3436825725974266
2014-02-01,Three months,1.5618603506509565,NA,1.3445189529333934
2014-01-01,Three months,1.1959568159137124,NA,1.196099344364998
2013-12-01,Three months,0,NA,0.6962549875393576
2013-11-01,Three months,-0.46448537745843455,NA,0.9469748932030342
2013-10-01,Three months,-0.3099971835907267,NA,0.348063565726231
2013-09-01,Three months,1.2494967633289944,NA,0.6474485495020721
2013-08-01,Three months,1.5134443183684398,NA,0.5481828565844893
2013-07-01,Three months,1.3036787795962068,NA,0.8486691917353406
2013-06-01,Three months,0.4156378347943468,NA,0.7487332401223679
2013-05-01,Three months,0.3119716856847088,NA,1.1016420906811542
2013-04-01,Three months,0.8346329308797529,NA,0.8504736085211517
2013-03-01,Three months,1.9425829048964394,NA,1.0521610484107935
2013-02-01,Three months,1.89169747497826,NA,1.0036303298598837
2013-01-01,Three months,1.0995380710265623,NA,1.2565027863447709
2012-12-01,Three months,0.7330771795310387,NA,1.5621751704791187
2012-11-01,Three months,1.36822114580748,NA,1.361296363210518
2012-10-01,Three months,3.028277981122285,NA,1.2096636734236998
2012-09-01,Three months,3.304186401079856,NA,1.2114955303684338
2012-08-01,Three months,2.1219420507823106,NA,1.2639671325354263
2012-07-01,Three months,0.4742137509370359,NA,1.621862527585849
2012-06-01,Three months,0.5281911137779538,NA,1.4194961889010482
2012-05-01,Three months,1.9713027041866171,NA,1.4727105795205864
2012-04-01,Three months,3.493122451507946,NA,1.3718440507829888
2012-03-01,Three months,4.441968461572432,NA,1.8878234288607798
2012-02-01,Three months,3.402573579471335,NA,1.6841735157093973
2012-01-01,Three months,3.026813585157795,NA,1.7373124764888281
2011-12-01,Three months,2.160332546211219,NA,1.4828765978184277
2011-11-01,Three months,2.822079209093853,NA,1.4843946231634098
2011-10-01,Three months,2.551965721074523,NA,1.8487121604559675
2011-09-01,Three months,2.502939810016769,NA,1.6439419399069566
2011-08-01,Three months,1.5727445708362264,NA,1.7496047305479046
2011-07-01,Three months,1.3560047885881943,NA,1.3889574103474578
2011-06-01,Three months,1.6887607802794413,NA,1.4945305774072493
2011-05-01,Three months,3.1891923746295125,NA,1.2883941434460144
2011-04-01,Three months,3.755462300848089,NA,1.237736694966296
2011-03-01,Three months,4.5077533250935,NA,1.656922681121098
2011-02-01,Three months,4.295968760478619,NA,1.55357010195174
2011-01-01,Three months,4.248784081611312,NA,1.6073305740530897
2010-12-01,Three months,2.840851155639923,NA,1.1923917326136957
2010-11-01,Three months,1.9453331573791033,NA,1.3499289886274912
2010-10-01,Three months,1.4438194969811802,NA,1.3513322015979545
2010-09-01,Three months,1.333870701919082,NA,1.1959568159137124
2010-08-01,Three months,1.2232273776395797,NA,1.3019814362445148
2010-07-01,Three months,1.0004090570795432,NA,1.040980172118755
2010-06-01,Three months,1.9592168810168786,NA,1.0945236575311323
2010-05-01,Three months,3.045467886241826,NA,0.885930361190379
2010-04-01,Three months,2.9892888263671535,NA,0.9387158623834768
2010-03-01,Three months,2.712476841875011,NA,0.7300191329835393
2010-02-01,Three months,1.4631158312135906,NA,0.9404324039064882
2010-01-01,Three months,2.2053316899330655,NA,1.0461529950562598
2009-12-01,Three months,1.0700362376967254,NA,1.1522730444490703
2009-11-01,Three months,0.6744390894653174,NA,0.8899886273107782
2009-10-01,Three months,0.8457208561517326,NA,1.1017011979389313
2009-09-01,Three months,0.05611278532140496,NA,0.7861082405674624
2009-08-01,Three months,1.4139052545060649,NA,0.7338456985172215
2009-07-01,Three months,0.7339936753994802,NA,0.6294237070598063
2009-06-01,Three months,1.815556501256732,NA,0.9990063801605276
2009-05-01,Three months,0.3947827419696015,NA,1.264473239622932
2009-04-01,Three months,0.7353430125524252,NA,1.3721926446731203
2009-03-01,Three months,0.6223020619759545,NA,1.2139466541191801
2009-02-01,Three months,-0.672926252839745,NA,1.162010788911938
2009-01-01,Three months,-2.9346649503189437,NA,1.3235211496170907
2008-12-01,Three months,-3.693857486841312,NA,1.8065430844331765
2008-11-01,Three months,-1.888835737302208,NA,1.9158582990538742
2008-10-01,Three months,-1.001522227609386,NA,1.9191776041412867
2008-09-01,Three months,0.7301802175051275,NA,1.545298774145687
2008-08-01,Three months,2.3272992254884883,NA,1.762895799917219
2008-07-01,Three months,5.367175903345589,NA,1.7659617634201208
2008-06-01,Three months,5.204247325838729,NA,1.8217884181040755
2008-05-01,Three months,5.2291884442085435,NA,2.0423958133266362
2008-04-01,Three months,3.4683888867346857,NA,1.6651760689091022
2008-03-01,Three months,4.250704440320052,NA,2.157419685054607
2008-02-01,Three months,2.960398162779576,NA,1.888904189002849
2008-01-01,Three months,4.880389387070805,NA,2.2738669439916093
2007-12-01,Three months,4.356794282584731,NA,1.9495771082899127
2007-11-01,Three months,4.7280241976141335,NA,1.7334374452371737
2007-10-01,Three months,2.5820268414897596,NA,1.2443212822587757
2007-09-01,Three months,2.1132231942969204,NA,1.3007959232278044
2007-08-01,Three months,1.7615548474503306,NA,1.1382770447636803
2007-07-01,Three months,2.2992649413584587,NA,1.6319532619199162
2007-06-01,Three months,3.1472622308653664,NA,1.8550863060110778
2007-05-01,Three months,3.517066631419863,NA,2.132966617757015
2007-04-01,Three months,3.280617393493901,NA,2.081266725676212
2007-03-01,Three months,2.6247673283968043,NA,2.4201325984003486
2007-02-01,Three months,2.0862124834462703,NA,2.4234648961415584
2007-01-01,Three months,1.908115584651493,NA,2.315548490533037
2006-12-01,Three months,0.6524780029899535,NA,1.7078327708101249
2006-11-01,Three months,-0.2951809662095739,NA,1.8776237600700574
2006-10-01,Three months,-0.2364763967127259,NA,1.600961915910526
2006-09-01,Three months,1.19223721107109,NA,1.547573862748619
2006-08-01,Three months,2.39941344585628,NA,1.5503587068776303
2006-07-01,Three months,2.952720801576647,NA,1.8316321599489482
2006-06-01,Three months,3.2082212755835116,NA,1.6096256256000085
2006-05-01,Three months,3.2140574658631405,NA,1.612534403506638
2006-04-01,Three months,2.8511143997098864,NA,1.3340560596150741
2006-03-01,Three months,2.4905786296699484,NA,1.2230573708230663
2006-02-01,Three months,2.1251629916103854,NA,1.0011045475642577
2006-01-01,Three months,0.7235424237169497,NA,1.22612474171373
2005-12-01,Three months,0.12046377192549418,NA,1.5082479570637686
2005-11-01,Three months,1.4589424795463435,NA,1.4537083496885872
2005-10-01,Three months,3.2515188046840615,NA,1.5685975319909229
2005-09-01,Three months,4.010922802842898,NA,1.4008331942386043
2005-08-01,Three months,3.080964294396149,NA,1.2328237810485865
2005-07-01,Three months,2.33692480752683,NA,1.065236944687853
2005-06-01,Three months,2.344132481579164,NA,1.4057561943993324
2005-05-01,Three months,2.78901698657692,NA,1.406744949548977
2005-04-01,Three months,3.4882272212485743,NA,1.238026909590495
2005-03-01,Three months,2.483968043656426,NA,0.9565944457863074
2005-02-01,Three months,1.673474186563606,NA,1.2409948910142354
2005-01-01,Three months,0.6172821187029998,NA,1.5267978793580106
2004-12-01,Three months,1.5531277464770232,NA,1.4711876396613421
2004-11-01,Three months,1.2414500726839695,NA,1.2448569979103263
2004-10-01,Three months,2.311501639767677,NA,1.532647882866689
2004-09-01,Three months,1.6852246819647254,NA,1.6487464513040173
2004-08-01,Three months,2.065174788476898,NA,2.1113474481889494
2004-07-01,Three months,2.133927705741878,NA,1.4810343333361953
2004-06-01,Three months,2.5839683918233325,NA,1.828785337578509
2004-05-01,Three months,3.4897981322574934,NA,1.5433798575155144
2004-04-01,Three months,2.9162775333510416,NA,2.1237689531985904
2004-03-01,Three months,3.312877584446472,NA,2.5369938090122
2004-02-01,Three months,2.0297481986311983,NA,2.423083597762954
2004-01-01,Three months,2.0323263113693146,NA,2.076654141479972
2003-12-01,Three months,0.885930361190379,NA,1.2665357527483323
2003-11-01,Three months,1.8466439195814033,NA,1.7338131186396266
2003-10-01,Three months,2.1720977611078496,NA,1.6189321343237362
2003-09-01,Three months,2.758680123261925,NA,1.737578827730224
2003-08-01,Three months,2.309447763428829,NA,1.3900747285599646
2003-07-01,Three months,1.2775309231936482,NA,1.6841735157093973
2003-06-01,Three months,-0.1269035373227756,NA,1.4516711254274783
2003-05-01,Three months,0.44646346956396243,NA,1.8063495854627964
2003-04-01,Three months,1.8650514790441441,NA,1.5146832201203608
2003-03-01,Three months,4.435803130548588,NA,1.8696543483767147
2003-02-01,Three months,3.8466579305908466,NA,1.5191080793004241
2003-01-01,Three months,2.596003302664407,NA,1.9940735593916292
2002-12-01,Three months,1.228665574776655,NA,1.8784341684424888
2002-11-01,Three months,1.4266960200006062,NA,1.8214735931503023
2002-10-01,Three months,2.215621394527645,NA,1.5873872363869168
2002-09-01,Three months,2.4839477484043915,NA,1.9469891343993018
2002-08-01,Three months,1.629028972620561,NA,2.128843215266607
2002-07-01,Three months,1.1063101498918204,NA,2.072009950501519
2002-06-01,Three months,1.7018109422349825,NA,2.136740136229842
2002-05-01,Three months,2.4994683860870115,NA,1.9597071912533348
2002-04-01,Three months,2.5679819650560987,NA,1.9623291074956972
2002-03-01,Three months,3.79483685323847,NA,2.6942583221613026
2002-02-01,Three months,3.52975973223264,NA,3.0639919291271633
2002-01-01,Three months,3.192831332824153,NA,3.3752319637345485
2001-12-01,Three months,0.593030250898896,NA,2.5900323865181596
2001-11-01,Three months,0.9921379225529936,NA,2.4117096160598983
2001-10-01,Three months,1.2587836862332669,NA,2.355504965787336
2001-09-01,Three months,1.392667428901162,NA,2.4222975486509313
2001-08-01,Three months,1.0613505760620257,NA,2.364788355646219
2001-07-01,Three months,2.7499026105578084,NA,2.307830962820767
2001-06-01,Three months,3.98903275081659,NA,2.0668010281708282
2001-05-01,Three months,4.273124724422095,NA,2.0083055445030418
2001-04-01,Three months,3.3203454970021307,NA,1.5196141553639908
2001-03-01,Three months,1.819207154195479,NA,1.276870666979124
2001-02-01,Three months,1.1431337265872976,NA,1.462944323062576
2001-01-01,Three months,1.2139466541191801,NA,1.8339733355081655
2000-12-01,Three months,1.622410709649813,NA,2.022149754507918
2000-11-01,Three months,3.4889409202583987,NA,1.8395961404295447
2000-10-01,Three months,3.1488270933400564,NA,1.9667512209882831
2000-09-01,Three months,3.1515235218407156,NA,1.163935986922504
2000-08-01,Three months,2.4685963931042387,NA,0.980384830944736
2000-07-01,Three months,2.3338644105017625,NA,0.428232162891784
2000-06-01,Three months,1.8494244445800057,NA,0.6737591988002389
2000-05-01,Three months,1.370547095709873,NA,0.5513425950051554
2000-04-01,Three months,1.096255607791008,NA,0.12224937448828133
2000-03-01,Three months,1.858014863431845,NA,0.18350021937632022
2000-02-01,Three months,2.141732503294902,NA,0.36764667131155004
2000-01-01,Three months,2.424342337968022,NA,1.169308298915106
1999-12-01,Three months,2.076773935892451,NA,0.9221486701274095
1999-11-01,Three months,1.1041993394476535,NA,0.18378125180253946
1999-10-01,Three months,1.1059165687287154,NA,-0.18361252905592096
1999-09-01,Three months,1.6657632496503982,NA,0.43000782674325055
1999-08-01,Three months,1.666630797496893,NA,1.0475147515877303
1999-07-01,Three months,0.8303017218875608,NA,0.9239947891773292
1999-06-01,Three months,1.2512882298969297,NA,0.4921553305803128
1999-05-01,Three months,1.5328060787943576,NA,0.4308017461246205
1999-04-01,Three months,1.8842716945841609,NA,0.49260990583175346
1999-03-01,Three months,0.41623252832372337,NA,0.18443090469613121
1999-02-01,Three months,-0.069246080673479593,NA,0.12298230676843769
1999-01-01,Three months,-0.27672069206051697,NA,0.06148643273991006
1998-12-01,Three months,-0.13840828376934233,NA,0.30776310260858253
1998-11-01,Three months,-0.20752262790144638,NA,0.24622949262376181
1998-10-01,Three months,0.2080262797467647,NA,0.7410806671199976
1998-09-01,Three months,0.4165214775801118,NA,0.8653944330548446
1998-08-01,Three months,0.9050503651790498,NA,1.3020056528878943
1998-07-01,Three months,1.2569678213957935,NA,1.491815745120939
1998-06-01,Three months,1.6101890494933935,NA,1.6810278701133718
1998-05-01,Three months,0.9773051337186534,NA,1.1183488720913681
1998-04-01,Three months,0.5579759787635252,NA,0.9951719369460488
1998-03-01,Three months,-0.27787409403989827,NA,0.621116146196421
1998-02-01,Three months,0.20893176480976106,NA,1.2470621050016284
1998-01-01,Three months,0.3487659085742001,NA,0.9976540110702814
1997-12-01,Three months,0.7686225468750196,NA,0.684556039858597
1997-11-01,Three months,0.6989314672945612,NA,0
1997-10-01,Three months,1.4763789443211328,NA,0.06214557413732891
1997-09-01,Three months,1.9749007332153345,NA,0.8110385066458781
1997-08-01,Three months,2.1189446354009656,NA,1.1249889386894418
1997-07-01,Three months,1.4106641679022536,NA,1.0003048168448547
1997-06-01,Three months,0.5620924158481477,NA,0.43657844229916254
1997-05-01,Three months,-0.20995531209937468,NA,0.18693039531354483
1997-04-01,Three months,-0.6985652631338879,NA,0.3120365833546801
1997-03-01,Three months,NA,NA,NA
1997-02-01,Three months,NA,NA,NA
1997-01-01,Three months,NA,NA,NA
1996-12-01,Three months,NA,NA,NA
1996-11-01,Three months,NA,NA,NA
1996-10-01,Three months,NA,NA,NA
1996-09-01,Three months,NA,NA,NA
1996-08-01,Three months,NA,NA,NA
1996-07-01,Three months,NA,NA,NA
1996-06-01,Three months,NA,NA,NA
1996-05-01,Three months,NA,NA,NA
1996-04-01,Three months,NA,NA,NA
1996-03-01,Three months,NA,NA,NA
1996-02-01,Three months,NA,NA,NA
1996-01-01,Three months,NA,NA,NA
1995-12-01,Three months,NA,NA,NA
1995-11-01,Three months,NA,NA,NA
1995-10-01,Three months,NA,NA,NA
1995-09-01,Three months,NA,NA,NA
1995-08-01,Three months,NA,NA,NA
1995-07-01,Three months,NA,NA,NA
1995-06-01,Three months,NA,NA,NA
1995-05-01,Three months,NA,NA,NA
1995-04-01,Three months,NA,NA,NA
1995-03-01,Three months,NA,NA,NA
1995-02-01,Three months,NA,NA,NA
1995-01-01,Three months,NA,NA,NA
1994-12-01,Three months,NA,NA,NA
1994-11-01,Three months,NA,NA,NA
1994-10-01,Three months,NA,NA,NA
1994-09-01,Three months,NA,NA,NA
1994-08-01,Three months,NA,NA,NA
1994-07-01,Three months,NA,NA,NA
1994-06-01,Three months,NA,NA,NA
1994-05-01,Three months,NA,NA,NA
1994-04-01,Three months,NA,NA,NA
1994-03-01,Three months,NA,NA,NA
1994-02-01,Three months,NA,NA,NA
1994-01-01,Three months,NA,NA,NA
1993-12-01,Three months,NA,NA,NA
1993-11-01,Three months,NA,NA,NA
1993-10-01,Three months,NA,NA,NA
1993-09-01,Three months,NA,NA,NA
1993-08-01,Three months,NA,NA,NA
1993-07-01,Three months,NA,NA,NA
1993-06-01,Three months,NA,NA,NA
1993-05-01,Three months,NA,NA,NA
1993-04-01,Three months,NA,NA,NA
1993-03-01,Three months,NA,NA,NA
1993-02-01,Three months,NA,NA,NA
1993-01-01,Three months,NA,NA,NA
1992-12-01,Three months,NA,NA,NA
1992-11-01,Three months,NA,NA,NA
1992-10-01,Three months,NA,NA,NA
1992-09-01,Three months,NA,NA,NA
1992-08-01,Three months,NA,NA,NA
1992-07-01,Three months,NA,NA,NA
1992-06-01,Three months,NA,NA,NA
1992-05-01,Three months,NA,NA,NA
1992-04-01,Three months,NA,NA,NA
1992-03-01,Three months,NA,NA,NA
1992-02-01,Three months,NA,NA,NA
1992-01-01,Three months,NA,NA,NA
1991-12-01,Three months,NA,NA,NA
1991-11-01,Three months,NA,NA,NA
1991-10-01,Three months,NA,NA,NA
1991-09-01,Three months,NA,NA,NA
1991-08-01,Three months,NA,NA,NA
1991-07-01,Three months,NA,NA,NA
1991-06-01,Three months,NA,NA,NA
1991-05-01,Three months,NA,NA,NA
1991-04-01,Three months,NA,NA,NA
1991-03-01,Three months,NA,NA,NA
1991-02-01,Three months,NA,NA,NA
1991-01-01,Three months,NA,NA,NA
1990-12-01,Three months,NA,NA,NA
1990-11-01,Three months,NA,NA,NA
1990-10-01,Three months,NA,NA,NA
1990-09-01,Three months,NA,NA,NA
1990-08-01,Three months,NA,NA,NA
1990-07-01,Three months,NA,NA,NA
1990-06-01,Three months,NA,NA,NA
1990-05-01,Three months,NA,NA,NA
1990-04-01,Three months,NA,NA,NA
1990-03-01,Three months,NA,NA,NA
1990-02-01,Three months,NA,NA,NA
1990-01-01,Three months,NA,NA,NA
1989-12-01,Three months,NA,NA,NA
1989-11-01,Three months,NA,NA,NA
1989-10-01,Three months,NA,NA,NA
1989-09-01,Three months,NA,NA,NA
1989-08-01,Three months,NA,NA,NA
1989-07-01,Three months,NA,NA,NA
1989-06-01,Three months,NA,NA,NA
1989-05-01,Three months,NA,NA,NA
1989-04-01,Three months,NA,NA,NA
1989-03-01,Three months,NA,NA,NA
1989-02-01,Three months,NA,NA,NA
1989-01-01,Three months,NA,NA,NA
1988-12-01,Three months,NA,NA,NA
1988-11-01,Three months,NA,NA,NA
1988-10-01,Three months,NA,NA,NA
1988-09-01,Three months,NA,NA,NA
1988-08-01,Three months,NA,NA,NA
1988-07-01,Three months,NA,NA,NA
1988-06-01,Three months,NA,NA,NA
1988-05-01,Three months,NA,NA,NA
1988-04-01,Three months,NA,NA,NA
1988-03-01,Three months,NA,NA,NA
1988-02-01,Three months,NA,NA,NA
1988-01-01,Three months,NA,NA,NA
1987-12-01,Three months,NA,NA,NA
1987-11-01,Three months,NA,NA,NA
1987-10-01,Three months,NA,NA,NA
1987-09-01,Three months,NA,NA,NA
1987-08-01,Three months,NA,NA,NA
1987-07-01,Three months,NA,NA,NA
1987-06-01,Three months,NA,NA,NA
1987-05-01,Three months,NA,NA,NA
1987-04-01,Three months,NA,NA,NA
1987-03-01,Three months,NA,NA,NA
1987-02-01,Three months,NA,NA,NA
1987-01-01,Three months,NA,NA,NA
1986-12-01,Three months,NA,NA,NA
1986-11-01,Three months,NA,NA,NA
1986-10-01,Three months,NA,NA,NA
1986-09-01,Three months,NA,NA,NA
1986-08-01,Three months,NA,NA,NA
1986-07-01,Three months,NA,NA,NA
1986-06-01,Three months,NA,NA,NA
1986-05-01,Three months,NA,NA,NA
1986-04-01,Three months,NA,NA,NA
1986-03-01,Three months,NA,NA,NA
1986-02-01,Three months,NA,NA,NA
1986-01-01,Three months,NA,NA,NA
1985-12-01,Three months,NA,NA,NA
1985-11-01,Three months,NA,NA,NA
1985-10-01,Three months,NA,NA,NA
1985-09-01,Three months,NA,NA,NA
1985-08-01,Three months,NA,NA,NA
1985-07-01,Three months,NA,NA,NA
1985-06-01,Three months,NA,NA,NA
1985-05-01,Three months,NA,NA,NA
1985-04-01,Three months,NA,NA,NA
1985-03-01,Three months,NA,NA,NA
1985-02-01,Three months,NA,NA,NA
1985-01-01,Three months,NA,NA,NA
1984-12-01,Three months,NA,NA,NA
1984-11-01,Three months,NA,NA,NA
1984-10-01,Three months,NA,NA,NA
1984-09-01,Three months,NA,NA,NA
1984-08-01,Three months,NA,NA,NA
1984-07-01,Three months,NA,NA,NA
1984-06-01,Three months,NA,NA,NA
1984-05-01,Three months,NA,NA,NA
1984-04-01,Three months,NA,NA,NA
1984-03-01,Three months,NA,NA,NA
1984-02-01,Three months,NA,NA,NA
1984-01-01,Three months,NA,NA,NA
1983-12-01,Three months,NA,NA,NA
1983-11-01,Three months,NA,NA,NA
1983-10-01,Three months,NA,NA,NA
1983-09-01,Three months,NA,NA,NA
1983-08-01,Three months,NA,NA,NA
1983-07-01,Three months,NA,NA,NA
1983-06-01,Three months,NA,NA,NA
1983-05-01,Three months,NA,NA,NA
1983-04-01,Three months,NA,NA,NA
1983-03-01,Three months,NA,NA,NA
1983-02-01,Three months,NA,NA,NA
1983-01-01,Three months,NA,NA,NA
1982-12-01,Three months,NA,NA,NA
1982-11-01,Three months,NA,NA,NA
1982-10-01,Three months,NA,NA,NA
1982-09-01,Three months,NA,NA,NA
1982-08-01,Three months,NA,NA,NA
1982-07-01,Three months,NA,NA,NA
1982-06-01,Three months,NA,NA,NA
1982-05-01,Three months,NA,NA,NA
1982-04-01,Three months,NA,NA,NA
1982-03-01,Three months,NA,NA,NA
1982-02-01,Three months,NA,NA,NA
1982-01-01,Three months,NA,NA,NA
1981-12-01,Three months,NA,NA,NA
1981-11-01,Three months,NA,NA,NA
1981-10-01,Three months,NA,NA,NA
1981-09-01,Three months,NA,NA,NA
1981-08-01,Three months,NA,NA,NA
1981-07-01,Three months,NA,NA,NA
1981-06-01,Three months,NA,NA,NA
1981-05-01,Three months,NA,NA,NA
1981-04-01,Three months,NA,NA,NA
1981-03-01,Three months,NA,NA,NA
1981-02-01,Three months,NA,NA,NA
1981-01-01,Three months,NA,NA,NA
1980-12-01,Three months,NA,NA,NA
1980-11-01,Three months,NA,NA,NA
1980-10-01,Three months,NA,NA,NA
1980-09-01,Three months,NA,NA,NA
1980-08-01,Three months,NA,NA,NA
1980-07-01,Three months,NA,NA,NA
1980-06-01,Three months,NA,NA,NA
1980-05-01,Three months,NA,NA,NA
1980-04-01,Three months,NA,NA,NA
1980-03-01,Three months,NA,NA,NA
1980-02-01,Three months,NA,NA,NA
1980-01-01,Three months,NA,NA,NA
1979-12-01,Three months,NA,NA,NA
1979-11-01,Three months,NA,NA,NA
1979-10-01,Three months,NA,NA,NA
1979-09-01,Three months,NA,NA,NA
1979-08-01,Three months,NA,NA,NA
1979-07-01,Three months,NA,NA,NA
1979-06-01,Three months,NA,NA,NA
1979-05-01,Three months,NA,NA,NA
1979-04-01,Three months,NA,NA,NA
1979-03-01,Three months,NA,NA,NA
1979-02-01,Three months,NA,NA,NA
1979-01-01,Three months,NA,NA,NA
1978-12-01,Three months,NA,NA,NA
1978-11-01,Three months,NA,NA,NA
1978-10-01,Three months,NA,NA,NA
1978-09-01,Three months,NA,NA,NA
1978-08-01,Three months,NA,NA,NA
1978-07-01,Three months,NA,NA,NA
1978-06-01,Three months,NA,NA,NA
1978-05-01,Three months,NA,NA,NA
1978-04-01,Three months,NA,NA,NA
1978-03-01,Three months,NA,NA,NA
1978-02-01,Three months,NA,NA,NA
1978-01-01,Three months,NA,NA,NA
1977-12-01,Three months,NA,NA,NA
1977-11-01,Three months,NA,NA,NA
1977-10-01,Three months,NA,NA,NA
1977-09-01,Three months,NA,NA,NA
1977-08-01,Three months,NA,NA,NA
1977-07-01,Three months,NA,NA,NA
1977-06-01,Three months,NA,NA,NA
1977-05-01,Three months,NA,NA,NA
1977-04-01,Three months,NA,NA,NA
1977-03-01,Three months,NA,NA,NA
1977-02-01,Three months,NA,NA,NA
1977-01-01,Three months,NA,NA,NA
1976-12-01,Three months,NA,NA,NA
1976-11-01,Three months,NA,NA,NA
1976-10-01,Three months,NA,NA,NA
1976-09-01,Three months,NA,NA,NA
1976-08-01,Three months,NA,NA,NA
1976-07-01,Three months,NA,NA,NA
1976-06-01,Three months,NA,NA,NA
1976-05-01,Three months,NA,NA,NA
1976-04-01,Three months,NA,NA,NA
1976-03-01,Three months,NA,NA,NA
1976-02-01,Three months,NA,NA,NA
1976-01-01,Three months,NA,NA,NA
1975-12-01,Three months,NA,NA,NA
1975-11-01,Three months,NA,NA,NA
1975-10-01,Three months,NA,NA,NA
1975-09-01,Three months,NA,NA,NA
1975-08-01,Three months,NA,NA,NA
1975-07-01,Three months,NA,NA,NA
1975-06-01,Three months,NA,NA,NA
1975-05-01,Three months,NA,NA,NA
1975-04-01,Three months,NA,NA,NA
1975-03-01,Three months,NA,NA,NA
1975-02-01,Three months,NA,NA,NA
1975-01-01,Three months,NA,NA,NA
1974-12-01,Three months,NA,NA,NA
1974-11-01,Three months,NA,NA,NA
1974-10-01,Three months,NA,NA,NA
1974-09-01,Three months,NA,NA,NA
1974-08-01,Three months,NA,NA,NA
1974-07-01,Three months,NA,NA,NA
1974-06-01,Three months,NA,NA,NA
1974-05-01,Three months,NA,NA,NA
1974-04-01,Three months,NA,NA,NA
1974-03-01,Three months,NA,NA,NA
1974-02-01,Three months,NA,NA,NA
1974-01-01,Three months,NA,NA,NA
1973-12-01,Three months,NA,NA,NA
1973-11-01,Three months,NA,NA,NA
1973-10-01,Three months,NA,NA,NA
1973-09-01,Three months,NA,NA,NA
1973-08-01,Three months,NA,NA,NA
1973-07-01,Three months,NA,NA,NA
1973-06-01,Three months,NA,NA,NA
1973-05-01,Three months,NA,NA,NA
1973-04-01,Three months,NA,NA,NA
1973-03-01,Three months,NA,NA,NA
1973-02-01,Three months,NA,NA,NA
1973-01-01,Three months,NA,NA,NA
1972-12-01,Three months,NA,NA,NA
1972-11-01,Three months,NA,NA,NA
1972-10-01,Three months,NA,NA,NA
1972-09-01,Three months,NA,NA,NA
1972-08-01,Three months,NA,NA,NA
1972-07-01,Three months,NA,NA,NA
1972-06-01,Three months,NA,NA,NA
1972-05-01,Three months,NA,NA,NA
1972-04-01,Three months,NA,NA,NA
1972-03-01,Three months,NA,NA,NA
1972-02-01,Three months,NA,NA,NA
1972-01-01,Three months,NA,NA,NA
1971-12-01,Three months,NA,NA,NA
1971-11-01,Three months,NA,NA,NA
1971-10-01,Three months,NA,NA,NA
1971-09-01,Three months,NA,NA,NA
1971-08-01,Three months,NA,NA,NA
1971-07-01,Three months,NA,NA,NA
1971-06-01,Three months,NA,NA,NA
1971-05-01,Three months,NA,NA,NA
1971-04-01,Three months,NA,NA,NA
1971-03-01,Three months,NA,NA,NA
1971-02-01,Three months,NA,NA,NA
1971-01-01,Three months,NA,NA,NA
1970-12-01,Three months,NA,NA,NA
1970-11-01,Three months,NA,NA,NA
1970-10-01,Three months,NA,NA,NA
1970-09-01,Three months,NA,NA,NA
1970-08-01,Three months,NA,NA,NA
1970-07-01,Three months,NA,NA,NA
1970-06-01,Three months,NA,NA,NA
1970-05-01,Three months,NA,NA,NA
1970-04-01,Three months,NA,NA,NA
1970-03-01,Three months,NA,NA,NA
1970-02-01,Three months,NA,NA,NA
1970-01-01,Three months,NA,NA,NA
1969-12-01,Three months,NA,NA,NA
1969-11-01,Three months,NA,NA,NA
1969-10-01,Three months,NA,NA,NA
1969-09-01,Three months,NA,NA,NA
1969-08-01,Three months,NA,NA,NA
1969-07-01,Three months,NA,NA,NA
1969-06-01,Three months,NA,NA,NA
1969-05-01,Three months,NA,NA,NA
1969-04-01,Three months,NA,NA,NA
1969-03-01,Three months,NA,NA,NA
1969-02-01,Three months,NA,NA,NA
1969-01-01,Three months,NA,NA,NA
1968-12-01,Three months,NA,NA,NA
1968-11-01,Three months,NA,NA,NA
1968-10-01,Three months,NA,NA,NA
1968-09-01,Three months,NA,NA,NA
1968-08-01,Three months,NA,NA,NA
1968-07-01,Three months,NA,NA,NA
1968-06-01,Three months,NA,NA,NA
1968-05-01,Three months,NA,NA,NA
1968-04-01,Three months,NA,NA,NA
1968-03-01,Three months,NA,NA,NA
1968-02-01,Three months,NA,NA,NA
1968-01-01,Three months,NA,NA,NA
1967-12-01,Three months,NA,NA,NA
1967-11-01,Three months,NA,NA,NA
1967-10-01,Three months,NA,NA,NA
1967-09-01,Three months,NA,NA,NA
1967-08-01,Three months,NA,NA,NA
1967-07-01,Three months,NA,NA,NA
1967-06-01,Three months,NA,NA,NA
1967-05-01,Three months,NA,NA,NA
1967-04-01,Three months,NA,NA,NA
1967-03-01,Three months,NA,NA,NA
1967-02-01,Three months,NA,NA,NA
1967-01-01,Three months,NA,NA,NA
1966-12-01,Three months,NA,NA,NA
1966-11-01,Three months,NA,NA,NA
1966-10-01,Three months,NA,NA,NA
1966-09-01,Three months,NA,NA,NA
1966-08-01,Three months,NA,NA,NA
1966-07-01,Three months,NA,NA,NA
1966-06-01,Three months,NA,NA,NA
1966-05-01,Three months,NA,NA,NA
1966-04-01,Three months,NA,NA,NA
1966-03-01,Three months,NA,NA,NA
1966-02-01,Three months,NA,NA,NA
1966-01-01,Three months,NA,NA,NA
1965-12-01,Three months,NA,NA,NA
1965-11-01,Three months,NA,NA,NA
1965-10-01,Three months,NA,NA,NA
1965-09-01,Three months,NA,NA,NA
1965-08-01,Three months,NA,NA,NA
1965-07-01,Three months,NA,NA,NA
1965-06-01,Three months,NA,NA,NA
1965-05-01,Three months,NA,NA,NA
1965-04-01,Three months,NA,NA,NA
1965-03-01,Three months,NA,NA,NA
1965-02-01,Three months,NA,NA,NA
1965-01-01,Three months,NA,NA,NA
1964-12-01,Three months,NA,NA,NA
1964-11-01,Three months,NA,NA,NA
1964-10-01,Three months,NA,NA,NA
1964-09-01,Three months,NA,NA,NA
1964-08-01,Three months,NA,NA,NA
1964-07-01,Three months,NA,NA,NA
1964-06-01,Three months,NA,NA,NA
1964-05-01,Three months,NA,NA,NA
1964-04-01,Three months,NA,NA,NA
1964-03-01,Three months,NA,NA,NA
1964-02-01,Three months,NA,NA,NA
1964-01-01,Three months,NA,NA,NA
1963-12-01,Three months,NA,NA,NA
1963-11-01,Three months,NA,NA,NA
1963-10-01,Three months,NA,NA,NA
1963-09-01,Three months,NA,NA,NA
1963-08-01,Three months,NA,NA,NA
1963-07-01,Three months,NA,NA,NA
1963-06-01,Three months,NA,NA,NA
1963-05-01,Three months,NA,NA,NA
1963-04-01,Three months,NA,NA,NA
1963-03-01,Three months,NA,NA,NA
1963-02-01,Three months,NA,NA,NA
1963-01-01,Three months,NA,NA,NA
1962-12-01,Three months,NA,NA,NA
1962-11-01,Three months,NA,NA,NA
1962-10-01,Three months,NA,NA,NA
1962-09-01,Three months,NA,NA,NA
1962-08-01,Three months,NA,NA,NA
1962-07-01,Three months,NA,NA,NA
1962-06-01,Three months,NA,NA,NA
1962-05-01,Three months,NA,NA,NA
1962-04-01,Three months,NA,NA,NA
1962-03-01,Three months,NA,NA,NA
1962-02-01,Three months,NA,NA,NA
1962-01-01,Three months,NA,NA,NA
1961-12-01,Three months,NA,NA,NA
1961-11-01,Three months,NA,NA,NA
1961-10-01,Three months,NA,NA,NA
1961-09-01,Three months,NA,NA,NA
1961-08-01,Three months,NA,NA,NA
1961-07-01,Three months,NA,NA,NA
1961-06-01,Three months,NA,NA,NA
1961-05-01,Three months,NA,NA,NA
1961-04-01,Three months,NA,NA,NA
1961-03-01,Three months,NA,NA,NA
1961-02-01,Three months,NA,NA,NA
1961-01-01,Three months,NA,NA,NA
1960-12-01,Three months,NA,NA,NA
1960-11-01,Three months,NA,NA,NA
1960-10-01,Three months,NA,NA,NA
1960-09-01,Three months,NA,NA,NA
1960-08-01,Three months,NA,NA,NA
1960-07-01,Three months,NA,NA,NA
1960-06-01,Three months,NA,NA,NA
1960-05-01,Three months,NA,NA,NA
1960-04-01,Three months,NA,NA,NA
1960-03-01,Three months,NA,NA,NA
1960-02-01,Three months,NA,NA,NA
1960-01-01,Three months,NA,NA,NA
1959-12-01,Three months,NA,NA,NA
1959-11-01,Three months,NA,NA,NA
1959-10-01,Three months,NA,NA,NA
1959-09-01,Three months,NA,NA,NA
1959-08-01,Three months,NA,NA,NA
1959-07-01,Three months,NA,NA,NA
1959-06-01,Three months,NA,NA,NA
1959-05-01,Three months,NA,NA,NA
1959-04-01,Three months,NA,NA,NA
1959-03-01,Three months,NA,NA,NA
1959-02-01,Three months,NA,NA,NA
1959-01-01,Three months,NA,NA,NA
1958-12-01,Three months,NA,NA,NA
1958-11-01,Three months,NA,NA,NA
1958-10-01,Three months,NA,NA,NA
1958-09-01,Three months,NA,NA,NA
1958-08-01,Three months,NA,NA,NA
1958-07-01,Three months,NA,NA,NA
1958-06-01,Three months,NA,NA,NA
1958-05-01,Three months,NA,NA,NA
1958-04-01,Three months,NA,NA,NA
1958-03-01,Three months,NA,NA,NA
1958-02-01,Three months,NA,NA,NA
1958-01-01,Three months,NA,NA,NA
1957-12-01,Three months,NA,NA,NA
1957-11-01,Three months,NA,NA,NA
1957-10-01,Three months,NA,NA,NA
1957-09-01,Three months,NA,NA,NA
1957-08-01,Three months,NA,NA,NA
1957-07-01,Three months,NA,NA,NA
1957-06-01,Three months,NA,NA,NA
1957-05-01,Three months,NA,NA,NA
1957-04-01,Three months,NA,NA,NA
1957-03-01,Three months,NA,NA,NA
1957-02-01,Three months,NA,NA,NA
1957-01-01,Three months,NA,NA,NA
1956-12-01,Three months,NA,NA,NA
1956-11-01,Three months,NA,NA,NA
1956-10-01,Three months,NA,NA,NA
1956-09-01,Three months,NA,NA,NA
1956-08-01,Three months,NA,NA,NA
1956-07-01,Three months,NA,NA,NA
1956-06-01,Three months,NA,NA,NA
1956-05-01,Three months,NA,NA,NA
1956-04-01,Three months,NA,NA,NA
1956-03-01,Three months,NA,NA,NA
1956-02-01,Three months,NA,NA,NA
1956-01-01,Three months,NA,NA,NA
1955-12-01,Three months,NA,NA,NA
1955-11-01,Three months,NA,NA,NA
1955-10-01,Three months,NA,NA,NA
1955-09-01,Three months,NA,NA,NA
1955-08-01,Three months,NA,NA,NA
1955-07-01,Three months,NA,NA,NA
1955-06-01,Three months,NA,NA,NA
1955-05-01,Three months,NA,NA,NA
1955-04-01,Three months,NA,NA,NA
1955-03-01,Three months,NA,NA,NA
1955-02-01,Three months,NA,NA,NA
1955-01-01,Three months,NA,NA,NA
1954-12-01,Three months,NA,NA,NA
1954-11-01,Three months,NA,NA,NA
1954-10-01,Three months,NA,NA,NA
1954-09-01,Three months,NA,NA,NA
1954-08-01,Three months,NA,NA,NA
1954-07-01,Three months,NA,NA,NA
1954-06-01,Three months,NA,NA,NA
1954-05-01,Three months,NA,NA,NA
1954-04-01,Three months,NA,NA,NA
1954-03-01,Three months,NA,NA,NA
1954-02-01,Three months,NA,NA,NA
1954-01-01,Three months,NA,NA,NA
1953-12-01,Three months,NA,NA,NA
1953-11-01,Three months,NA,NA,NA
1953-10-01,Three months,NA,NA,NA
1953-09-01,Three months,NA,NA,NA
1953-08-01,Three months,NA,NA,NA
1953-07-01,Three months,NA,NA,NA
1953-06-01,Three months,NA,NA,NA
1953-05-01,Three months,NA,NA,NA
1953-04-01,Three months,NA,NA,NA
1953-03-01,Three months,NA,NA,NA
1953-02-01,Three months,NA,NA,NA
1953-01-01,Three months,NA,NA,NA
1952-12-01,Three months,NA,NA,NA
1952-11-01,Three months,NA,NA,NA
1952-10-01,Three months,NA,NA,NA
1952-09-01,Three months,NA,NA,NA
1952-08-01,Three months,NA,NA,NA
1952-07-01,Three months,NA,NA,NA
1952-06-01,Three months,NA,NA,NA
1952-05-01,Three months,NA,NA,NA
1952-04-01,Three months,NA,NA,NA
1952-03-01,Three months,NA,NA,NA
1952-02-01,Three months,NA,NA,NA
1952-01-01,Three months,NA,NA,NA
1951-12-01,Three months,NA,NA,NA
1951-11-01,Three months,NA,NA,NA
1951-10-01,Three months,NA,NA,NA
1951-09-01,Three months,NA,NA,NA
1951-08-01,Three months,NA,NA,NA
1951-07-01,Three months,NA,NA,NA
1951-06-01,Three months,NA,NA,NA
1951-05-01,Three months,NA,NA,NA
1951-04-01,Three months,NA,NA,NA
1951-03-01,Three months,NA,NA,NA
1951-02-01,Three months,NA,NA,NA
1951-01-01,Three months,NA,NA,NA
1950-12-01,Three months,NA,NA,NA
1950-11-01,Three months,NA,NA,NA
1950-10-01,Three months,NA,NA,NA
1950-09-01,Three months,NA,NA,NA
1950-08-01,Three months,NA,NA,NA
1950-07-01,Three months,NA,NA,NA
1950-06-01,Three months,NA,NA,NA
1950-05-01,Three months,NA,NA,NA
1950-04-01,Three months,NA,NA,NA
1950-03-01,Three months,NA,NA,NA
1950-02-01,Three months,NA,NA,NA
1950-01-01,Three months,NA,NA,NA
1949-12-01,Three months,NA,NA,NA
1949-11-01,Three months,NA,NA,NA
1949-10-01,Three months,NA,NA,NA
1949-09-01,Three months,NA,NA,NA
1949-08-01,Three months,NA,NA,NA
1949-07-01,Three months,NA,NA,NA
1949-06-01,Three months,NA,NA,NA
1949-05-01,Three months,NA,NA,NA
1949-04-01,Three months,NA,NA,NA
1949-03-01,Three months,NA,NA,NA
1949-02-01,Three months,NA,NA,NA
1949-01-01,Three months,NA,NA,NA
1948-12-01,Three months,NA,NA,NA
1948-11-01,Three months,NA,NA,NA
1948-10-01,Three months,NA,NA,NA
1948-09-01,Three months,NA,NA,NA
1948-08-01,Three months,NA,NA,NA
1948-07-01,Three months,NA,NA,NA
1948-06-01,Three months,NA,NA,NA
1948-05-01,Three months,NA,NA,NA
1948-04-01,Three months,NA,NA,NA
1948-03-01,Three months,NA,NA,NA
1948-02-01,Three months,NA,NA,NA
1948-01-01,Three months,NA,NA,NA
1947-12-01,Three months,NA,NA,NA
1947-11-01,Three months,NA,NA,NA
1947-10-01,Three months,NA,NA,NA
1947-09-01,Three months,NA,NA,NA
1947-08-01,Three months,NA,NA,NA
1947-07-01,Three months,NA,NA,NA
1947-06-01,Three months,NA,NA,NA
1947-05-01,Three months,NA,NA,NA
1947-04-01,Three months,NA,NA,NA
1947-03-01,Three months,NA,NA,NA
1947-02-01,Three months,NA,NA,NA
1947-01-01,Three months,NA,NA,NA
2026-06-01,One month,-1.5094783112158394,0.9751022721967906,1.1817866969997537
2026-05-01,One month,-0.1168508558671788,1.8913418249948954,2.260576723808816
2026-04-01,One month,6.284527656923933,3.6242229229292615,3.357006191079104
2026-03-01,One month,9.767345491140844,1.6663898202088288,1.9088711972824024
2026-02-01,One month,3.7452309214296875,2.299132079788687,3.8634882395086168
2026-01-01,One month,2.406624880685837,3.0807275638890985,1.314395071941754
2025-12-01,One month,0.9571213926833577,0.5448731746675095,2.041461448490378
2025-11-01,One month,2.5357158077893294,0.528601664241194,1.8020243878474451
2025-10-01,One month,1.686368994754206,2.278383304717827,2.536481458061157
2025-09-01,One month,1.9325024945472613,1.1382556170384404,2.2967829483530044
2025-08-01,One month,1.8134617420391352,0.989374884713914,2.9162533778714694
2025-07-01,One month,4.1682081330610465,1.10677328482187,2.7997194326597308
2025-06-01,One month,3.1817875434499987,1.955283104294429,3.552287183548386
2025-05-01,One month,-1.3174119620018132,1.24548579812777,-1.435238986299936
2025-04-01,One month,0,2.1205792327050546,3.558461603501195
2025-03-01,One month,1.579794452921579,2.6431565009788187,3.5690441183222177
2025-02-01,One month,1.3367569089700604,3.0800264858335202,1.4647285313296843
2025-01-01,One month,5.727006174237448,2.8461256361752985,2.70642003742958
2024-12-01,One month,2.833635357996367,1.2823615659413046,2.837713885745119
2024-11-01,One month,2.5899192138907567,1.1144894646969898,2.2187087518764637
2024-10-01,One month,3.476839069420934,2.690096226111383,2.3478679710624784
2024-09-01,One month,0,1.322356912278576,1.7276417712037695
2024-08-01,One month,1.354450869418078,1.952798380986918,2.8594683394688625
2024-07-01,One month,3.237245730381355,1.8905982378989692,2.487436377777752
2024-06-01,One month,1.8589713361941262,1.1702547358998099,2.7455408610996157
2024-05-01,One month,1.3617164918641622,1.5855817406875155,3.3886273989333304
2024-04-01,One month,1.4881911973479545,2.2737091597067978,1.620828466025892
2024-03-01,One month,1.9920497706140683,2.844681993465147,3.1465442828955137
2024-02-01,One month,3.905233297032251,3.80571092425426,3.411819389004167
2024-01-01,One month,5.478999599194223,1.9717641376233512,4.198986180836273
2023-12-01,One month,0.498648467442786,1.087665188912259,2.7881627478052673
2023-11-01,One month,-0.6198007196317024,0.8304892410513613,1.514007874250467
2023-10-01,One month,0.4985966707853118,2.2544932492093697,2.154885587524946
2023-09-01,One month,4.066820089112366,1.6636654117497836,2.416034730465344
2023-08-01,One month,6.990575414399913,2.4735868326683073,3.7205117445784808
2023-07-01,One month,2.9317538738120152,1.4681518842336558,3.078000865379815
2023-06-01,One month,2.1633404049803184,2.5443962833624676,2.434608899307822
2023-05-01,One month,0,2.90544935749518,2.1797517239363184
2023-04-01,One month,1.0136119511220398,3.4478221046446906,3.4923500977892097
2023-03-01,One month,3.599749310182032,4.266031584398154,4.699410834191209
2023-02-01,One month,6.68211581161029,4.751373045536414,5.934668402602794
2023-01-01,One month,8.3706759519794,5.9191112125308685,7.7580702235781285
2022-12-01,One month,-4.49595153758705,3.4188367433700684,5.865043857343655
2022-11-01,One month,2.717549795305607,2.572967813622947,5.48026246380664
2022-10-01,One month,18.367862833167713,6.6649501149486134,5.920933148182939
2022-09-01,One month,13.921211413285839,5.4762014373075205,9.068333409818251
2022-08-01,One month,7.638886846039528,3.8258796077529027,6.135554270313137
2022-07-01,One month,7.402474796524183,4.00052454814699,5.884404676420929
2022-06-01,One month,9.76917030851212,4.725637419661194,1.4778887262056006
2022-05-01,One month,10.145717576252956,5.663018900644447,5.637202870429725
2022-04-01,One month,1.2208068281331697,4.860185988149248,5.521598500574454
2022-03-01,One month,23.991754786363884,5.15195774696079,3.568607787749034
2022-02-01,One month,9.524998058294099,6.065860194529756,3.7196575777938667
2022-01-01,One month,13.653751655077784,5.239134405715344,4.865531088931108
2021-12-01,One month,4.73287047864448,2.313111297326448,3.3226504687879466
2021-11-01,One month,8.821327969729253,3.357036485314512,5.1866990315480255
2021-10-01,One month,9.97787605464351,2.4151101752417596,2.9213663847487803
2021-09-01,One month,3.6326711483229523,1.6476559082607487,2.5045098098369856
2021-08-01,One month,4.090519936388626,2.05924555360886,2.3685415355937156
2021-07-01,One month,5.919141470693168,1.6055655985997423,3.6542829687251865
2021-06-01,One month,2.927695753559112,1.7167416576499508,2.097215451781076
2021-05-01,One month,2.4887411908462997,1.987823920313159,1.6769148338622308
2021-04-01,One month,2.197044707690954,2.077852408928992,0.6960125317410526
2021-03-01,One month,2.7968526466986665,1.3406938751556576,-0.6912016814188404
2021-02-01,One month,0.7296131408833562,1.3442941926301366,-1.2397247064012906
2021-01-01,One month,12.567848878200127,4.991461388288399,10.072900656681337
2020-12-01,One month,1.7794891212482788,0.7835290720517284,1.1239784797677066
2020-11-01,One month,0.8868029743947625,0.7834639104958917,0.7015464072333888
2020-10-01,One month,2.0840345347626688,1.2282587658209907,1.4092547453513182
2020-09-01,One month,0,0.7816810788616944,0.8439758219696447
2020-08-01,One month,-5.298013234692678,-0.2783319649485074,-7.651857939688355
2020-07-01,One month,1.7783903209691365,-1.1003373771144502,4.126320213038137
2020-06-01,One month,2.533241867559455,0.6681389345968377,0.8418049753190715
2020-05-01,One month,-1.3163317824956833,0.6979245633602612,0.2799484947667574
2020-04-01,One month,-2.753946844199573,1.5691069018447747,0.8425930807845594
2020-03-01,One month,-2.3192963585179194,1.7749133471660445,1.1259558814447512
2020-02-01,One month,-0.14640392691884774,1.80556738979817,1.695673602595038
2020-01-01,One month,0,1.088233187463109,-1.8049841556995627
2019-12-01,One month,1.4767148695344234,0.2359557536811337,1.12688105188401
2019-11-01,One month,1.4785343151458186,0.832297609304566,0.7033556675828168
2019-10-01,One month,1.4803582496497159,0.8807478294073777,1.4129051153099814
2019-09-01,One month,0.7381402529390568,1.935722772442008,1.5572154961944307
2019-08-01,One month,1.6327183072157192,1.6696494628817726,1.9890427856867676
2019-07-01,One month,0.44304894037805465,0.603194391011348,0.4233544624851371
2019-06-01,One month,0.2952390541683281,0.3723607149602066,1.5623762105900552
2019-05-01,One month,1.3363659524940674,1.1255740770546392,-0.2816238468144716
2019-04-01,One month,2.9994050127805316,1.737848550518408,3.300550390085122
2019-03-01,One month,2.397789093793712,2.1950669489870087,2.145202522350109
2019-02-01,One month,1.494368602553453,1.5224347103740141,0.14173504997920805
2019-01-01,One month,0.14854240032748933,2.197328408871015,1.1401303224323867
2018-12-01,One month,-3.3518418643662784,0.5831820661915366,0.568853659935753
2018-11-01,One month,0.148138976882084,0.6659634116804918,0
2018-10-01,One month,2.7035562451185546,1.0695631994264274,0.99826859233616
2018-09-01,One month,3.3225459358066534,2.23841869632155,1.1427088264744478
2018-08-01,One month,1.4997848126391933,1.2905894822431485,0.7132213767675477
2018-07-01,One month,1.9569102929953175,0.9817365166985599,1.4328116511228117
2018-06-01,One month,0.8995442281352517,1.3351441203383392,-0.7090073797446417
2018-05-01,One month,4.746758153754094,1.5119178100046722,2.1588381601493456
2018-04-01,One month,2.2759356476138803,1.7408082395118767,1.2916165584144101
2018-03-01,One month,1.057192463072587,2.123896574549695,1.2930082651634756
2018-02-01,One month,0,1.1655818472826212,0.8609298129741205
2018-01-01,One month,3.6786960475023944,1.5872447736253001,1.7311428146707941
2017-12-01,One month,1.3668080951830586,0.5972653962857883,0.7184307565972325
2017-11-01,One month,4.008729369084296,0.9530666760249812,2.4670720166890314
2017-10-01,One month,0.6076700058812445,1.0943766101127494,-1.565154477764985
2017-09-01,One month,2.3006608931056105,1.9625998709514672,1.1536948520675772
2017-08-01,One month,2.6167479839912966,1.0064282865365952,1.5915747842218053
2017-07-01,One month,0.4574615642269464,0.5056958975531893,1.011004309403285
2017-06-01,One month,-0.45537838315237167,0.14124350539745165,0.8666292059480218
2017-05-01,One month,-1.208901043869448,0.8539076252354922,-0.2872873304315404
2017-04-01,One month,1.5321461506276002,1.562303967117941,1.8889076325826037
2017-03-01,One month,-0.9083964935865274,1.775527053832436,1.8918855436878212
2017-02-01,One month,1.9977575527685865,2.197533573555182,0.7242409378671155
2017-01-01,One month,4.523725700584413,1.6467178452609519,1.0161408802169758
2016-12-01,One month,3.5833433242411727,NA,1.309628049009981
2016-11-01,One month,1.7017580503346341,NA,1.311058861825476
2016-10-01,One month,2.4891776982362,NA,1.3124928044394357
2016-09-01,One month,1.3948759841323044,NA,1.167018286993815
2016-08-01,One month,0.154132652272021,NA,0.8747363148226217
2016-07-01,One month,-0.15389544913441133,NA,0.5826640633107338
2016-06-01,One month,2.4972712397882013,NA,0.29101471085402064
2016-05-01,One month,2.344102488048483,NA,0.43697206091368734
2016-04-01,One month,0.9323942554728681,NA,0.29119125435288495
2016-03-01,One month,2.191980587606257,NA,0.7298794045209167
2016-02-01,One month,-0.6179972682121337,NA,1.1712898538546623
2016-01-01,One month,-2.897425511271212,NA,1.1724342245935881
2015-12-01,One month,-2.5904949127615207,NA,0.29200612105579893
2015-11-01,One month,0.618953556310653,NA,0.7319272335512661
2015-10-01,One month,0.9304663547772485,NA,1.7674764919722197
2015-09-01,One month,-0.768881980252023,NA,0.880836062322321
2015-08-01,One month,-0.7683896485487951,NA,1.473813052172246
2015-07-01,One month,-1.2255687394376436,NA,0.14651117599553398
2015-06-01,One month,0.46334945861659094,NA,0.587513626575098
2015-05-01,One month,2.1831506832762804,NA,1.1793476843447337
2015-04-01,One month,1.40012005065544,NA,1.0321221758534227
2015-03-01,One month,2.0315781102477226,NA,-0.14663649860261474
2015-02-01,One month,4.764181923677313,NA,2.5285322699970525
2015-01-01,One month,-1.6941133036967204,NA,3.292301086781846
2014-12-01,One month,-3.501954035894861,NA,1.0378606917657685
2014-11-01,One month,-0.4631110305121977,NA,1.4875147992589266
2014-10-01,One month,-1.5341043820542022,NA,-0.4421782426053511
2014-09-01,One month,1.2443133835671416,NA,0.5926640435529151
2014-08-01,One month,0.46514549637726166,NA,1.6398172119629573
2014-07-01,One month,0,NA,0.29640586114052514
2014-06-01,One month,0.93299836388272,NA,0.7429846686536123
2014-05-01,One month,-0.7709566814451896,NA,-0.5904768248605974
2014-04-01,One month,0,NA,0.2965157223083992
2014-03-01,One month,-0.46305146277416664,NA,0.7432607830845761
2014-02-01,One month,1.24576660646194,NA,2.0975645698750656
2014-01-01,One month,1.090261252294611,NA,1.1949075481098914
2013-12-01,One month,2.354219344252151,NA,0.745755078995658
2013-11-01,One month,0.1554101871840574,NA,1.6496538344205725
2013-10-01,One month,-2.4516706775933206,NA,-0.2972134046984487
2013-09-01,One month,0.9345727154871808,NA,1.500159791906075
2013-08-01,One month,0.6224853658193474,NA,-0.14887411199534517
2013-07-01,One month,2.1982904258485148,NA,0.5978310929722008
2013-06-01,One month,1.7260120759605035,NA,1.200135798920554
2013-05-01,One month,0,NA,0.7490134507925905
2013-04-01,One month,-0.46586781224526863,NA,0.29906519953566413
2013-03-01,One month,1.4112803966940701,NA,2.267335490594391
2013-02-01,One month,1.5712657763642834,NA,0
2013-01-01,One month,2.85129599122953,NA,0.9020235201252946
2012-12-01,One month,1.2594955080485137,NA,2.12006330800254
2012-11-01,One month,-0.7793686720816484,NA,0.7529612793880425
2012-10-01,One month,1.736913386404093,NA,1.818591743610276
2012-09-01,One month,3.1869872828722112,NA,1.515314267972201
2012-08-01,One month,4.175557472862401,NA,0.3014694382190708
2012-07-01,One month,2.556454680453135,NA,1.824120478620217
2012-06-01,One month,-0.3153328106679676,NA,1.6732834739583646
2012-05-01,One month,-0.786107984942741,NA,1.3687134786100508
2012-04-01,One month,2.72183148396401,NA,1.2170237121809757
2012-03-01,One month,4.039597136482809,NA,1.8334101176437967
2012-02-01,One month,3.722518722042878,NA,1.0667244039800794
2012-01-01,One month,5.573137763428204,NA,2.7704780238986704
2011-12-01,One month,0.9642352843013402,NA,1.2240063368400556
2011-11-01,One month,2.595854922304408,NA,1.2252560891984121
2011-10-01,One month,2.93178847400688,NA,2.0013455674792846
2011-09-01,One month,2.938968337915693,NA,1.2285488639388609
2011-08-01,One month,1.7894195510076871,NA,2.3193361076706553
2011-07-01,One month,2.7842365685780246,NA,1.3873503961936429
2011-06-01,One month,0.16186682943581943,NA,1.544570073241025
2011-05-01,One month,1.1392025898516511,NA,1.2351877940375955
2011-04-01,One month,3.799898551694225,NA,1.7043947767725331
2011-03-01,One month,4.661314726594212,NA,0.9271116433171134
2011-02-01,One month,2.813417310475419,NA,1.0833712324705314
2011-01-01,One month,6.074148489415521,NA,2.9729877616830214
2010-12-01,One month,4.026316020680087,NA,0.619592719490214
2010-11-01,One month,2.6739385639358293,NA,1.2439909054529075
2010-10-01,One month,1.8341743680875267,NA,1.71658506416279
2010-09-01,One month,1.332388604749024,NA,1.090261252294611
2010-08-01,One month,1.1660867668463082,NA,1.2481962023759507
2010-07-01,One month,1.5034174835565794,NA,1.2494958658040956
2010-06-01,One month,1.0008257735608872,NA,1.408335915754777
2010-05-01,One month,0.49947868000117523,NA,0.46762271879099426
2010-04-01,One month,4.42169532465424,NA,1.4105431227972698
2010-03-01,One month,4.263461155674575,NA,0.7819078336335439
2010-02-01,One month,0.33519521958393916,NA,0.6254051481140444
2010-01-01,One month,3.5819704549118425,NA,0.7828259756631484
2009-12-01,One month,0.5048723687438805,NA,1.414792998988612
2009-11-01,One month,2.553236561179051,NA,0.9419083445400656
2009-10-01,One month,0.1684091949460731,NA,1.1006900665542885
2009-09-01,One month,-0.6706695644636551,NA,0.6279414424509966
2009-08-01,One month,3.0775623459701196,NA,1.5787073323823897
2009-07-01,One month,-2.166130335114369,NA,0.15687296631292647
2009-06-01,One month,3.4282435595216265,NA,0.47148102849134954
2009-05-01,One month,1.018234837557519,NA,1.2631413208591624
2009-04-01,One month,1.0190995657743285,NA,1.2644723095056154
2009-03-01,One month,-0.8414507671514748,NA,1.2658061060350612
2009-02-01,One month,2.0497515144712875,NA,1.5866391603040597
2009-01-01,One month,0.6794029337159113,NA,0.7909787169099625
2008-12-01,One month,-4.621532500721004,NA,1.1099986553252617
2008-11-01,One month,-4.763921904271817,NA,2.0739813049641675
2008-10-01,One month,-1.6645474459547227,NA,2.2393109224427388
2008-09-01,One month,0.8425142038400502,NA,1.436050395417321
2008-08-01,One month,-2.156548426593241,NA,2.083954994812487
2008-07-01,One month,3.5865581788742107,NA,1.118273787259727
2008-06-01,One month,5.7156701724375925,NA,2.08953749275389
2008-05-01,One month,6.825085641749817,NA,2.093182182413811
2008-04-01,One month,3.106775169820719,NA,1.2847791354455351
2008-03-01,One month,5.790875087917247,NA,2.7545387111116426
2008-02-01,One month,1.5518049328100858,NA,0.9651400488755346
2008-01-01,One month,5.463247050442166,NA,2.7631193490006645
2007-12-01,One month,1.9111858058445508,NA,1.946411580861529
2007-11-01,One month,7.3395770868607935,NA,2.1138870036634616
2007-10-01,One month,3.8916046240782043,NA,1.7886921334193007
2007-09-01,One month,3.0026496453481766,NA,1.2993864009152478
2007-08-01,One month,0.8753318435104074,NA,0.6481208976647945
2007-07-01,One month,2.473738712506446,NA,1.959122046922146
2007-06-01,One month,1.9421160794566017,NA,0.8126183171126344
2007-05-01,One month,2.4828781278835477,NA,2.129177765464574
2007-04-01,One month,5.043251863521769,NA,2.6321515537604645
2007-03-01,One month,3.042502885074194,NA,1.6399801943183467
2007-02-01,One month,1.782220014023106,NA,1.9741623385701956
2007-01-01,One month,3.0548031769367157,NA,3.6576319059392626
2006-12-01,One month,1.428760079449809,NA,1.6499012622053888
2006-11-01,One month,1.250449122549968,NA,1.652172813471564
2006-10-01,One month,-0.70775287995381575,NA,1.8215194680527347
2006-09-01,One month,-1.4092544189278744,NA,2.1598344329889496
2006-08-01,One month,1.4293982773150304,NA,0.8262709137501822
2006-07-01,One month,3.619523988359452,NA,1.661091949830884
2006-06-01,One month,2.16143038349923,NA,2.1682395678386923
2006-05-01,One month,3.0824964359421836,NA,1.6663972384504344
2006-04-01,One month,4.392906030375188,NA,0.9976362743473022
2006-03-01,One month,2.1787623534490264,NA,2.177014127052934
2006-02-01,One month,1.9988745142475173,NA,0.8328080650993774
2006-01-01,One month,3.2989286862310285,NA,0.6661091359490001
2005-12-01,One month,1.0897426404363975,NA,1.5063531225675275
2005-11-01,One month,-2.1434127082679555,NA,1.5082463805379032
2005-10-01,One month,1.4545201721568812,NA,1.5101444034867573
2005-09-01,One month,5.198495023813221,NA,1.3428252484418035
2005-08-01,One month,3.13555694894454,NA,1.8534898778490128
2005-07-01,One month,3.709586711861701,NA,1.0079714078283564
2005-06-01,One month,2.4019191656274863,NA,0.8399195237685175
2005-05-01,One month,0.9183375398789773,NA,1.3484838465123383
2005-04-01,One month,3.7315013105408745,NA,2.0323941715834293
2005-03-01,One month,3.7431396225193536,NA,0.8428692664351978
2005-02-01,One month,2.9918339808394423,NA,0.8434617029343672
2005-01-01,One month,0.740851717609603,NA,1.1838352689759413
2004-12-01,One month,1.3011979032447885,NA,1.6975125546960124
2004-11-01,One month,-0.1846011324172392,NA,1.6999171905439647
2004-10-01,One month,3.5780627280692423,NA,1.0176591668795254
2004-09-01,One month,0.37134415384438846,NA,1.0185229171982169
2004-08-01,One month,3.0139055033015616,NA,2.569637926702728
2004-07-01,One month,1.68759240377363,NA,1.3645846578378196
2004-06-01,One month,1.5006756946601474,NA,2.4040077327661225
2004-05-01,One month,3.22222176329523,NA,0.6819124295629697
2004-04-01,One month,3.0377461455035837,NA,2.4102154885464744
2004-03-01,One month,4.213280339136594,NA,1.5453656996348153
2004-02-01,One month,1.5156013391392609,NA,2.4181944283988566
2004-01-01,One month,4.233546923616638,NA,3.658404181069952
2003-12-01,One month,0.37836940910955796,NA,1.20731574312416
2003-11-01,One month,1.5232968970363636,NA,1.3824667634041
2003-10-01,One month,0.7594900591481712,NA,1.2099242129509191
2003-09-01,One month,3.2734044895977865,NA,2.6148027372675298
2003-08-01,One month,2.499672026124977,NA,1.0394017556142554
2003-07-01,One month,2.5048895977592522,NA,1.5648457348794498
2003-06-01,One month,1.9248693550529605,NA,1.5668889770038996
2003-05-01,One month,-0.57065709290266,NA,1.9211994229393792
2003-04-01,One month,-1.7006124396955813,NA,0.8697488732265279
2003-03-01,One month,3.690404966178251,NA,2.635861241674098
2003-02-01,One month,3.7017879725233405,NA,1.0477204503306803
2003-01-01,One month,5.931084302745093,NA,1.9316011297034974
2002-12-01,One month,1.945464941086228,NA,1.5799544498781737
2002-11-01,One month,0,NA,2.4726465019256016
2002-10-01,One month,1.7519227940314686,NA,1.5852883891198877
2002-09-01,One month,2.544934227634932,NA,1.4096686099291933
2002-08-01,One month,2.351681952555218,NA,1.7675198804512071
2002-07-01,One month,2.5553554943164913,NA,2.6678950082566155
2002-06-01,One month,0,NA,1.9533240448868616
2002-05-01,One month,0.7804838856860119,NA,1.5977178277367443
2002-04-01,One month,4.378155826556052,NA,2.8633431217211847
2002-03-01,One month,2.371432422962827,NA,1.4240973178222482
2002-02-01,One month,0.9827126825426191,NA,1.6055558521090196
2002-01-01,One month,8.1686572806851,NA,5.094473997533444
2001-12-01,One month,1.589107922523847,NA,2.523527961542782
2001-11-01,One month,0,NA,2.5288456983290075
2001-10-01,One month,0.1974170623267213,NA,2.717842868078546
2001-09-01,One month,2.8030907155800255,NA,1.9898351903869793
2001-08-01,One month,0.794171913603825,NA,2.3601315169249792
2001-07-01,One month,0.5953840189705906,NA,2.9190612016518847
2001-06-01,One month,1.7986032883831715,NA,1.8181325280615557
2001-05-01,One month,5.931320113540783,NA,2.189362165899089
2001-04-01,One month,4.278892989086858,NA,2.193363733271525
2001-03-01,One month,2.635208231444519,NA,1.6431739289285652
2001-02-01,One month,3.053980064362727,NA,0.7277105883533697
2001-01-01,One month,-0.20058497284581867,NA,1.4620516920496929
2000-12-01,One month,0.6042784984040095,NA,2.204443845096171
2000-11-01,One month,3.270583925209425,NA,1.8367775921126928
2000-10-01,One month,1.0125642304926519,NA,2.0255591648874915
2000-09-01,One month,6.250210449654037,NA,1.656785561455365
2000-08-01,One month,2.2557379046379555,NA,2.2187087518764637
2000-07-01,One month,1.0204861900050988,NA,-0.3653520085313833
2000-06-01,One month,4.153824211246682,NA,1.1044527869115583
2000-05-01,One month,1.852911720055772,NA,0.5510893191168265
2000-04-01,One month,-0.4074005596359398,NA,0.36719665345228414
2000-03-01,One month,2.69158435252701,NA,0.7360801344558077
2000-02-01,One month,1.0283568017056766,NA,-0.7307015852447973
2000-01-01,One month,1.860893141632891,NA,0.5515114459323289
1999-12-01,One month,3.552095244548803,NA,1.2925882283326473
1999-11-01,One month,1.869267086833748,NA,1.6670145374751977
1999-10-01,One month,0.827438875350528,NA,-0.18364062511226908
1999-09-01,One month,0.620313357787583,NA,-0.9144186986705716
1999-08-01,One month,1.8744578462868144,NA,0.5526120081770669
1999-07-01,One month,2.5116444352233147,NA,1.6685597877250435
1999-06-01,One month,0.6228892597905045,NA,0.9245639496043179
1999-05-01,One month,-0.6190333674302329,NA,0.184317588962557
1999-04-01,One month,3.801032273699434,NA,0.36906001842078595
1999-03-01,One month,1.464537003507993,NA,0.7398240349113072
1999-02-01,One month,0.41659374418654416,NA,0.3694008457450826
1999-01-01,One month,-0.621598627822495,NA,-0.5515114382759312
1998-12-01,One month,0,NA,0.5545699550111527
1998-11-01,One month,-0.2075585179868944,NA,0.18457273890752912
1998-10-01,One month,-0.20752262375969277,NA,0.18460113251315136
1998-09-01,One month,-0.20748674194475125,NA,0.36962841390333345
1998-08-01,One month,1.0442861600998166,NA,1.6755490129461093
1998-07-01,One month,0.41666606928210115,NA,0.5559402081396936
1998-06-01,One month,1.2560897727617704,NA,1.6786741645597125
1998-05-01,One month,2.105186748805221,NA,2.248150567594931
1998-04-01,One month,1.4712059965751756,NA,1.1193914419770579
1998-03-01,One month,-0.624185237379038,NA,0
1998-02-01,One month,0.8384230905801093,NA,1.8749459583470962
1998-01-01,One month,-1.0381427818297984,NA,0
1997-12-01,One month,0.8382766684008836,NA,1.877879977328245
1997-11-01,One month,1.261150083304563,NA,1.123934616390465
1997-10-01,One month,0.20922318293983277,NA,-0.9271354586162128
1997-09-01,One month,0.6292035729305923,NA,-0.1860320372070956
1997-08-01,One month,3.6246683804284086,NA,1.3125839543205453
1997-07-01,One month,1.6933805077587571,NA,1.314021236730878
1997-06-01,One month,1.0562353483537068,NA,0.7494110498869944
1997-05-01,One month,1.4834168930556446,NA,0.9382995526264315
1997-04-01,One month,-0.8381302565178883,NA,-0.3729599428394903
1997-03-01,One month,-1.2534654931568578,NA,0
1997-02-01,One month,0,NA,1.3169052651096136
1997-01-01,One month,NA,NA,NA
1996-12-01,One month,NA,NA,NA
1996-11-01,One month,NA,NA,NA
1996-10-01,One month,NA,NA,NA
1996-09-01,One month,NA,NA,NA
1996-08-01,One month,NA,NA,NA
1996-07-01,One month,NA,NA,NA
1996-06-01,One month,NA,NA,NA
1996-05-01,One month,NA,NA,NA
1996-04-01,One month,NA,NA,NA
1996-03-01,One month,NA,NA,NA
1996-02-01,One month,NA,NA,NA
1996-01-01,One month,NA,NA,NA
1995-12-01,One month,NA,NA,NA
1995-11-01,One month,NA,NA,NA
1995-10-01,One month,NA,NA,NA
1995-09-01,One month,NA,NA,NA
1995-08-01,One month,NA,NA,NA
1995-07-01,One month,NA,NA,NA
1995-06-01,One month,NA,NA,NA
1995-05-01,One month,NA,NA,NA
1995-04-01,One month,NA,NA,NA
1995-03-01,One month,NA,NA,NA
1995-02-01,One month,NA,NA,NA
1995-01-01,One month,NA,NA,NA
1994-12-01,One month,NA,NA,NA
1994-11-01,One month,NA,NA,NA
1994-10-01,One month,NA,NA,NA
1994-09-01,One month,NA,NA,NA
1994-08-01,One month,NA,NA,NA
1994-07-01,One month,NA,NA,NA
1994-06-01,One month,NA,NA,NA
1994-05-01,One month,NA,NA,NA
1994-04-01,One month,NA,NA,NA
1994-03-01,One month,NA,NA,NA
1994-02-01,One month,NA,NA,NA
1994-01-01,One month,NA,NA,NA
1993-12-01,One month,NA,NA,NA
1993-11-01,One month,NA,NA,NA
1993-10-01,One month,NA,NA,NA
1993-09-01,One month,NA,NA,NA
1993-08-01,One month,NA,NA,NA
1993-07-01,One month,NA,NA,NA
1993-06-01,One month,NA,NA,NA
1993-05-01,One month,NA,NA,NA
1993-04-01,One month,NA,NA,NA
1993-03-01,One month,NA,NA,NA
1993-02-01,One month,NA,NA,NA
1993-01-01,One month,NA,NA,NA
1992-12-01,One month,NA,NA,NA
1992-11-01,One month,NA,NA,NA
1992-10-01,One month,NA,NA,NA
1992-09-01,One month,NA,NA,NA
1992-08-01,One month,NA,NA,NA
1992-07-01,One month,NA,NA,NA
1992-06-01,One month,NA,NA,NA
1992-05-01,One month,NA,NA,NA
1992-04-01,One month,NA,NA,NA
1992-03-01,One month,NA,NA,NA
1992-02-01,One month,NA,NA,NA
1992-01-01,One month,NA,NA,NA
1991-12-01,One month,NA,NA,NA
1991-11-01,One month,NA,NA,NA
1991-10-01,One month,NA,NA,NA
1991-09-01,One month,NA,NA,NA
1991-08-01,One month,NA,NA,NA
1991-07-01,One month,NA,NA,NA
1991-06-01,One month,NA,NA,NA
1991-05-01,One month,NA,NA,NA
1991-04-01,One month,NA,NA,NA
1991-03-01,One month,NA,NA,NA
1991-02-01,One month,NA,NA,NA
1991-01-01,One month,NA,NA,NA
1990-12-01,One month,NA,NA,NA
1990-11-01,One month,NA,NA,NA
1990-10-01,One month,NA,NA,NA
1990-09-01,One month,NA,NA,NA
1990-08-01,One month,NA,NA,NA
1990-07-01,One month,NA,NA,NA
1990-06-01,One month,NA,NA,NA
1990-05-01,One month,NA,NA,NA
1990-04-01,One month,NA,NA,NA
1990-03-01,One month,NA,NA,NA
1990-02-01,One month,NA,NA,NA
1990-01-01,One month,NA,NA,NA
1989-12-01,One month,NA,NA,NA
1989-11-01,One month,NA,NA,NA
1989-10-01,One month,NA,NA,NA
1989-09-01,One month,NA,NA,NA
1989-08-01,One month,NA,NA,NA
1989-07-01,One month,NA,NA,NA
1989-06-01,One month,NA,NA,NA
1989-05-01,One month,NA,NA,NA
1989-04-01,One month,NA,NA,NA
1989-03-01,One month,NA,NA,NA
1989-02-01,One month,NA,NA,NA
1989-01-01,One month,NA,NA,NA
1988-12-01,One month,NA,NA,NA
1988-11-01,One month,NA,NA,NA
1988-10-01,One month,NA,NA,NA
1988-09-01,One month,NA,NA,NA
1988-08-01,One month,NA,NA,NA
1988-07-01,One month,NA,NA,NA
1988-06-01,One month,NA,NA,NA
1988-05-01,One month,NA,NA,NA
1988-04-01,One month,NA,NA,NA
1988-03-01,One month,NA,NA,NA
1988-02-01,One month,NA,NA,NA
1988-01-01,One month,NA,NA,NA
1987-12-01,One month,NA,NA,NA
1987-11-01,One month,NA,NA,NA
1987-10-01,One month,NA,NA,NA
1987-09-01,One month,NA,NA,NA
1987-08-01,One month,NA,NA,NA
1987-07-01,One month,NA,NA,NA
1987-06-01,One month,NA,NA,NA
1987-05-01,One month,NA,NA,NA
1987-04-01,One month,NA,NA,NA
1987-03-01,One month,NA,NA,NA
1987-02-01,One month,NA,NA,NA
1987-01-01,One month,NA,NA,NA
1986-12-01,One month,NA,NA,NA
1986-11-01,One month,NA,NA,NA
1986-10-01,One month,NA,NA,NA
1986-09-01,One month,NA,NA,NA
1986-08-01,One month,NA,NA,NA
1986-07-01,One month,NA,NA,NA
1986-06-01,One month,NA,NA,NA
1986-05-01,One month,NA,NA,NA
1986-04-01,One month,NA,NA,NA
1986-03-01,One month,NA,NA,NA
1986-02-01,One month,NA,NA,NA
1986-01-01,One month,NA,NA,NA
1985-12-01,One month,NA,NA,NA
1985-11-01,One month,NA,NA,NA
1985-10-01,One month,NA,NA,NA
1985-09-01,One month,NA,NA,NA
1985-08-01,One month,NA,NA,NA
1985-07-01,One month,NA,NA,NA
1985-06-01,One month,NA,NA,NA
1985-05-01,One month,NA,NA,NA
1985-04-01,One month,NA,NA,NA
1985-03-01,One month,NA,NA,NA
1985-02-01,One month,NA,NA,NA
1985-01-01,One month,NA,NA,NA
1984-12-01,One month,NA,NA,NA
1984-11-01,One month,NA,NA,NA
1984-10-01,One month,NA,NA,NA
1984-09-01,One month,NA,NA,NA
1984-08-01,One month,NA,NA,NA
1984-07-01,One month,NA,NA,NA
1984-06-01,One month,NA,NA,NA
1984-05-01,One month,NA,NA,NA
1984-04-01,One month,NA,NA,NA
1984-03-01,One month,NA,NA,NA
1984-02-01,One month,NA,NA,NA
1984-01-01,One month,NA,NA,NA
1983-12-01,One month,NA,NA,NA
1983-11-01,One month,NA,NA,NA
1983-10-01,One month,NA,NA,NA
1983-09-01,One month,NA,NA,NA
1983-08-01,One month,NA,NA,NA
1983-07-01,One month,NA,NA,NA
1983-06-01,One month,NA,NA,NA
1983-05-01,One month,NA,NA,NA
1983-04-01,One month,NA,NA,NA
1983-03-01,One month,NA,NA,NA
1983-02-01,One month,NA,NA,NA
1983-01-01,One month,NA,NA,NA
1982-12-01,One month,NA,NA,NA
1982-11-01,One month,NA,NA,NA
1982-10-01,One month,NA,NA,NA
1982-09-01,One month,NA,NA,NA
1982-08-01,One month,NA,NA,NA
1982-07-01,One month,NA,NA,NA
1982-06-01,One month,NA,NA,NA
1982-05-01,One month,NA,NA,NA
1982-04-01,One month,NA,NA,NA
1982-03-01,One month,NA,NA,NA
1982-02-01,One month,NA,NA,NA
1982-01-01,One month,NA,NA,NA
1981-12-01,One month,NA,NA,NA
1981-11-01,One month,NA,NA,NA
1981-10-01,One month,NA,NA,NA
1981-09-01,One month,NA,NA,NA
1981-08-01,One month,NA,NA,NA
1981-07-01,One month,NA,NA,NA
1981-06-01,One month,NA,NA,NA
1981-05-01,One month,NA,NA,NA
1981-04-01,One month,NA,NA,NA
1981-03-01,One month,NA,NA,NA
1981-02-01,One month,NA,NA,NA
1981-01-01,One month,NA,NA,NA
1980-12-01,One month,NA,NA,NA
1980-11-01,One month,NA,NA,NA
1980-10-01,One month,NA,NA,NA
1980-09-01,One month,NA,NA,NA
1980-08-01,One month,NA,NA,NA
1980-07-01,One month,NA,NA,NA
1980-06-01,One month,NA,NA,NA
1980-05-01,One month,NA,NA,NA
1980-04-01,One month,NA,NA,NA
1980-03-01,One month,NA,NA,NA
1980-02-01,One month,NA,NA,NA
1980-01-01,One month,NA,NA,NA
1979-12-01,One month,NA,NA,NA
1979-11-01,One month,NA,NA,NA
1979-10-01,One month,NA,NA,NA
1979-09-01,One month,NA,NA,NA
1979-08-01,One month,NA,NA,NA
1979-07-01,One month,NA,NA,NA
1979-06-01,One month,NA,NA,NA
1979-05-01,One month,NA,NA,NA
1979-04-01,One month,NA,NA,NA
1979-03-01,One month,NA,NA,NA
1979-02-01,One month,NA,NA,NA
1979-01-01,One month,NA,NA,NA
1978-12-01,One month,NA,NA,NA
1978-11-01,One month,NA,NA,NA
1978-10-01,One month,NA,NA,NA
1978-09-01,One month,NA,NA,NA
1978-08-01,One month,NA,NA,NA
1978-07-01,One month,NA,NA,NA
1978-06-01,One month,NA,NA,NA
1978-05-01,One month,NA,NA,NA
1978-04-01,One month,NA,NA,NA
1978-03-01,One month,NA,NA,NA
1978-02-01,One month,NA,NA,NA
1978-01-01,One month,NA,NA,NA
1977-12-01,One month,NA,NA,NA
1977-11-01,One month,NA,NA,NA
1977-10-01,One month,NA,NA,NA
1977-09-01,One month,NA,NA,NA
1977-08-01,One month,NA,NA,NA
1977-07-01,One month,NA,NA,NA
1977-06-01,One month,NA,NA,NA
1977-05-01,One month,NA,NA,NA
1977-04-01,One month,NA,NA,NA
1977-03-01,One month,NA,NA,NA
1977-02-01,One month,NA,NA,NA
1977-01-01,One month,NA,NA,NA
1976-12-01,One month,NA,NA,NA
1976-11-01,One month,NA,NA,NA
1976-10-01,One month,NA,NA,NA
1976-09-01,One month,NA,NA,NA
1976-08-01,One month,NA,NA,NA
1976-07-01,One month,NA,NA,NA
1976-06-01,One month,NA,NA,NA
1976-05-01,One month,NA,NA,NA
1976-04-01,One month,NA,NA,NA
1976-03-01,One month,NA,NA,NA
1976-02-01,One month,NA,NA,NA
1976-01-01,One month,NA,NA,NA
1975-12-01,One month,NA,NA,NA
1975-11-01,One month,NA,NA,NA
1975-10-01,One month,NA,NA,NA
1975-09-01,One month,NA,NA,NA
1975-08-01,One month,NA,NA,NA
1975-07-01,One month,NA,NA,NA
1975-06-01,One month,NA,NA,NA
1975-05-01,One month,NA,NA,NA
1975-04-01,One month,NA,NA,NA
1975-03-01,One month,NA,NA,NA
1975-02-01,One month,NA,NA,NA
1975-01-01,One month,NA,NA,NA
1974-12-01,One month,NA,NA,NA
1974-11-01,One month,NA,NA,NA
1974-10-01,One month,NA,NA,NA
1974-09-01,One month,NA,NA,NA
1974-08-01,One month,NA,NA,NA
1974-07-01,One month,NA,NA,NA
1974-06-01,One month,NA,NA,NA
1974-05-01,One month,NA,NA,NA
1974-04-01,One month,NA,NA,NA
1974-03-01,One month,NA,NA,NA
1974-02-01,One month,NA,NA,NA
1974-01-01,One month,NA,NA,NA
1973-12-01,One month,NA,NA,NA
1973-11-01,One month,NA,NA,NA
1973-10-01,One month,NA,NA,NA
1973-09-01,One month,NA,NA,NA
1973-08-01,One month,NA,NA,NA
1973-07-01,One month,NA,NA,NA
1973-06-01,One month,NA,NA,NA
1973-05-01,One month,NA,NA,NA
1973-04-01,One month,NA,NA,NA
1973-03-01,One month,NA,NA,NA
1973-02-01,One month,NA,NA,NA
1973-01-01,One month,NA,NA,NA
1972-12-01,One month,NA,NA,NA
1972-11-01,One month,NA,NA,NA
1972-10-01,One month,NA,NA,NA
1972-09-01,One month,NA,NA,NA
1972-08-01,One month,NA,NA,NA
1972-07-01,One month,NA,NA,NA
1972-06-01,One month,NA,NA,NA
1972-05-01,One month,NA,NA,NA
1972-04-01,One month,NA,NA,NA
1972-03-01,One month,NA,NA,NA
1972-02-01,One month,NA,NA,NA
1972-01-01,One month,NA,NA,NA
1971-12-01,One month,NA,NA,NA
1971-11-01,One month,NA,NA,NA
1971-10-01,One month,NA,NA,NA
1971-09-01,One month,NA,NA,NA
1971-08-01,One month,NA,NA,NA
1971-07-01,One month,NA,NA,NA
1971-06-01,One month,NA,NA,NA
1971-05-01,One month,NA,NA,NA
1971-04-01,One month,NA,NA,NA
1971-03-01,One month,NA,NA,NA
1971-02-01,One month,NA,NA,NA
1971-01-01,One month,NA,NA,NA
1970-12-01,One month,NA,NA,NA
1970-11-01,One month,NA,NA,NA
1970-10-01,One month,NA,NA,NA
1970-09-01,One month,NA,NA,NA
1970-08-01,One month,NA,NA,NA
1970-07-01,One month,NA,NA,NA
1970-06-01,One month,NA,NA,NA
1970-05-01,One month,NA,NA,NA
1970-04-01,One month,NA,NA,NA
1970-03-01,One month,NA,NA,NA
1970-02-01,One month,NA,NA,NA
1970-01-01,One month,NA,NA,NA
1969-12-01,One month,NA,NA,NA
1969-11-01,One month,NA,NA,NA
1969-10-01,One month,NA,NA,NA
1969-09-01,One month,NA,NA,NA
1969-08-01,One month,NA,NA,NA
1969-07-01,One month,NA,NA,NA
1969-06-01,One month,NA,NA,NA
1969-05-01,One month,NA,NA,NA
1969-04-01,One month,NA,NA,NA
1969-03-01,One month,NA,NA,NA
1969-02-01,One month,NA,NA,NA
1969-01-01,One month,NA,NA,NA
1968-12-01,One month,NA,NA,NA
1968-11-01,One month,NA,NA,NA
1968-10-01,One month,NA,NA,NA
1968-09-01,One month,NA,NA,NA
1968-08-01,One month,NA,NA,NA
1968-07-01,One month,NA,NA,NA
1968-06-01,One month,NA,NA,NA
1968-05-01,One month,NA,NA,NA
1968-04-01,One month,NA,NA,NA
1968-03-01,One month,NA,NA,NA
1968-02-01,One month,NA,NA,NA
1968-01-01,One month,NA,NA,NA
1967-12-01,One month,NA,NA,NA
1967-11-01,One month,NA,NA,NA
1967-10-01,One month,NA,NA,NA
1967-09-01,One month,NA,NA,NA
1967-08-01,One month,NA,NA,NA
1967-07-01,One month,NA,NA,NA
1967-06-01,One month,NA,NA,NA
1967-05-01,One month,NA,NA,NA
1967-04-01,One month,NA,NA,NA
1967-03-01,One month,NA,NA,NA
1967-02-01,One month,NA,NA,NA
1967-01-01,One month,NA,NA,NA
1966-12-01,One month,NA,NA,NA
1966-11-01,One month,NA,NA,NA
1966-10-01,One month,NA,NA,NA
1966-09-01,One month,NA,NA,NA
1966-08-01,One month,NA,NA,NA
1966-07-01,One month,NA,NA,NA
1966-06-01,One month,NA,NA,NA
1966-05-01,One month,NA,NA,NA
1966-04-01,One month,NA,NA,NA
1966-03-01,One month,NA,NA,NA
1966-02-01,One month,NA,NA,NA
1966-01-01,One month,NA,NA,NA
1965-12-01,One month,NA,NA,NA
1965-11-01,One month,NA,NA,NA
1965-10-01,One month,NA,NA,NA
1965-09-01,One month,NA,NA,NA
1965-08-01,One month,NA,NA,NA
1965-07-01,One month,NA,NA,NA
1965-06-01,One month,NA,NA,NA
1965-05-01,One month,NA,NA,NA
1965-04-01,One month,NA,NA,NA
1965-03-01,One month,NA,NA,NA
1965-02-01,One month,NA,NA,NA
1965-01-01,One month,NA,NA,NA
1964-12-01,One month,NA,NA,NA
1964-11-01,One month,NA,NA,NA
1964-10-01,One month,NA,NA,NA
1964-09-01,One month,NA,NA,NA
1964-08-01,One month,NA,NA,NA
1964-07-01,One month,NA,NA,NA
1964-06-01,One month,NA,NA,NA
1964-05-01,One month,NA,NA,NA
1964-04-01,One month,NA,NA,NA
1964-03-01,One month,NA,NA,NA
1964-02-01,One month,NA,NA,NA
1964-01-01,One month,NA,NA,NA
1963-12-01,One month,NA,NA,NA
1963-11-01,One month,NA,NA,NA
1963-10-01,One month,NA,NA,NA
1963-09-01,One month,NA,NA,NA
1963-08-01,One month,NA,NA,NA
1963-07-01,One month,NA,NA,NA
1963-06-01,One month,NA,NA,NA
1963-05-01,One month,NA,NA,NA
1963-04-01,One month,NA,NA,NA
1963-03-01,One month,NA,NA,NA
1963-02-01,One month,NA,NA,NA
1963-01-01,One month,NA,NA,NA
1962-12-01,One month,NA,NA,NA
1962-11-01,One month,NA,NA,NA
1962-10-01,One month,NA,NA,NA
1962-09-01,One month,NA,NA,NA
1962-08-01,One month,NA,NA,NA
1962-07-01,One month,NA,NA,NA
1962-06-01,One month,NA,NA,NA
1962-05-01,One month,NA,NA,NA
1962-04-01,One month,NA,NA,NA
1962-03-01,One month,NA,NA,NA
1962-02-01,One month,NA,NA,NA
1962-01-01,One month,NA,NA,NA
1961-12-01,One month,NA,NA,NA
1961-11-01,One month,NA,NA,NA
1961-10-01,One month,NA,NA,NA
1961-09-01,One month,NA,NA,NA
1961-08-01,One month,NA,NA,NA
1961-07-01,One month,NA,NA,NA
1961-06-01,One month,NA,NA,NA
1961-05-01,One month,NA,NA,NA
1961-04-01,One month,NA,NA,NA
1961-03-01,One month,NA,NA,NA
1961-02-01,One month,NA,NA,NA
1961-01-01,One month,NA,NA,NA
1960-12-01,One month,NA,NA,NA
1960-11-01,One month,NA,NA,NA
1960-10-01,One month,NA,NA,NA
1960-09-01,One month,NA,NA,NA
1960-08-01,One month,NA,NA,NA
1960-07-01,One month,NA,NA,NA
1960-06-01,One month,NA,NA,NA
1960-05-01,One month,NA,NA,NA
1960-04-01,One month,NA,NA,NA
1960-03-01,One month,NA,NA,NA
1960-02-01,One month,NA,NA,NA
1960-01-01,One month,NA,NA,NA
1959-12-01,One month,NA,NA,NA
1959-11-01,One month,NA,NA,NA
1959-10-01,One month,NA,NA,NA
1959-09-01,One month,NA,NA,NA
1959-08-01,One month,NA,NA,NA
1959-07-01,One month,NA,NA,NA
1959-06-01,One month,NA,NA,NA
1959-05-01,One month,NA,NA,NA
1959-04-01,One month,NA,NA,NA
1959-03-01,One month,NA,NA,NA
1959-02-01,One month,NA,NA,NA
1959-01-01,One month,NA,NA,NA
1958-12-01,One month,NA,NA,NA
1958-11-01,One month,NA,NA,NA
1958-10-01,One month,NA,NA,NA
1958-09-01,One month,NA,NA,NA
1958-08-01,One month,NA,NA,NA
1958-07-01,One month,NA,NA,NA
1958-06-01,One month,NA,NA,NA
1958-05-01,One month,NA,NA,NA
1958-04-01,One month,NA,NA,NA
1958-03-01,One month,NA,NA,NA
1958-02-01,One month,NA,NA,NA
1958-01-01,One month,NA,NA,NA
1957-12-01,One month,NA,NA,NA
1957-11-01,One month,NA,NA,NA
1957-10-01,One month,NA,NA,NA
1957-09-01,One month,NA,NA,NA
1957-08-01,One month,NA,NA,NA
1957-07-01,One month,NA,NA,NA
1957-06-01,One month,NA,NA,NA
1957-05-01,One month,NA,NA,NA
1957-04-01,One month,NA,NA,NA
1957-03-01,One month,NA,NA,NA
1957-02-01,One month,NA,NA,NA
1957-01-01,One month,NA,NA,NA
1956-12-01,One month,NA,NA,NA
1956-11-01,One month,NA,NA,NA
1956-10-01,One month,NA,NA,NA
1956-09-01,One month,NA,NA,NA
1956-08-01,One month,NA,NA,NA
1956-07-01,One month,NA,NA,NA
1956-06-01,One month,NA,NA,NA
1956-05-01,One month,NA,NA,NA
1956-04-01,One month,NA,NA,NA
1956-03-01,One month,NA,NA,NA
1956-02-01,One month,NA,NA,NA
1956-01-01,One month,NA,NA,NA
1955-12-01,One month,NA,NA,NA
1955-11-01,One month,NA,NA,NA
1955-10-01,One month,NA,NA,NA
1955-09-01,One month,NA,NA,NA
1955-08-01,One month,NA,NA,NA
1955-07-01,One month,NA,NA,NA
1955-06-01,One month,NA,NA,NA
1955-05-01,One month,NA,NA,NA
1955-04-01,One month,NA,NA,NA
1955-03-01,One month,NA,NA,NA
1955-02-01,One month,NA,NA,NA
1955-01-01,One month,NA,NA,NA
1954-12-01,One month,NA,NA,NA
1954-11-01,One month,NA,NA,NA
1954-10-01,One month,NA,NA,NA
1954-09-01,One month,NA,NA,NA
1954-08-01,One month,NA,NA,NA
1954-07-01,One month,NA,NA,NA
1954-06-01,One month,NA,NA,NA
1954-05-01,One month,NA,NA,NA
1954-04-01,One month,NA,NA,NA
1954-03-01,One month,NA,NA,NA
1954-02-01,One month,NA,NA,NA
1954-01-01,One month,NA,NA,NA
1953-12-01,One month,NA,NA,NA
1953-11-01,One month,NA,NA,NA
1953-10-01,One month,NA,NA,NA
1953-09-01,One month,NA,NA,NA
1953-08-01,One month,NA,NA,NA
1953-07-01,One month,NA,NA,NA
1953-06-01,One month,NA,NA,NA
1953-05-01,One month,NA,NA,NA
1953-04-01,One month,NA,NA,NA
1953-03-01,One month,NA,NA,NA
1953-02-01,One month,NA,NA,NA
1953-01-01,One month,NA,NA,NA
1952-12-01,One month,NA,NA,NA
1952-11-01,One month,NA,NA,NA
1952-10-01,One month,NA,NA,NA
1952-09-01,One month,NA,NA,NA
1952-08-01,One month,NA,NA,NA
1952-07-01,One month,NA,NA,NA
1952-06-01,One month,NA,NA,NA
1952-05-01,One month,NA,NA,NA
1952-04-01,One month,NA,NA,NA
1952-03-01,One month,NA,NA,NA
1952-02-01,One month,NA,NA,NA
1952-01-01,One month,NA,NA,NA
1951-12-01,One month,NA,NA,NA
1951-11-01,One month,NA,NA,NA
1951-10-01,One month,NA,NA,NA
1951-09-01,One month,NA,NA,NA
1951-08-01,One month,NA,NA,NA
1951-07-01,One month,NA,NA,NA
1951-06-01,One month,NA,NA,NA
1951-05-01,One month,NA,NA,NA
1951-04-01,One month,NA,NA,NA
1951-03-01,One month,NA,NA,NA
1951-02-01,One month,NA,NA,NA
1951-01-01,One month,NA,NA,NA
1950-12-01,One month,NA,NA,NA
1950-11-01,One month,NA,NA,NA
1950-10-01,One month,NA,NA,NA
1950-09-01,One month,NA,NA,NA
1950-08-01,One month,NA,NA,NA
1950-07-01,One month,NA,NA,NA
1950-06-01,One month,NA,NA,NA
1950-05-01,One month,NA,NA,NA
1950-04-01,One month,NA,NA,NA
1950-03-01,One month,NA,NA,NA
1950-02-01,One month,NA,NA,NA
1950-01-01,One month,NA,NA,NA
1949-12-01,One month,NA,NA,NA
1949-11-01,One month,NA,NA,NA
1949-10-01,One month,NA,NA,NA
1949-09-01,One month,NA,NA,NA
1949-08-01,One month,NA,NA,NA
1949-07-01,One month,NA,NA,NA
1949-06-01,One month,NA,NA,NA
1949-05-01,One month,NA,NA,NA
1949-04-01,One month,NA,NA,NA
1949-03-01,One month,NA,NA,NA
1949-02-01,One month,NA,NA,NA
1949-01-01,One month,NA,NA,NA
1948-12-01,One month,NA,NA,NA
1948-11-01,One month,NA,NA,NA
1948-10-01,One month,NA,NA,NA
1948-09-01,One month,NA,NA,NA
1948-08-01,One month,NA,NA,NA
1948-07-01,One month,NA,NA,NA
1948-06-01,One month,NA,NA,NA
1948-05-01,One month,NA,NA,NA
1948-04-01,One month,NA,NA,NA
1948-03-01,One month,NA,NA,NA
1948-02-01,One month,NA,NA,NA
1948-01-01,One month,NA,NA,NA
1947-12-01,One month,NA,NA,NA
1947-11-01,One month,NA,NA,NA
1947-10-01,One month,NA,NA,NA
1947-09-01,One month,NA,NA,NA
1947-08-01,One month,NA,NA,NA
1947-07-01,One month,NA,NA,NA
1947-06-01,One month,NA,NA,NA
1947-05-01,One month,NA,NA,NA
1947-04-01,One month,NA,NA,NA
1947-03-01,One month,NA,NA,NA
1947-02-01,One month,NA,NA,NA
1947-01-01,One month,NA,NA,NA
