Item,One month,Three months,Six months,One year,Included,Excluded
Overall index,1.8851267275302064,2.565383352740791,1.7811636051744628,2.2592302059833336,100,0
All-items excluding energy and food,2.2249307223698445,2.5601304988304374,2.4872839278623493,2.392635900992854,70.6,29.4
FT core,0.9978889516933908,1.3620037845132122,2.129281766243151,2.336465878817318,,
Services,2.957866300800882,3.1626857484543303,3.357254142255517,3.2978332804809702,44.9,55.1
Goods,0.9775987300846278,2.058246740367342,0.4623316902180541,1.3880286895890346,55.1,44.9
Energy,-0.8274673646712527,1.1440812896746255,-5.954171613116166,-0.37264509005589125,9.9,90.1
