Item,One month,Three months,Six months,One year,Included,Excluded
Overall index,0.6062416709144536,2.7683081831375578,2.6935526954400935,2.1665178059391086,100,0
All-items excluding energy and food,2.287566759116677,2.4907220081869186,2.2502973627248624,2.4081583303882006,70.6,29.4
FT core,2.628732565674899,2.741742211176782,2.6576337512841817,2.3402557567120823,,
Services,3.6538839083075425,3.5038603265288737,3.1731987610260637,3.4309202810325354,44.9,55.1
Goods,-1.8866261221619496,2.153562109820739,2.2922940136008707,1.1280051671529872,55.1,44.9
Energy,-15.606686445206709,4.9006218188460515,5.540139489443274,-0.9843698037911472,9.9,90.1
