Item,One month,Three months,Six months,One year,Included,Excluded
Overall index,5.346506066290191,3.173943910488486,2.356921862196626,2.4798707622947638,100,0
All-items excluding energy and food,2.1682384487693662,1.8885022111203575,2.031476653696984,2.6232922426543586,71.3,28.7
FT core,2.905556656796528,1.589020506369839,2.19490701255273,2.482619507145823,,
Services,3.699982523677381,2.764900977159934,3.0532051132578397,3.8576885028620826,45.6,54.4
Goods,7.398801641136976,3.679983113461227,1.8907288767070707,1.3781923326560224,54.4,45.6
Energy,41.86630561915783,17.452953235281043,3.3017612009119013,1.8904736275565142,9.4,90.6
