Item,One month,Three months,Six months,One year,Included,Excluded
Overall index,0.6151655113521892,1.571186711321082,2.0186407239288107,1.9520958375612882,100,0
All-items excluding energy and food,1.6165100698450674,1.9050969671195572,2.1734641434590474,2.309841861586892,71.3,28.7
FT core,0.7430627751939436,1.3647351038459095,1.721904100098448,2.0426626083261854,,
Services,3.133724973732721,3.3135110847502203,3.2163235515451305,3.385328749702029,45.6,54.4
Goods,-1.5022061297687461,0.09887610855832119,1.0030081275517633,0.7483107108490106,54.4,45.6
Energy,-9.686347256528915,-0.3044243131053337,0.4172167085713552,-1.9306594153637007,9.4,90.6
