date,Period,geo,Headline,Core,Goods,Services
2026-08-01,One year,US,3.419031824505426,3.0075959761855975,3.55067450709097,3.3607377375946728
2026-07-01,One year,US,3.3615431894473,2.9834682620703927,3.33867266981254,3.371990372209203
2026-06-01,One year,US,3.453010336936787,3.041234252733225,3.43558707152567,3.4612331304577957
2026-05-01,One year,US,3.8233339662046806,3.1617097712568905,4.44911573607588,3.542471773888013
2026-04-01,One year,US,3.5739479879203886,3.083872406870406,4.08539501717465,3.342523183485619
2026-03-01,One year,US,3.3654037133845427,3.105222783353573,3.3972859961924,3.3505586805079304
2026-02-01,One year,US,2.8011449471257137,2.959152653557542,1.64878961687084,3.3266591263412164
2026-01-01,One year,US,2.7283672053770016,2.9379900328226816,1.20281176776881,3.4234234234234036
2025-12-01,One year,US,2.77715547590093,2.8720269247491967,1.65514114046026,3.2856846265638304
2025-11-01,One year,US,2.7104423018304837,2.7212091395204374,1.47331097603577,3.2741240079288603
2025-10-01,One year,US,2.6574123166401624,2.704820055566327,1.30765739027201,3.274113244889743
2025-09-01,One year,US,2.7830135485637864,2.8170611200207305,1.46236634286114,3.389172958000012
2025-08-01,One year,US,2.694303863880341,2.8513420229829016,0.936569867413834,3.504196315961575
2025-07-01,One year,US,2.590924891472189,2.841168044794583,0.632574998475197,3.4969349107805083
2025-06-01,One year,US,2.612061147817074,2.825535800174451,0.602761203780317,3.543972819364627
2025-05-01,One year,US,2.4633416822702636,2.7874450598826788,0.0312804115111926,3.597698352265143
2025-04-01,One year,US,2.331108209167075,2.676438831266569,-0.377714825306887,3.599754508544993
2025-03-01,One year,US,2.25520541379282,2.5635982166273275,-0.273086659499946,3.440609281130264
2025-02-01,One year,US,2.574767765245118,2.823064900880153,0.28586572131134,3.6484324255818072
2025-01-01,One year,US,2.6324403057133026,2.8118579879703973,0.447187426449441,3.658342738153906
2024-12-01,One year,US,2.647831800262803,2.9032097701625523,-0.135854183176716,3.963514561399312
2024-11-01,One year,US,2.4910388371863603,2.874092511926985,-0.512624463482014,3.9160996096724263
2024-10-01,One year,US,2.4062785359954564,2.90472984765752,-1.02982340947576,4.052771297562554
2024-09-01,One year,US,2.25941698310585,2.839579185859584,-1.1442438059708,3.893559906812519
2024-08-01,One year,US,2.4366649027649183,2.9023415954939735,-0.832691358879591,4.0115958928513535
2024-07-01,One year,US,2.5959807914009136,2.8088524452997525,-0.102709619016943,3.8918366353502503
2024-06-01,One year,US,2.569554023752187,2.7792207792207853,-0.305669650998193,3.958526620765992
2024-05-01,One year,US,2.697100616836896,2.8094842139743483,-0.113696525746622,4.060743693634822
2024-04-01,One year,US,2.838529936773273,3.017586436450345,0.134459904923836,4.1575492341356615
2024-03-01,One year,US,2.9515573249473173,3.145526015469803,0.164990708417998,4.315286493243743
2024-02-01,One year,US,2.807194063639793,3.1784426055590833,-0.111961672655319,4.24249430260593
2024-01-01,One year,US,2.7476500361532907,3.2244602478388513,-0.333620038053536,4.268631236999773
2023-12-01,One year,US,2.8621633494407503,3.2251994902628236,0.299599951085713,4.130559648377984
2023-11-01,One year,US,2.8886576834910818,3.437178166838319,-0.0104251733185068,4.3324469419497245
2023-10-01,One year,US,3.1000322301572503,3.5589485824453817,0.529799023780159,4.3876222866020145
2023-09-01,One year,US,3.491692737858783,3.738107788156604,1.14600165960606,4.665839808979
2023-08-01,One year,US,3.438130751599326,3.830001388310427,0.883711588672425,4.722573204548733
2023-07-01,One year,US,3.361337333904837,4.236075982487048,-0.0956546692522409,5.116921659929387
2023-06-01,One year,US,3.345578137874207,4.442869269206198,-0.282292631815945,5.206647658678165
2023-05-01,One year,US,4.097018223412284,4.833980505586822,1.25404246344206,5.544682502047676
2023-04-01,One year,US,4.53229631696428,4.85341674176961,2.25305137666761,5.687162741548511
2023-03-01,One year,US,4.491151409220009,4.864946324252927,1.95304200014166,5.790178882160495
2023-02-01,One year,US,5.199788303784066,4.861964009184607,3.6636496140212,5.972944120683929
2023-01-01,One year,US,5.5556541649656594,5.0016991289728345,4.55647908434392,6.04990025222565
2022-12-01,One year,US,5.606309328384846,5.070992092020131,4.97043047723835,5.908646089555395
2022-11-01,One year,US,6.089648674114956,5.285034019752229,6.35510219166944,5.945514950166111
2022-10-01,One year,US,6.505871725383919,5.509494274375909,7.50915066855905,5.9908859497659135
2022-09-01,One year,US,6.693164041183112,5.640449848468253,8.17616599894173,5.938664783646331
2022-08-01,One year,US,6.683455141014062,5.403329065300897,8.75102087329774,5.642105263157896
2022-07-01,One year,US,6.85952987303274,5.218819685971495,9.78024285932489,5.402344311807844
2022-06-01,One year,US,7.218316339676808,5.299386299552156,10.7017897027387,5.484054515403584
2022-05-01,One year,US,6.784554312522549,5.169044995323592,9.92165840747288,5.218992670005081
2022-04-01,One year,US,6.633938616310103,5.288716474561136,9.76253298153034,5.069027966109414
2022-03-01,One year,US,6.920266494734571,5.560286342581769,10.7513702726818,5.006577985674612
2022-02-01,One year,US,6.509709604381772,5.568656926762806,9.64279724970653,4.9440761079175015
2022-01-01,One year,US,6.2348559845377824,5.325521814482704,8.86678072370177,4.918259522558162
2021-12-01,One year,US,6.044522653951311,5.084233587670923,8.5007958615201,4.8163378459548145
2021-11-01,One year,US,5.868437553440125,4.797121348421006,8.3189879498779,4.645664911369869
2021-10-01,One year,US,5.277172827647865,4.37127394390893,7.32997935499389,4.253502830101144
2021-09-01,One year,US,4.655567929790486,3.925623754861972,6.07172209192775,3.9488232506713
2021-08-01,One year,US,4.509392581291121,3.892895489486245,5.50456877204232,4.013306248718764
2021-07-01,One year,US,4.383331102143857,3.844211288677975,5.44264935326388,3.854591622401259
2021-06-01,One year,US,4.217895847319469,3.784249031702776,5.35250810450519,3.651937839355936
2021-05-01,One year,US,3.970483538896702,3.4357579356717336,5.08039303260384,3.4197416195220764
2021-04-01,One year,US,3.57768832219419,3.06827879148168,4.10293834443195,3.3259360953867487
2021-03-01,One year,US,2.6354403429525033,2.1341463414634045,2.46448449775955,2.7302504997794457
2021-02-01,One year,US,1.7863119543285642,1.6464363820420052,0.904819732834297,2.219969399153309
2021-01-01,One year,US,1.507321274763138,1.58936721942071,0.45898447201884,2.0119645578192995
2020-12-01,One year,US,1.3345221317840563,1.508790092214488,-0.0695894224078014,2.0164787510841378
2020-11-01,One year,US,1.1862647081442694,1.4535218844868052,-0.510808630973131,2.016418870351459
2020-10-01,One year,US,1.187486166844688,1.4217326104510315,-0.58781333439605,2.0558906807829547
2020-09-01,One year,US,1.2763537157895732,1.4796915464076246,-0.442040771525787,2.1129032258064417
2020-08-01,One year,US,1.1575190508343811,1.3931038469319903,-0.500448609311131,1.9551586547596356
2020-07-01,One year,US,0.9225840072571492,1.2143366963097284,-1.12367378625316,1.912300564176241
2020-06-01,One year,US,0.7595377063120882,0.9704519119351056,-1.47657283862173,1.8400228811135404
2020-05-01,One year,US,0.49016290423936854,0.9973783749794488,-2.23774697085471,1.813961485557085
2020-04-01,One year,US,0.46246130030959215,0.99549702222438,-2.12882041921692,1.7090829101273024
2020-03-01,One year,US,1.1662090444265474,1.5272953094374022,-0.976958892116677,2.1857137376759854
2020-02-01,One year,US,1.6890972033140097,1.6976972310441665,0.278490362636372,2.3538906449660395
2020-01-01,One year,US,1.7944821136310487,1.5913288616700696,0.711384147439616,2.306648575305283
2019-12-01,One year,US,1.5637627676458932,1.5447510585486963,0.411267943061357,2.107097134386394
2019-11-01,One year,US,1.3582773068303668,1.4977183197472614,-0.241377940241572,2.108180668089497
2019-10-01,One year,US,1.2885618207515013,1.62358595627455,-0.70240003165746,2.222587920970356
2019-09-01,One year,US,1.28395399246226,1.6320140893302737,-0.699543216115259,2.212998700517864
2019-08-01,One year,US,1.4304164057608049,1.7458045796737685,-0.432771524427762,2.300448038253335
2019-07-01,One year,US,1.4539295260287648,1.6391192674940662,-0.371843052484407,2.3058205178119526
2019-06-01,One year,US,1.4260651383430183,1.6569813098790662,-0.43293045373489,2.292786159412515
2019-05-01,One year,US,1.465553604535957,1.563175476517974,-0.30273949563204,2.2893155503444267
2019-04-01,One year,US,1.5663384627478665,1.6367788035668556,-0.210849336764991,2.394382748692631
2019-03-01,One year,US,1.521807651392776,1.616067995148848,-0.106337517267423,2.2786796802197338
2019-02-01,One year,US,1.400173542636272,1.74410561473547,-0.668272901236396,2.367323655533259
2019-01-01,One year,US,1.4318323303589937,1.8444266238973532,-0.811797864316619,2.482248520710055
2026-08-01,Six months,US,3.567415284534947,2.7442711148223387,4.1766812691747,3.295827568555642
2026-07-01,Six months,US,3.6447100710041314,2.9259049713080465,4.74561301291374,3.155955230908103
2026-06-01,Six months,US,4.170106432280463,3.4798418402614884,5.02684771632484,3.7888915940944345
2026-05-01,Six months,US,5.054295037001144,3.8570678336924846,7.10168360727368,4.145212324421443
2026-04-01,Six months,US,4.561387171457731,3.5380064373479847,6.36953902656805,3.7551392215101176
2026-03-01,Six months,US,3.9632429771983224,3.32000216262327,4.87081809772856,3.5568069547499137
2026-02-01,Six months,US,3.270860956932231,3.2715957168570897,2.92842947422916,3.4256886956001376
2026-01-01,Six months,US,3.079149945857651,3.0410637462096046,1.95063031271867,3.5884779467428185
2025-12-01,Six months,US,2.740850655959659,2.6044857385511877,1.86843559971175,3.134609074908057
2025-11-01,Six months,US,2.6067965337495336,2.47100736534116,1.86224352972972,2.943219585067469
2025-10-01,Six months,US,2.5958338159151495,2.631730279895073,1.85029995453234,2.931548047262389
2025-09-01,Six months,US,2.771002316408322,2.890889882798509,1.9444583851298,3.1447211793659946
2025-08-01,Six months,US,2.3335653882776475,2.647654871166316,0.385058660220539,3.227724377389607
2025-07-01,Six months,US,2.3787781935125096,2.835019425809149,0.460478550123478,3.258631892631847
2025-06-01,Six months,US,2.8134731246239664,3.140265724563185,1.44229328202365,3.43698147951228
2025-05-01,Six months,US,2.8141927651714305,2.9720218272587307,1.08586345277193,3.606092101982083
2025-04-01,Six months,US,2.71902777707016,2.777961882540736,0.767905941233527,3.617818529466677
2025-03-01,Six months,US,2.7950261845169466,2.743285332644585,0.982554098247968,3.6342040844803414
2025-02-01,Six months,US,3.056313987229209,3.055433357981907,1.49111105352748,3.7814087216248904
2025-01-01,Six months,US,2.8035111944188618,2.847317031412699,0.804966261145545,3.735787890975129
2024-12-01,Six months,US,2.411043737822949,2.5117662662269113,-0.229822942909041,3.6510748270520033
2024-11-01,Six months,US,2.1136878706704554,2.6031991453193903,-1.01230064240011,3.5893052825761274
2024-10-01,Six months,US,1.944653623891046,2.575016063455404,-1.51031113799495,3.581693636781047
2024-09-01,Six months,US,1.718219473461935,2.384225354330471,-1.51311448562225,3.2473761242868937
2024-08-01,Six months,US,2.0954716408526863,2.591220386069426,-0.905066866707305,3.5156265135749987
2024-07-01,Six months,US,2.4616540886947424,2.77641116987144,0.0906784269539385,3.580955402907638
2024-06-01,Six months,US,2.8851673484470375,3.2961480099939156,-0.0417969187622602,4.276896095798022
2024-05-01,Six months,US,2.869784266627806,3.14570109225778,-0.0104259885069569,4.24392487844687
2024-04-01,Six months,US,2.869993774094426,3.235503453087696,-0.546991593368062,4.5259913655078865
2024-03-01,Six months,US,2.8034939645489976,3.296958203506639,-0.773991565946153,4.54378789362182
2024-02-01,Six months,US,2.7789983997933865,3.214406320421981,-0.760262990487082,4.509941586056976
2024-01-01,Six months,US,2.7304835957250084,2.8413039607855017,-0.29572401444502,4.203650926773728
2023-12-01,Six months,US,2.254908883036544,2.264880418985049,-0.568845803897255,3.641129164718282
2023-11-01,Six months,US,2.5247068446141663,2.4743632784984593,-0.216860403827401,3.877884401407971
2023-10-01,Six months,US,2.8070757229878396,2.800129414916941,0.820580705351137,3.790405819019505
2023-09-01,Six months,US,3.099833934505214,2.9943158253307844,1.11285863408952,4.087284528470869
2023-08-01,Six months,US,2.8353974624852896,3.142491421783955,0.540574789397574,3.9757314329851745
2023-07-01,Six months,US,2.7648193451232705,3.609044061913491,-0.371501657980855,4.333652068269789
2023-06-01,Six months,US,3.473024077793596,4.19453644446266,1.17563083404435,4.622301397847539
2023-05-01,Six months,US,3.2539005057073966,4.409039342264531,0.196437138404382,4.788998617180273
2023-04-01,Six months,US,3.393823538963514,4.3233689737494085,0.239856000206862,4.988275174982149
2023-03-01,Six months,US,3.8850409065769975,4.487271178323171,1.17915554882633,5.247610911805123
2023-02-01,Six months,US,4.044396748582124,4.5220940437709745,1.22801948591704,5.474779426297571
2023-01-01,Six months,US,3.961317925094554,4.866902639639603,0.180956072443195,5.906071533176549
2022-12-01,Six months,US,3.218289170921884,4.6917939598377645,-1.71920767089617,5.79425766488606
2022-11-01,Six months,US,4.947020402454005,5.2606511646828835,2.32281114972785,6.305815986981722
2022-10-01,Six months,US,5.6833048560181565,5.386157584593199,4.30667932940616,6.390702673627935
2022-09-01,Six months,US,5.100798224100145,5.24398659833889,2.7328476572092,6.335543875649274
2022-08-01,Six months,US,6.36801024377891,5.202939115041949,6.15788302361855,6.473461681452952
2022-07-01,Six months,US,7.174440922553327,5.136668886449569,9.12310829425125,6.193924301911857
2022-06-01,Six months,US,8.0495778368741,5.451563695971462,12.1154094655558,6.0231581949611535
2022-05-01,Six months,US,7.244717502565345,5.3094225229304515,10.5462959344284,5.58643507736607
2022-04-01,Six months,US,7.334840895051542,5.632975308913157,10.8099457463645,5.592571738892915
2022-03-01,Six months,US,8.309655544638206,6.038406610139524,13.9078995383947,5.543266974457461
2022-02-01,Six months,US,6.999835521417164,5.6041007171786505,11.4075017712359,4.817240166581183
2022-01-01,Six months,US,6.545544127794156,5.3010346757890625,10.4413346598857,4.616664837056783
2021-12-01,Six months,US,6.39345001486753,5.147428510686969,9.30599372385421,4.947692055615893
2021-11-01,Six months,US,6.326365580209692,5.028854591050869,9.3005503704634,4.852828967835965
2021-10-01,Six months,US,5.937613267112241,4.945579582904425,8.72502071337589,4.54808000170055
2021-09-01,Six months,US,5.5487004350554425,5.084321888163412,7.68231235044623,4.472618067906309
2021-08-01,Six months,US,6.021828769438153,5.533225032308109,7.9060458013436,5.071065529310981
2021-07-01,Six months,US,5.9250738118046264,5.350014647516943,7.31467508647752,5.220723661835991
2021-06-01,Six months,US,5.6967396332475495,5.021076645596034,7.70152945431863,4.685148041323117
2021-05-01,Six months,US,5.412481738139996,4.565899396673534,7.34624035028129,4.438910161421417
2021-04-01,Six months,US,4.620849731973187,3.800111143023388,5.95283765189663,3.9597556661884026
2021-03-01,Six months,US,3.769992937490363,2.779701850592553,4.48522122120392,3.4276545857778284
2021-02-01,Six months,US,3.0185317918121513,2.2780620026053633,3.15653723673017,2.966195520037962
2021-01-01,Six months,US,2.8640285050764325,2.3599308860823065,3.60327973481729,2.506196742379818
2020-12-01,Six months,US,2.7597431342737178,2.561987470599547,3.05472002249987,2.6289251041873074
2020-11-01,Six months,US,2.5482112655810907,2.3178309703060895,2.86237285866495,2.410518647862725
2020-10-01,Six months,US,2.54492814438414,2.3416061510892483,2.2853376287143,2.695980781919638
2020-09-01,Six months,US,1.5132921974594593,1.4926455426307772,0.482828678367953,2.0375489516189393
2020-08-01,Six months,US,0.5688308798760477,1.01871141149823,-1.29774691884056,1.4791513971243342
2020-07-01,Six months,US,0.1685080987225973,0.8246043417909243,-2.5898833803254,1.5201153067790685
2020-06-01,Six months,US,-0.07093184089430604,0.4664078778604086,-3.09917919309378,1.407687220781173
2020-05-01,Six months,US,-0.1575937870785027,0.5965138740396725,-3.7733728652843,1.6238356815333033
2020-04-01,Six months,US,-0.15198662630183657,0.5101271375380412,-3.38025872769359,1.4197901743164154
2020-03-01,Six months,US,1.0399682636085483,1.466739203565548,-1.35839748834266,2.188313148788912
2020-02-01,Six months,US,1.749653157870501,1.7688838440733878,0.303290126596978,2.433398714957824
2020-01-01,Six months,US,1.682336654785077,1.6055755413241224,0.364605082021274,2.306000883644166
2019-12-01,Six months,US,1.5969089457041896,1.4770247553268057,0.173204094588963,2.2742017362600064
2019-11-01,Six months,US,1.1421221057636988,1.3998402707187774,-0.677614898064083,2.004442991775268
2019-10-01,Six months,US,1.0806904363989345,1.4832107893798074,-0.861173230243384,1.9992008328849176
2019-09-01,Six months,US,1.2926075522808222,1.5878875556444072,-0.594045305633184,2.1831143926854812
2019-08-01,Six months,US,1.628577288424693,1.626560412546274,0.253696730361885,2.274444288568378
2019-07-01,Six months,US,1.9067512577143564,1.5770841796217685,1.05936140140377,2.3072962710669165
2019-06-01,Six months,US,1.5306274035890466,1.6125225626636874,0.649897555566792,1.9402655627344112
2019-05-01,Six months,US,1.5748944625206596,1.5956908473514275,0.196775027583884,2.2120238447640217
2019-04-01,Six months,US,1.496860690435331,1.7641552950655948,-0.543372554002375,2.446464246135238
2019-03-01,Six months,US,1.2753011719286,1.6761597901730152,-0.804929163394019,2.24289174826644
2019-02-01,Six months,US,1.2326419078763529,1.8651886626986247,-1.1145393174868,2.3264583995117105
2019-01-01,Six months,US,1.0031199036309113,1.7011922413931124,-1.78277876372047,2.3043447858443145
2026-08-01,Three months,US,1.0341523717954717,2.046398408308314,-1.65291162860008,2.2731397581398305
2026-07-01,Three months,US,1.539356888694554,2.3009784861159677,-1.13803477283972,2.7740860403968837
2026-06-01,Three months,US,3.113213441040319,2.942881519418039,1.77389778218175,3.723511387071387
2026-05-01,Three months,US,6.164195541008355,3.4469164181364365,10.3518273898923,4.328741821222515
2026-04-01,Three months,US,5.793716395879134,3.5546489479617804,10.9794188315088,3.5392433012584545
2026-03-01,Three months,US,5.237832397856779,4.019602999607885,8.38377011791425,3.8543130123280145
2026-02-01,Three months,US,3.955998060176702,4.268845437727742,3.94726487839947,3.962005682814529
2026-01-01,Three months,US,3.3434126305571743,3.521366601391085,1.95114510288112,3.971485319364976
2025-12-01,Three months,US,2.7040907634286793,2.6251066053839756,1.47172843795622,3.2601531473261502
2025-11-01,Three months,US,2.5902393492723608,2.283883907350037,1.91958014888458,2.8921384490703916
2025-10-01,Three months,US,2.815563015565159,2.562989327922516,1.95011552515556,3.206881486420654
2025-09-01,Three months,US,2.7776237056072572,2.5838690151504196,2.26669370156274,3.0092176394329817
2025-08-01,Three months,US,2.6233563904141555,2.6584731567203645,1.80493916627975,2.994326080460308
2025-07-01,Three months,US,2.3765742039400184,2.700517304222938,1.75058210962611,2.656949137639586
2025-06-01,Three months,US,2.7643813537885364,3.1988296260366367,1.62323841001082,3.280402967515617
2025-05-01,Three months,US,2.0445927069198566,2.636837725657526,-1.01501867451905,3.4616515846684237
2025-04-01,Three months,US,2.3809822305330464,2.9696976986085533,-0.813267685816621,3.863841171066418
2025-03-01,Three months,US,2.862588347183914,3.0817350572898583,1.26167033565405,3.5937973727517836
2025-02-01,Three months,US,3.589596994265931,3.308300549314458,3.23133523046917,3.750734269498679
2025-01-01,Three months,US,3.0581894956642985,2.5865830901797615,2.37428566168498,3.372378642553242
2024-12-01,Three months,US,2.7275083980016657,2.405946844786744,0.704207212895103,3.674626556827709
2024-11-01,Three months,US,2.525776340478081,2.803185108361772,-0.219777261592291,3.8120922428147574
2024-10-01,Three months,US,2.5494622564239178,3.1087136537298665,-0.740296674774887,4.100474717446212
2024-09-01,Three months,US,2.09555398575505,2.6176950343437033,-1.15518998168862,3.627528447514705
2024-08-01,Three months,US,1.7032557346454924,2.4036022206649132,-1.79852925564887,3.366996436481773
2024-07-01,Three months,US,1.3434119869712324,2.0440809275630745,-2.27435215727247,3.0654978835160662
2024-06-01,Three months,US,1.3422795501456974,2.1512868506555316,-1.8697429179615,2.868618370542886
2024-05-01,Three months,US,2.4892001172915235,2.7791822950066214,-0.00347552578155996,3.664470303947809
2024-04-01,Three months,US,3.5922350822470195,3.513997058356644,2.51294444310433,4.09899086021015
2024-03-01,Three months,US,4.451544876491131,4.453840207634174,1.82019960343924,5.704453229903694
2024-02-01,Three months,US,3.2517816799428,3.513526924900101,-0.017375968126232,4.8266184373628285
2024-01-01,Three months,US,2.152787906163578,2.957759105797164,-3.51559078844771,4.95474337127666
2023-12-01,Three months,US,1.1814462276826143,2.15288928474604,-3.30208752191092,3.395866996970298
2023-11-01,Three months,US,2.3083799639338265,2.916150077720281,-1.49763024245453,4.19422140233856
2023-10-01,Three months,US,3.3114462769816777,2.7249805377627556,3.03159578877807,3.457933559585724
2023-09-01,Three months,US,3.3397602081062017,2.376994330115112,2.24165311747937,3.886973111338876
2023-08-01,Three months,US,2.7414911396267616,2.0344729316392973,1.080562550695,3.562507809767057
2023-07-01,Three months,US,2.305167525924534,2.875333267537772,-1.34298691633639,4.123946510805365
2023-06-01,Three months,US,2.8604647031951203,3.615359698126963,-0.00347344335435151,4.287982179435956
2023-05-01,Three months,US,2.9293896162712496,4.26254216866726,0.00347172496955039,4.3906038552367965
2023-04-01,Three months,US,3.2265363561399196,4.347987709614598,0.609549910743379,4.5437799725842165
2023-03-01,Three months,US,4.08923139417896,4.7769506037115494,2.36863846333792,4.957692353744725
2023-02-01,Three months,US,3.5794344976582737,4.555742356055381,0.389774895420292,5.188913807021334
2023-01-01,Three months,US,3.561381824572507,4.298756046162522,-0.12847945491854,5.434660264898961
2022-12-01,Three months,US,3.6812509767913504,4.19839263680295,0.00349395327676749,5.538330295116345
2022-11-01,Three months,US,4.511446188877444,4.488456560245391,2.07326333499602,5.761421925468646
2022-10-01,Three months,US,4.362798509493526,5.438144097944586,0.491350335038687,6.379590538922009
2022-09-01,Three months,US,2.757394601237073,5.187531641998877,-3.41223332307442,6.050805651055646
2022-08-01,Three months,US,5.384409966429526,6.038552471341396,2.57296905675812,6.853012250742263
2022-07-01,Three months,US,7.0205196181479135,5.3341967033087245,8.26686392862648,6.40181596907845
2022-06-01,Three months,US,7.497643650941965,5.300471854487765,9.26888933110279,6.621046600390246
2022-05-01,Three months,US,7.360790906594339,4.373910624953403,9.86808933862839,6.0952593065814575
2022-04-01,Three months,US,7.328583602897121,4.939511483374881,9.98612439396953,5.986438820907325
2022-03-01,Three months,US,8.60434586488179,5.6028723336781106,15.0360831575808,5.428622509813419
2022-02-01,Three months,US,7.1287695916052,6.253319490567266,11.2286890432493,5.0800511277439675
2022-01-01,Three months,US,7.341098552008218,6.331021698926276,11.6399377100469,5.200168346762024
2021-12-01,Three months,US,8.015764846031793,6.475737145564198,12.7907802587068,5.658036104993602
2021-11-01,Three months,US,6.871056628914074,4.958848737653421,11.5866019609554,4.555086510021544
2021-10-01,Three months,US,5.755885924602855,4.281024734136496,9.25560020586784,4.03639778933822
2021-09-01,Three months,US,4.795501121538104,3.835690823114613,5.92887323374072,4.242123683385812
2021-08-01,Three months,US,5.78445066517419,5.098907137219433,7.06133264517159,5.151419309518612
2021-07-01,Three months,US,6.11965288374916,5.61436946051046,8.19701788146092,5.062278820673738
2021-06-01,Three months,US,6.30731323674556,6.347967824536793,9.46477611965806,4.7036221087866315
2021-05-01,Three months,US,6.25973954522443,5.969337732301261,8.75742373833397,4.990773153219896
2021-04-01,Three months,US,5.730851516519353,5.086321519742154,6.43952776529839,5.379407454294172
2021-03-01,Three months,US,5.089672845169213,3.710740932986911,5.96668497380113,4.666677233452332
2021-02-01,Three months,US,4.571979507483004,3.1810479391376933,5.95336779091749,3.889947927018844
2021-01-01,Three months,US,3.522501158803104,2.5296434158641024,5.46837290788031,2.5592291630709862
2020-12-01,Three months,US,2.4668851154558524,1.8570209552591477,3.02446902385456,2.203299233961209
2020-11-01,Three months,US,1.488161001878896,1.3829785212027046,0.433534077668929,2.0506567903803674
2020-10-01,Three months,US,2.2097441797888973,2.1904992735241047,1.77116870083829,2.453191744258731
2020-09-01,Three months,US,3.0534381632055574,3.2718331565959824,3.08497990372354,3.056323494310065
2020-08-01,Three months,US,3.619333821366344,3.2613036938810014,5.34994956896166,2.771649488422101
2020-07-01,Three months,US,2.8812113025154407,2.492936467120943,2.80210424402745,2.939345170292529
2020-06-01,Three months,US,-0.00383610251942778,-0.2558898744194571,-2.05363702222996,1.028845615949714
2020-05-01,Three months,US,-2.391866734240855,-1.1751770489774829,-7.52596652246064,0.2029082878602928
2020-04-01,Three months,US,-2.472668355154395,-0.8165714528069801,-7.69906034866128,0.12045243586846777
2020-03-01,Three months,US,-0.13798255916109836,1.1939361549530902,-4.13356057760659,1.7879494195101042
2020-02-01,Three months,US,2.127822189208617,2.3999669458061534,0.131500936126283,3.064912536859543
2020-01-01,Three months,US,2.223916173360241,1.8545719297980543,1.14062152336967,2.7359903870888047
2019-12-01,Three months,US,2.231813940261884,1.740277686593883,1.49710164154626,2.59025163339619
2019-11-01,Three months,US,1.3728844483368974,1.1416900588430146,0.475374044757637,1.8057543933296392
2019-10-01,Three months,US,1.1436264097215654,1.3571878560266537,-0.405457257916897,1.8778110511072257
2019-09-01,Three months,US,0.965946993303124,1.2144529909229984,-1.13342493251419,1.9591254943775116
2019-08-01,Three months,US,0.9118850640048136,1.6586493753997678,-1.81737290231104,2.2035193596489755
2019-07-01,Three months,US,1.017793624582386,1.609390413936329,-1.3148039773987,2.1207352534114765
2019-06-01,Three months,US,1.6203249737351433,1.9626999213617105,-0.0517230221294129,2.407595360990311
2019-05-01,Three months,US,2.3503595747754957,1.5944815787033662,2.36845361759475,2.345418436395086
2019-04-01,Three months,US,2.803531727251185,1.5447882169246308,3.49064437710098,2.494198110918955
2019-03-01,Three months,US,1.4410090071131254,1.2635478416228365,1.3564433951077,1.475068390867884
2019-02-01,Three months,US,0.8053047193687268,1.5969001303932862,-1.92883284697074,2.0788031164806764
2019-01-01,Three months,US,0.20679792737972047,1.9839962716293735,-4.42014539122291,2.398752612091304
2026-08-01,One month,US,3.787557859556645,3.0100143085947995,4.04457385693728,3.6780499911031495
2026-07-01,One month,US,0.6057667348795981,1.5247603356581374,-1.13911436733602,1.4032434902765845
2026-06-01,One month,US,-1.2274107582118,1.6112102237781034,-7.52154018777,1.7527369638079326
2026-05-01,One month,US,5.352273335438262,3.7828914103909206,5.68725863752719,5.20900749088673
2026-04-01,One month,US,5.356810472315643,3.4478744924508975,7.85642016630668,4.239569373367735
2026-03-01,One month,US,7.802217339664885,3.111074109405876,17.888095924635,3.544343185259735
2026-02-01,One month,US,4.2531803700047055,4.107476478757532,7.50072265886101,2.8385569483477147
2026-01-01,One month,US,3.704756595036973,4.847564166972362,0.46422179456842,5.19407044055511
2025-12-01,One month,US,3.910795111481136,3.854048024623036,3.99594148121785,3.8667910528684017
2025-11-01,One month,US,2.421009470665658,1.884522684987355,1.42581561867401,2.8666911027039443
2025-10-01,One month,US,1.791966960540159,2.1478475088912763,-0.946397642661856,3.0497185388147052
2025-09-01,One month,US,3.5656107681907745,2.8215620275967135,5.37900523782697,2.7602140441287837
2025-08-01,One month,US,3.097348709741654,2.72084765792866,1.51700526320515,3.8135772774990473
2025-07-01,One month,US,1.679323738444971,2.2102457291600652,-0.02077778155124,2.458763258202601
2025-06-01,One month,US,3.099960193352969,3.0460562235223643,3.95801890223211,2.7156538015388865
2025-05-01,One month,US,2.35536979772919,2.847108433981238,1.35448211325626,2.796733767685988
2025-04-01,One month,US,2.839204143361873,3.705276786493816,-0.395688557987528,4.336873951928566
2025-03-01,One month,US,0.9486815334157628,1.371727523311872,-3.93021472993222,3.25737595449338
2025-02-01,One month,US,3.3709523119123563,3.8509827521670648,1.97548762856223,4.000214488024145
2025-01-01,One month,US,4.297326634634624,4.044158384973029,5.98701233260777,3.5251670149227143
2024-12-01,One month,US,3.1042901439637394,2.0416188288699955,1.78556539119787,3.727368970378419
2024-11-01,One month,US,1.7882417474165857,1.6896266734815812,-0.543353887333009,2.8665624558511515
2024-10-01,One month,US,3.296573325950636,3.495517268645565,0.884127276679125,4.435908671757138
2024-09-01,One month,US,2.498066283452327,3.233706111344814,-0.990525371785911,4.140523158334375
2024-08-01,One month,US,1.8588046298665173,2.5989811369458327,-2.09174257909981,3.7262136723271944
2024-07-01,One month,US,1.9309901120027728,2.0239654100150606,-0.375641935074111,3.0189550651243735
2024-06-01,One month,US,1.3210658026416189,2.5889191927445987,-2.91120308970123,3.3570310335775178
2024-05-01,One month,US,0.7814432087840606,1.522148868705564,-3.50806426817354,2.821219550004672
2024-04-01,One month,US,1.9275731424700515,2.3458577184626073,0.866899494259088,2.4297102815392213
2024-03-01,One month,US,4.800186092631109,4.49232746036845,2.73419608116015,5.7745298682366775
2024-02-01,One month,US,4.07055543909387,3.71523676992751,3.96147319839053,4.119604637256158
2024-01-01,One month,US,4.485175599433289,5.158956515637536,-1.16417760626272,7.242329302700035
2023-12-01,One month,US,1.2302044395958278,1.6956759655513798,-2.7282372203127,3.1611037695776556
2023-11-01,One month,US,0.7826747408126611,2.053637554011001,-6.5734613105272,4.501853809788292
2023-10-01,One month,US,1.5328679940550538,2.711953105139475,-0.506605047951902,2.5343925303828785
2023-09-01,One month,US,4.650447348467757,3.992284319870887,2.81950932426023,5.56922751908322
2023-08-01,One month,US,3.776156294821731,1.485991081026139,6.91570446705327,2.3020867645928256
2023-07-01,One month,US,1.6163703362669146,1.671658898273254,-2.77755030182624,3.815318764502873
2023-06-01,One month,US,2.843378333054458,2.951995616020353,-0.643819175907057,4.583155471017064
2023-05-01,One month,US,2.4596103580829087,4.015745563650541,-0.591747530729847,3.974939952922485
2023-04-01,One month,US,3.2800433843126697,3.881583525139809,1.23656847219666,4.306740512305152
2023-03-01,One month,US,3.0502572883837953,4.893187264081833,-0.623115656959006,4.892195772595986
2023-02-01,One month,US,3.3495461793072057,4.2716850538085716,1.22664100147691,4.433310475056529
2023-01-01,One month,US,5.891170919702038,5.1679940275335845,6.64010858637913,5.550573821475702
2022-12-01,One month,US,1.543535931008444,4.23022794584349,-6.27552061797803,5.586955574340169
2022-11-01,One month,US,3.2955177781198275,3.5047089015753263,-0.333003492224893,5.166965365302945
2022-10-01,One month,US,6.25929411939834,4.864686529004492,7.06342037965044,5.862232074100304
2022-09-01,One month,US,4.002353849458551,5.103110981012415,-0.334806521050113,6.257955216500277
2022-08-01,One month,US,2.855389614239212,6.352676721065165,-4.89542303978111,7.0218470661056465
2022-07-01,One month,US,1.43060840870195,4.118714148587088,-4.93482747175399,4.883704925094601
2022-06-01,One month,US,12.18454240056186,7.674819111588049,19.3647028643087,8.687561969993762
2022-05-01,One month,US,7.720687004630067,4.247396106605228,11.8379787354306,5.6718360832515025
2022-04-01,One month,US,2.793273958425835,4.018739101083502,-2.27079737028707,5.533349750429162
2022-03-01,One month,US,11.756629052037892,4.857395444155266,21.3391787326232,7.087544139893365
2022-02-01,One month,US,7.623770276429864,5.951342334813425,12.1988202475146,5.347010921556761
2022-01-01,One month,US,6.502577083458938,6.003855969886551,11.8183080788791,3.875809241895567
2021-12-01,One month,US,7.263022843692091,6.806920602005162,9.68550742516838,6.02888356336182
2021-11-01,One month,US,8.264969606044925,6.183956485383746,13.447933937518,5.708691188008541
2021-10-01,One month,US,8.523413418468117,6.437255820035026,15.3121217335842,5.238032002985604
2021-09-01,One month,US,3.888842181113694,2.30682403447533,6.20980306910215,2.742962340132138
2021-08-01,One month,US,4.911064006672472,4.140006086293835,6.48576490435389,4.143248003684952
2021-07-01,One month,US,5.593629639272235,5.07944452145126,5.09617249334262,5.863573512016362
2021-06-01,One month,US,6.857865607828684,6.086283025508221,9.65273798787056,5.4551391476538535
2021-05-01,One month,US,5.91153161036444,5.679811548793912,9.9105782652511,3.8786149874149745
2021-04-01,One month,US,6.154811280173389,7.284337364788907,8.83390356967266,4.783094008242128
2021-03-01,One month,US,6.714469588991245,4.9572171389877795,7.54074357887713,6.325157095710154
2021-02-01,One month,US,4.337925330111947,3.059952972117763,3.03186847502082,5.03644284607041
2021-01-01,One month,US,4.235250177167216,3.1261878021361156,7.38989898074174,2.6713501163143416
2020-12-01,One month,US,5.145133650757483,3.3572390078814074,7.50020367402351,3.9755693661370106
2020-11-01,One month,US,1.2279584701225366,1.1203298652914473,1.62346934153021,1.0517092564974906
2020-10-01,One month,US,1.079002477825508,1.1098656037206167,0.0962598943569093,1.6060984924032518
2020-09-01,One month,US,2.160903117698876,1.920871309987504,-0.408019837740425,3.5103967204570985
2020-08-01,One month,US,3.402546207777135,3.5559130360533597,5.73823764873649,2.252216112002836
2020-07-01,One month,US,3.6028018049852006,4.353646283642609,4.02308673062457,3.411117870768332
2020-06-01,One month,US,3.853145258926016,1.8896993272884632,6.30194032969711,2.6549791133974487
2020-05-01,One month,US,1.208514909697711,1.2613933226949705,-1.74942869750939,2.7535776289555836
2020-04-01,One month,US,-4.8709164490034045,-3.819373690868344,-10.0318757297713,-2.240448357396485
2020-03-01,One month,US,-3.411003051807937,-0.9016016794688442,-10.5386078572157,0.15781164556543104
2020-02-01,One month,US,0.9573766923575588,2.3677397616925555,-2.30011585171357,2.500122001465588
2020-01-01,One month,US,2.1257580947157795,2.14890548171911,0.802218820525225,2.7258838532894236
2019-12-01,One month,US,3.3139252679898368,2.6839620311516876,1.94080010699467,3.974837000552745
2019-11-01,One month,US,1.2426229877372077,0.7407659683494439,0.683597459344742,1.5218915675842437
2019-10-01,One month,US,2.149430473314884,1.8054176361874672,1.87184212390568,2.289330472844142
2019-09-01,One month,US,0.7316793013054657,0.882185117030021,-1.10689547520908,1.6077752398595102
2019-08-01,One month,US,0.5572848969055411,1.386069637112386,-1.94122674493165,1.737611410167017
2019-07-01,One month,US,1.612036672325723,1.3759247962245924,-0.345709330900101,2.534454716893997
2019-06-01,One month,US,0.569956452278686,2.216237249346209,-3.14512447188945,2.3401830623432263
2019-05-01,One month,US,0.8742265062391841,1.2387603925125168,-0.427700950081422,1.4905914300637813
2019-04-01,One month,US,3.4411305688075267,2.4370992521756785,3.52992820873261,3.400950950861925
2019-03-01,One month,US,2.753031135160322,1.1128297709842805,4.06243429155886,2.1538882319726227
2019-02-01,One month,US,2.220076948471905,1.090274946683656,2.88294311063158,1.933846200123179
2019-01-01,One month,US,-0.617518738517886,1.5883191854278331,-2.7439274104721,0.34708127661913224
2026-08-01,One year,Eurozone,3.25599920342527,2.41454689984101,,3.04608430775278
2026-07-01,One year,Eurozone,2.94146973776048,2.48131539611361,2.63979848866499,3.28143476547103
2026-06-01,One year,Eurozone,2.75284260921603,2.35820895522389,2.32674256041542,3.23672940942137
2026-05-01,One year,Eurozone,3.17126850740296,2.55693168198162,2.92502745332933,3.46003409888677
2026-04-01,One year,Eurozone,3.02969703029697,2.19670494258611,3.08383233532934,2.9559118236473
2026-03-01,One year,Eurozone,2.5540472599296,2.27960459955619,1.98404785643072,3.2398943733496
2026-02-01,One year,Eurozone,1.89194658033184,2.41368774824321,0.652938221999001,3.34625586614977
2026-01-01,One year,Eurozone,1.67648851859377,2.19127585500717,0.382717292778724,3.18209813180045
2025-12-01,One year,Eurozone,1.9657513425879,2.32275078608377,0.722383866760308,3.42353423534236
2025-11-01,One year,Eurozone,2.13523131672599,2.41467142129393,1.01344571543248,3.46999896726221
2025-10-01,One year,Eurozone,2.09790209790209,2.39084185999392,1.01497336951059,3.37803255195004
2025-09-01,One year,Eurozone,2.22719414217431,2.35604752716564,1.36515320052583,3.24529074529073
2025-08-01,One year,Eurozone,2.04226783174152,2.27642276422764,1.13069165732912,3.09998986931415
2025-07-01,One year,Eurozone,2.03479499440431,2.31443719412724,1.04866625941764,3.1615329876995
2025-06-01,One year,Eurozone,1.9835215135795,2.30048859934854,0.856078154899783,3.31309805535549
2025-05-01,One year,Eurozone,1.8960244648318,2.27806721830627,0.76451061261443,3.21946169772257
2025-04-01,One year,Eurozone,2.16569618960058,2.74956396840054,0.663050030138634,3.97999583246509
2025-03-01,One year,Eurozone,2.17815678619131,2.42793677032751,1.12925993143778,3.44610212229459
2025-02-01,One year,Eurozone,2.31884057971015,2.55901399623982,1.20984139894266,3.65905245346869
2025-01-01,One year,Eurozone,2.52083333333333,2.7027027027027,1.37839493567491,3.90358361774744
2024-12-01,One year,Eurozone,2.42864556305138,2.70861548077926,1.18781725888325,3.95311667554609
2024-11-01,One year,Eurozone,2.24555567106768,2.71033905399749,0.901083324896224,3.90599849769289
2024-10-01,One year,Eurozone,2.00558254936421,2.68386559866847,0.43399273314494,3.93658899882967
2024-09-01,One year,Eurozone,1.74875827814569,2.669169012616,-0.0303275374039639,3.91489361702128
2024-08-01,One year,Eurozone,2.16962524654833,2.83206186644373,0.491350189374556,4.11349013817107
2024-07-01,One year,Eurozone,2.58845631979961,2.84156443325993,1.36222910216718,3.98520084566597
2024-06-01,One year,Eurozone,2.51303441084463,2.85833944089623,1.21304791029563,4.12470537818727
2024-05-01,One year,Eurozone,2.56142185049659,2.85804350110329,1.30439213288495,4.1284898135173
2024-04-01,One year,Eurozone,2.37398033884124,2.65402843601895,1.31297709923665,3.69490060501297
2024-03-01,One year,Eurozone,2.43106714375921,2.94618166347587,1.18343195266273,4.02185792349728
2024-02-01,One year,Eurozone,2.58043963045555,3.10144303252207,1.48576145274453,3.9692138537658
2024-01-01,One year,Eurozone,2.77272240659459,3.25768270170485,1.81931593720761,3.99290150842947
2023-12-01,One year,Eurozone,2.9270377096464,3.426354918651,2.08311742149446,4.00044326241135
2023-11-01,One year,Eurozone,2.39514583776879,3.56562262924028,1.29217516152189,4.00669642857143
2023-10-01,One year,Eurozone,2.90425531914894,4.18337487807521,1.68308702791461,4.59603828177164
2023-09-01,One year,Eurozone,4.3290510633704,4.52266782911943,3.96216500262743,4.72370766488413
2023-08-01,One year,Eurozone,5.24418223533267,5.28110903289691,4.85134700010733,5.47335632439649
2023-07-01,One year,Eurozone,5.30885908990987,5.49778761061947,4.81341265548946,5.60392944853762
2023-06-01,One year,Eurozone,5.52376760563381,5.47763666482607,5.48387096774193,5.4093732354602
2023-05-01,One year,Eurozone,6.10094287298946,5.34646889528448,6.77910772578889,5.01471587050033
2023-04-01,One year,Eurozone,6.94553181970698,5.59386120996441,8.12149224166391,5.18181818181818
2023-03-01,One year,Eurozone,6.88413948256467,5.66419420094402,8.14210061782877,5.0516647531573
2023-02-01,One year,Eurozone,8.50328378845489,5.60673262822699,11.0830945558739,4.8173331796704
2023-01-01,One year,Eurozone,8.64154454524307,5.29384861651042,11.6800185765703,4.36393101053362
2022-12-01,One year,Eurozone,9.20438637424172,5.17905711695377,12.656158785756,4.39611291068949
2022-11-01,One year,Eurozone,10.0515463917526,4.98350210490385,14.2338331771322,4.23452768729642
2022-10-01,One year,Eurozone,10.6142621793363,5.01934896426132,15.1500827227606,4.34277751973989
2022-09-01,One year,Eurozone,9.93353904581057,4.7488584474886,14.0613761687845,4.2629806016959
2022-08-01,One year,Eurozone,9.13318230594968,4.30341978425522,13.0841121495327,3.77510967444008
2022-07-01,One year,Eurozone,8.85379277339077,4.01564837187897,12.6340155945419,3.74059061957152
2022-06-01,One year,Eurozone,8.64315600717273,3.73467751174246,12.4818577648766,3.36173689739698
2022-05-01,One year,Eurozone,8.05465659834592,3.7555989433789,11.3804387346988,3.47897387841162
2022-04-01,One year,Eurozone,7.45102752073069,3.48716768327771,10.4802431610942,3.27426358408638
2022-03-01,One year,Eurozone,7.4450084602369,2.95036445678583,10.9288948721087,2.67594011552516
2022-02-01,One year,Eurozone,5.88020007319752,2.72196261682244,8.35817188276205,2.48021731427896
2022-01-01,One year,Eurozone,5.11002444987776,2.26847521047708,7.11354309165527,2.333570244018
2021-12-01,One year,Eurozone,4.95898126607077,2.62851826006047,6.79551122194514,2.44133680967054
2021-11-01,One year,Eurozone,4.86486486486486,2.60331543310764,6.35434836780463,2.71239096666268
2021-10-01,One year,Eurozone,4.05289580017142,2.055987919619,5.49806757262188,2.06210002370231
2021-09-01,One year,Eurozone,3.36113837095193,1.87231073380626,4.60188087774295,1.72515656386625
2021-08-01,One year,Eurozone,2.95850724281857,1.54993590490619,4.51604719015603,1.13251605370695
2021-07-01,One year,Eurozone,2.1760391198044,0.718507358906003,3.29725648124843,0.840826813032814
2021-06-01,One year,Eurozone,1.9003532708003401,0.878308101236571,2.78468423669817,0.740827845719656
2021-05-01,One year,Eurozone,1.98019801980199,0.939021562717352,2.61161547071261,1.08940201302546
2021-04-01,One year,Eurozone,1.61191842715838,0.730350104335724,2.09781529294935,0.911890099478915
2021-03-01,One year,Eurozone,1.33496631965706,0.946040644709183,1.26409716197794,1.30164795796513
2021-02-01,One year,Eurozone,0.935845339243942,1.1103236475313,0.700350175087547,1.21936640765092
2021-01-01,One year,Eurozone,0.900456395707418,1.41112296928732,0.462268865567204,1.44196106705119
2020-12-01,One year,Eurozone,-0.268653071193062,0.221471033920035,-1.0365251727542,0.656089705356074
2020-11-01,One year,Eurozone,-0.281759157172596,0.257490636704119,-0.974706971005542,0.552685329808956
2020-10-01,One year,Eurozone,-0.268653071193062,0.20952159236411,-0.816124644491172,0.404569252736779
2020-09-01,One year,Eurozone,-0.317926143311329,0.221445221445219,-1.00546176762662,0.522627390426414
2020-08-01,One year,Eurozone,-0.171568627450981,0.374312785121075,-0.880171004652336,0.65812668938771
2020-07-01,One year,Eurozone,0.380414774818999,1.18433395872421,-0.0754527162977896,0.931164545025922
2020-06-01,One year,Eurozone,0.268718700378648,0.839063046265003,-0.50711193568336,1.20195168392241
2020-05-01,One year,Eurozone,0.0856373868363193,0.912494150678523,-0.899679566181913,1.30758157389636
2020-04-01,One year,Eurozone,0.318510351586433,0.853501695311591,-0.371011625030914,1.16209416556847
2020-03-01,One year,Eurozone,0.740283775447265,1.02654867256638,0.273393811358269,1.33107454017424
2020-02-01,One year,Eurozone,1.22148822136357,1.21951219512195,0.908632004038363,1.60330377748088
2020-01-01,One year,Eurozone,1.36284071017753,1.09086549988012,1.22676109776149,1.52494815176284
2019-12-01,One year,Eurozone,1.32392972036626,1.29885464635731,0.946686596910819,1.80957007529754
2019-11-01,One year,Eurozone,0.964749536178109,1.30424472373725,0.259772389905979,1.86023742503979
2019-10-01,One year,Eurozone,0.725707257072575,1.07058823529411,0.0618658747834835,1.53437235713424
2019-09-01,One year,Eurozone,0.838471023427875,1.01247939722157,0.311293736770016,1.47041099192479
2019-08-01,One year,Eurozone,1.01510274820499,0.956542276806788,0.760167236792087,1.29761904761905
2019-07-01,One year,Eurozone,1.02901066203818,0.863394441159082,0.888099467140324,1.156551806367
2019-06-01,One year,Eurozone,1.26159554730985,1.11949092623144,0.974147620831774,1.63280116110304
2019-05-01,One year,Eurozone,1.21347201584942,0.778118368309374,1.34898825880589,1.05467329373258
2019-04-01,One year,Eurozone,1.71962616822429,1.30285443562714,1.54464397840011,1.92941751129564
2019-03-01,One year,Eurozone,1.4012260728137,0.772889417360292,1.60353535353535,1.15055079559363
2019-02-01,One year,Eurozone,1.49272612270716,0.990099009900999,1.57672093321368,1.36665845850776
2019-01-01,One year,Eurozone,1.39452332657202,1.11515151515152,1.24199743918054,1.57372986369268
2026-08-01,Six months,Eurozone,6.02598622563042,5.05434582250295,,7.17257001527041
2026-07-01,Six months,Eurozone,6.435913567408,6.18497114469423,4.46328910286058,8.7177566031883
2026-06-01,Six months,Eurozone,4.80648255057037,3.98419463833259,4.18676753251224,5.54558625492467
2026-05-01,Six months,Eurozone,5.40716997503268,4.34382674477913,4.88592033850008,6.01661016142392
2026-04-01,Six months,Eurozone,4.6183357311149,2.54893692207931,5.58727822644181,3.5158652775487
2026-03-01,Six months,Eurozone,2.94617709359797,1.2141004410233,4.13200756333247,1.59280719732546
2026-02-01,Six months,Eurozone,0.558379610907145,-0.158919323325935,1.86193128802967,-0.921518541101263
2026-01-01,Six months,Eurozone,-0.438246484735627,-1.09315949234976,0.848138367732831,-1.88304927824993
2025-12-01,Six months,Eurozone,0.739442898294862,0.757648573055092,0.499924232298055,0.978379838757104
2025-11-01,Six months,Eurozone,0.982795078815846,0.800637317520225,1.00079440672129,0.965109518637064
2025-10-01,Six months,Eurozone,1.46518194895837,1.84568279881721,0.63974247114551,2.39898735346442
2025-09-01,Six months,Eurozone,2.16341107868034,3.35632556589456,-0.119605291801572,4.91368517377651
2025-08-01,Six months,Eurozone,3.24319880750252,5.05258323636226,-0.541705378875956,7.79786331285595
2025-07-01,Six months,Eurozone,3.8361414143508,5.58477863890945,-0.080555831994833,8.50872654076906
2025-06-01,Six months,Eurozone,3.20698772729116,3.91216425460437,0.945335922379531,5.92789714797517
2025-05-01,Six months,Eurozone,3.30081939185167,4.05454966809564,1.0260986088402,6.03703336060883
2025-04-01,Six months,Eurozone,2.73456778539598,2.93891904586492,1.39160329994421,4.36643848266018
2025-03-01,Six months,Eurozone,2.29101702696191,1.36545013593734,2.87198316931243,1.60342803156071
2025-02-01,Six months,Eurozone,0.855306155897617,-0.426373810232017,2.83121014742966,-1.39314839476044
2025-01-01,Six months,Eurozone,0.264698280778308,-0.854609979801435,2.19065005644559,-1.92215660761931
2024-12-01,Six months,Eurozone,0.774558867979414,0.713810002294446,0.766899310819369,0.762844511914551
2024-11-01,Six months,Eurozone,0.510333440361777,0.531913955510399,0.503599949084954,0.4767573696145
2024-10-01,Six months,Eurozone,1.59997460357773,2.56055720764372,-0.0602681920923165,3.59498408212691
2024-09-01,Six months,Eurozone,2.06542106695073,3.50156011694795,-0.583940357716917,5.32219484732503
2024-08-01,Six months,Eurozone,3.80361268641043,5.63390884083084,-0.385962770319792,8.97010684985726
2024-07-01,Six months,Eurozone,4.82773546006945,6.38765090631905,0.572595967016509,10.0753678424472
2024-06-01,Six months,Eurozone,4.10988199537399,4.74293141862312,1.61049344224282,7.24439667125443
2024-05-01,Six months,Eurozone,4.01073498267135,4.93596842546618,1.30013871438786,7.45227858107158
2024-04-01,Six months,Eurozone,2.41280976529643,2.80732224317106,0.930698070207181,4.2793203592512
2024-03-01,Six months,Eurozone,1.43307795059702,1.84347225134309,0.526368156600787,2.5263965595292
2024-02-01,Six months,Eurozone,0.561358635514142,0.10453143069491,1.37638975116889,-0.526675231343565
2024-01-01,Six months,Eurozone,0.397011572269812,-0.586324775668556,2.1580619429348,-1.76801398120046
2023-12-01,Six months,Eurozone,0.940679431237545,1.00765607040814,0.817156971240518,1.09576450254163
2023-11-01,Six months,Eurozone,1.13230383140746,0.821265307037722,1.30864572997575,0.907514796561926
2023-10-01,Six months,Eurozone,2.33516563441507,2.50096320199564,1.69670402527697,3.11375615452594
2023-09-01,Six months,Eurozone,3.43887544573473,4.06083065328333,1.84479047099519,5.53913225238138
2023-08-01,Six months,Eurozone,4.64005993512238,6.1880756391909,1.59525115190458,8.66830333167008
2023-07-01,Six months,Eurozone,5.20465007327264,7.25032560023899,1.48169317965308,10.0916717908181
2023-06-01,Six months,Eurozone,4.95248448272794,5.90297119955276,3.36497452971567,6.98857911605306
2023-05-01,Six months,Eurozone,3.67375698883081,6.38468142527371,1.27570727082194,7.20106350645728
2023-04-01,Six months,Eurozone,3.47650973291085,5.89340101707674,1.66947185384261,6.09962852916246
2023-03-01,Six months,Eurozone,5.22688736589669,4.98655470584344,6.12356019438842,3.91458327375673
2023-02-01,Six months,Eurozone,5.85179233700104,4.38188895011773,8.21179969621855,2.37234366657284
2023-01-01,Six months,Eurozone,5.41317132935277,3.7738871975096,8.25451496006935,1.2991240260358
2022-12-01,Six months,Eurozone,6.09816036818405,5.05401038685913,7.6462030292519,3.85347723741654
2022-11-01,Six months,Eurozone,8.58495346850583,4.31838832454903,12.5815672284181,2.87295842636517
2022-10-01,Six months,Eurozone,10.5308519365559,5.29516870868212,14.9829626475271,4.27194731404961
2022-09-01,Six months,Eurozone,8.56749219620887,6.34620754454935,10.1990350174381,6.20118870453878
2022-08-01,Six months,Eurozone,11.2211926973926,6.84594893410619,14.030576432049,7.32071711361497
2022-07-01,Six months,Eurozone,11.9687895955507,6.83607269500719,15.2139155938545,7.52146379046685
2022-06-01,Six months,Eurozone,12.4015530711392,5.30425269129193,17.8992826055619,4.94158386191117
2022-05-01,Six months,Eurozone,11.5379477206192,5.65285652152541,15.9103480578205,5.61411792167557
2022-04-01,Six months,Eurozone,10.6977353662493,4.7442517271725,15.3174456958887,4.41365583921505
2022-03-01,Six months,Eurozone,11.3167741343368,3.17550197035095,18.0590876449892,2.36014546120635
2022-02-01,Six months,Eurozone,7.08437116501861,1.82139320415382,12.1455036076967,0.346640216177363
2022-01-01,Six months,Eurozone,5.82545586098888,1.26968198380792,10.1118853878116,0.0926676655952363
2021-12-01,Six months,Eurozone,5.01042934636782,2.18849707819131,7.31336142702768,1.80567379757621
2021-11-01,Six months,Eurozone,4.68014744033201,1.89241130367368,7.02756346263071,1.38699489844787
2021-10-01,Six months,Eurozone,4.29954395237802,2.24517048441124,5.8459459908907,2.14730470944433
2021-09-01,Six months,Eurozone,3.70790864895694,2.72571821197201,4.22933094782059,2.99270903832756
2021-08-01,Six months,Eurozone,4.68956996782106,3.63049720499611,4.69874436382098,4.65915867394167
2021-07-01,Six months,Eurozone,4.39942970211797,3.27711924234375,4.19684553796478,4.62464277477697
2021-06-01,Six months,Eurozone,4.90755839188877,3.07043416243173,6.28015994925406,3.08096882908901
2021-05-01,Six months,Eurozone,5.04990823971168,3.31917954606522,5.68536786964913,4.05511346554446
2021-04-01,Six months,Eurozone,3.80683092291199,1.86715539622875,5.15133250843018,1.9769664102073
2021-03-01,Six months,Eurozone,3.01552759589392,1.02599305103417,4.97576242371833,0.473204118674131
2021-02-01,Six months,Eurozone,1.25606798201421,-0.48885453197085,4.33366881933317,-2.27529121252305
2021-01-01,Six months,Eurozone,0,-1.77671686598653,2.4054340749214,-2.8061450663552
2020-12-01,Six months,Eurozone,-1.02064945668632,-1.26719531101741,-0.595827869640875,-1.54618732903293
2020-11-01,Six months,Eurozone,-0.999810828710823,-1.38630485837281,-0.372739937889177,-1.79178265242202
2020-10-01,Six months,Eurozone,-0.53658439765950094,-0.393768799421179,-0.867030032572425,-0.142062252696784
2020-09-01,Six months,Eurozone,-0.31817883525227,0.866151513063151,-2.31633343475849,2.136922665256
2020-08-01,Six months,Eurozone,0.616635401618004,2.73520116792403,-2.80644167756713,4.83899377226074
2020-07-01,Six months,Eurozone,1.80902100862053,4.70242424965959,-1.4440243646293,5.87574154924237
2020-06-01,Six months,Eurozone,0.489056612687055,1.73258308465436,-1.4752686935583,2.90762866271812
2020-05-01,Six months,Eurozone,0.441500567070552,1.92868662241021,-1.57303680373384,2.95312144045281
2020-04-01,Six months,Eurozone,0,0.81646596535554,-0.765193116180929,0.95419306914204
2020-03-01,Six months,Eurozone,-0.317673450729816,-0.419140300259169,0.323001218382912,-1.06615361232276
2020-02-01,Six months,Eurozone,-0.95359807525951,-1.9323216137242,1.0842762590713,-3.35601188021266
2020-01-01,Six months,Eurozone,-1.0281449468853,-2.21554551346586,1.31212324247296,-3.78249231267844
2019-12-01,Six months,Eurozone,0.0488639132704805,-0.0466091813758673,0.470558448825109,-0.475453980163199
2019-11-01,Six months,Eurozone,-0.268964973892694,-0.0935672463398318,-0.221715766010955,-0.311656987614239
2019-10-01,Six months,Eurozone,0.63803519161354,0.890551030637354,0.0247356377756747,1.37042340533968
2019-09-01,Six months,Eurozone,1.80946940620885,2.4932257811888,0.223810934050661,3.78638901019501
2019-08-01,Six months,Eurozone,3.44434001280343,4.47264397004672,0.733292948839348,6.81710822719488
2019-07-01,Six months,Eurozone,3.81158836845994,4.5090770427334,1.14147087628602,7.12515159625478
2019-06-01,Six months,Eurozone,2.61524551520635,2.66242964467622,1.42507110762553,4.14705691650152
2019-05-01,Six months,Eurozone,2.21372560943192,2.72161377587439,0.74358400574277,4.07945056320551
2019-04-01,Six months,Eurozone,0.813455699132648,1.25094671280277,0.0990098949269491,1.69858646771861
2019-03-01,Six months,Eurozone,-0.123266552231094,-0.44687425725628,0.398852900991709,-0.793886317224857
2019-02-01,Six months,Eurozone,-1.35708747363613,-2.44122249446582,0.787048694443482,-3.93666524943311
2019-01-01,Six months,Eurozone,-1.67898251279164,-2.65511258861308,0.635362783497606,-4.47950065060208
2026-08-01,Three months,Eurozone,2.22919819783647,1.52796097906842,,6.79716842720861
2026-07-01,Three months,Eurozone,0.778660916124374,1.9287935605337,-5.38671644568795,8.26387359501748
2026-06-01,Three months,Eurozone,4.10121900431455,5.92613821461145,0.705741235242807,8.14720158334332
2026-05-01,Three months,Eurozone,9.96378679761061,8.70321308303801,12.0892014113276,7.54929117345187
2026-04-01,Three months,Eurozone,12.410738483192,10.6188713035574,15.3387596354114,9.17354246018827
2026-03-01,Three months,Eurozone,5.5165241068672,2.07785270785161,7.78812007864937,3.00655601625386
2026-02-01,Three months,Eurozone,1.03936764741226,0.159267338560309,-1.85445032403957,4.50577133039967
2026-01-01,Three months,Eurozone,-2.63389139833116,-4.93227475635608,-3.33975015416111,-1.84861530835471
2025-12-01,Three months,Eurozone,0.438442868463529,0.357656987602217,0.59990833180692,0.198461859110588
2025-11-01,Three months,Eurozone,0.0796812709495942,-0.476095167596458,5.71903749058853,-6.06695340139739
2025-10-01,Three months,Eurozone,1.80691110483957,2.90099057418873,5.21747076443344,-1.91747116784399
2025-09-01,Three months,Eurozone,1.04134498330912,1.15923438931442,0.400039504849503,1.76436849098374
2025-08-01,Three months,Eurozone,1.89405853843567,2.09374823796151,-3.50687337938607,8.52361026542095
2025-07-01,Three months,Eurozone,1.12459985485038,0.8011978007052,-3.73882121406994,6.90540645580622
2025-06-01,Three months,Eurozone,3.29793773979905,5.60113566470006,-0.636560540559838,8.16046421707506
2025-05-01,Three months,Eurozone,4.61020252701716,8.09716985715776,2.51458021289863,7.07696976166472
2025-04-01,Three months,Eurozone,6.62038988828604,10.5953671529637,3.71673657815619,10.1360925124655
2025-03-01,Three months,Eurozone,3.11611779290446,2.25020604286272,2.55241666268553,3.74141305155951
2025-02-01,Three months,Eurozone,2.00782552038365,0.163115472289466,-0.440770679379654,5.00719686918478
2025-01-01,Three months,Eurozone,-1.00963400048784,-4.18747794674531,-0.881404883130565,-1.10096306238524
2024-12-01,Three months,Eurozone,1.47251844202203,0.488349890991913,3.192545486233,-0.490495703640803
2024-11-01,Three months,Eurozone,-0.284191649911525,-1.0123937756045,6.21072353153234,-7.40338306896447
2024-10-01,Three months,Eurozone,1.55543541868568,2.59419282161963,5.35791943626525,-2.73653149354571
2024-09-01,Three months,Eurozone,0.0814000771880652,0.939775965885814,-1.60172957385324,2.03197077431072
2024-08-01,Three months,Eurozone,1.31118922312525,2.10031446408854,-4.89685723940213,9.02751208536494
2024-07-01,Three months,Eurozone,1.64453332202781,2.52693262113923,-5.19981746717596,10.3386594347493
2024-06-01,Three months,Eurozone,4.08877343382033,6.12836064013722,0.444376430540272,8.71851874736895
2024-05-01,Three months,Eurozone,6.35735390509824,9.28979754433288,4.33889065238431,8.9127318393909
2024-04-01,Three months,Eurozone,8.11062594848733,10.3937470477994,6.6964935013974,9.81270452008174
2024-03-01,Three months,Eurozone,4.13099483761377,3.37558797659567,2.79014858254254,5.79026232050932
2024-02-01,Three months,Eurozone,1.71589076283818,0.755584847008683,-1.65011301737737,6.01140910954847
2024-01-01,Three months,Eurozone,-2.98471115114696,-4.25775200623634,-4.52351826533174,-0.975240505084241
2023-12-01,Three months,Eurozone,-1.19493894611813,0.334063807775786,-1.68755630660961,-0.636771656402546
2023-11-01,Three months,Eurozone,-0.580068907825759,-0.542315066949905,4.49602652615924,-6.66153366280119
2023-10-01,Three months,Eurozone,3.89661312400089,3.22589064602503,9.30722865280247,-2.554440662963
2023-09-01,Three months,Eurozone,3.12245805387876,1.68577049150842,3.38568301142828,2.85850984039522
2023-08-01,Three months,Eurozone,2.87416985599964,2.20354058064591,-1.78151226570882,9.09035622712326
2023-07-01,Three months,Eurozone,0.797184918089955,1.78112672686779,-5.38393721008841,9.1116596860034509
2023-06-01,Three months,Eurozone,3.75626372179731,6.4913647593946,0.326863874704397,8.2896150631502
2023-05-01,Three months,Eurozone,6.43626246076023,10.3279528663395,5.08810810182094,8.2478832904189
2023-04-01,Three months,Eurozone,9.80483637547878,13.0134113392641,8.84551467203218,11.0804861054823
2023-03-01,Three months,Eurozone,6.16249664340209,5.31782867308859,6.49508563202115,5.70317434960648
2023-02-01,Three months,Eurozone,0.982951107867858,2.58234788121356,-2.39838675878219,6.16436707666006
2023-01-01,Three months,Eurozone,-2.48709965842336,-0.778038233878431,-5.03346382085414,1.34211299126352
2022-12-01,Three months,Eurozone,4.29952360585588,4.65632275059904,5.75333088370837,2.15625673874307
2022-11-01,Three months,Eurozone,10.9553822504857,6.21299829685487,19.975410289114,-1.28423466021006
2022-10-01,Three months,Eurozone,13.9535041085602,8.53463761848763,23.4017842572773,1.2561532965748201
2022-09-01,Three months,Eurozone,7.9278144745129,5.45320921185468,9.57295557297717,5.57889529846234
2022-08-01,Three months,Eurozone,6.26516605692611,2.457574092922,5.64339183390861,7.20522237725054
2022-07-01,Three months,Eurozone,7.21100088490478,2.15238928941959,7.13849705477763,7.37756316713361
2022-06-01,Three months,Eurozone,9.21096122591594,7.24676796120676,10.8286917631474,6.82714997512688
2022-05-01,Three months,Eurozone,16.4083599926232,11.4222828785312,23.0836319783116,7.43633627520637
2022-04-01,Three months,Eurozone,16.9377185178195,11.7345028176944,23.8980078251517,7.66555726032021
2022-03-01,Three months,Eurozone,15.685357870525,3.39692137745882,25.4209593000738,3.08929917170571
2022-02-01,Three months,Eurozone,6.8713087489245,0.182170054144737,9.15512136701084,3.8228060551218
2022-01-01,Three months,Eurozone,4.79072766712849,-1.80868045937338,7.33113078453127,1.25997397059892
2021-12-01,Three months,Eurozone,7.11315962339365,2.95455672198193,11.1293379778753,1.63614907680978
2021-11-01,Three months,Eurozone,7.29785834987142,3.48743801847766,15.217809498262,-3.01313762094961
2021-10-01,Three months,Eurozone,6.8704012034368,4.44455311407002,12.9646842908878,-1.06118214760551
2021-09-01,Three months,Eurozone,2.94897760723101,1.42813749660804,3.62841847452215,1.97548127827816
2021-08-01,Three months,Eurozone,2.12629997141764,0.321968347726287,-0.580479783203747,5.98675410658791
2021-07-01,Three months,Eurozone,1.79053083150762,0.0921022273781658,-0.824188081139399,5.4598395846059
2021-06-01,Three months,Eurozone,4.47243446529342,4.03989901242516,4.83372794598085,4.02008386807298
2021-05-01,Three months,Eurozone,7.31717552789712,7.04813838711027,10.2582978418841,3.34819276870799
2021-04-01,Three months,Eurozone,7.0751948446838,6.56348624556895,9.47208205308159,3.79606036635325
2021-03-01,Three months,Eurozone,5.34449459396582,2.1100029822543,7.74654894138078,2.15033231678619
2021-02-01,Three months,Eurozone,2.83054102838527,-0.279883210398502,1.30209880221943,4.7668696303095
2021-01-01,Three months,Eurozone,0.638230562071751,-2.62220471460132,1.00111846723761,0.189753267356263
2020-12-01,Three months,Eurozone,0.738049641449878,-0.0465089231135751,2.27622884178225,-1.17638859395179
2020-11-01,Three months,Eurozone,-0.294297777271069,-0.697387937758043,7.45596170277771,-8.84409602676259
2020-10-01,Three months,Eurozone,-0.634183012267919,-0.923888024488695,3.8292752319844,-5.71245932052529
2020-09-01,Three months,Eurozone,-2.74864493758161,-2.47297401294088,-3.3872332914433,-1.91460227432414
2020-08-01,Three months,Eurozone,-1.7003317016226,-2.07044238282011,-7.63108169896092,5.80613579808016
2020-07-01,Three months,Eurozone,-0.438889920209506,0.139186895378329,-5.35091656369758,5.75742732586713
2020-06-01,Three months,Eurozone,2.17302848215608,4.31960185483564,-1.233563236895,6.35580028644473
2020-05-01,Three months,Eurozone,2.98821445473012,7.77666943286823,2.27020033501779,3.88069210046282
2020-04-01,Three months,Eurozone,4.10768572615285,9.47360352754827,2.62413518221429,5.99418813453121
2020-03-01,Three months,Eurozone,-1.1671607573872,-0.790280282340217,-1.7163826382698,-0.428749457366495
2020-02-01,Three months,Eurozone,-2.04223765235423,-3.60198351609969,-5.27184798403139,2.03383323709478
2020-01-01,Three months,Eurozone,-3.94561237002019,-7.1560679265847,-4.04258335737447,-3.84615158987853
2019-12-01,Three months,Eurozone,0.539115363095699,-0.0466118968954543,2.40470226508647,-1.69947743229739
2019-11-01,Three months,Eurozone,0.14713994202431,-0.233740331366317,7.86688739687185,-8.46114329553604
2019-10-01,Three months,Eurozone,1.9779349423229,2.98787789026627,6.96563824894136,-3.71879088944218
2019-09-01,Three months,Eurozone,-0.438996959681337,-0.0466064658561693,-1.42705469824589,0.763810829516642
2019-08-01,Three months,Eurozone,-0.683341000685644,0.0468027839648721,-7.70377967754895,8.56335866897997
2019-07-01,Three months,Eurozone,-0.68425946302314,-1.16406420072777,-6.46577813968282,6.72864244546578
2019-06-01,Three months,Eurozone,4.10871470003422,5.09759558533962,1.90232469360514,6.89963445308897
2019-05-01,Three months,Eurozone,7.74357080173591,9.09427422343856,9.9416235341587,5.09894636559762
2019-04-01,Three months,Eurozone,8.51095527571657,10.5078542131273,9.36742646232056,7.52313382402721
2019-03-01,Three months,Eurozone,1.14320057149466,0.283687765148954,0.950052710941263,1.46535598425133
2019-02-01,Three months,Eurozone,-3.03230508124279,-3.27879247715005,-7.68492048720034,3.06984421952858
2019-01-01,Three months,Eurozone,-6.33800223971105,-7.23053774560558,-8.38394843827908,-3.8104441183906
2026-08-01,One month,Eurozone,5.47975835865833,2.71704025403596,,0.689124406718866
2026-07-01,One month,Eurozone,2.59292308148886,-0.349395482772707,-6.80452216112263,14.1558567368303
2026-06-01,One month,Eurozone,-1.27245596920488,2.24322930537115,-7.09119994353722,5.97378656462511
2026-05-01,One month,Eurozone,1.05318654090023,3.93843084582626,-2.18518129726605,4.89481830164167
2026-04-01,One month,Eurozone,13.0782552214133,11.8403980286635,12.3831461108491,13.7871895631522
2026-03-01,One month,Eurozone,16.3643505012497,10.4974571514755,28.1107238155465,4.22580337542531
2026-02-01,One month,Eurozone,7.95042442995855,9.53090617033687,6.57102902485511,9.71944074428261
2026-01-01,One month,Eurozone,-6.47728089361553,-12.1168504649068,-8.27493074228789,-4.42687992307119
2025-12-01,One month,Eurozone,2.17164347859622,4.38332430000548,-3.28705070578055,8.84324360372819
2025-11-01,One month,Eurozone,-3.40026506125655,-6.33818472998781,1.80545852622704,-9.10247611889532
2025-10-01,One month,Eurozone,2.65818915119338,3.38507472389016,3.40393433779884,1.67861825605797
2025-09-01,One month,Eurozone,1.08069206779793,1.8032880757803,12.2409862001295,-10.3245558452331
2025-08-01,One month,Eurozone,1.6880634184826,3.52351640150195,0.363324022253586,3.48366267147064
2025-07-01,One month,Eurozone,0.359657940281566,-1.77641507198543,-10.1588835025169,13.5643181397924
2025-06-01,One month,Eurozone,3.661486873402,4.6508234232169,-0.358797643678821,8.75744839325063
2025-05-01,One month,Eurozone,-0.598293082035128,-0.358869177721954,-0.358690396069428,-1.07681298225719
2025-04-01,One month,Eurozone,6.97041428827125,12.9339370890935,-1.18987194455662,17.6111558736446
2025-03-01,One month,Eurozone,7.66253682355937,12.2483212352819,9.42486610801814,5.52165622989578
2025-02-01,One month,Eurozone,5.2428286794634,6.7103344223898604,3.18796412646716,7.64624258686881
2025-01-01,One month,Eurozone,-3.23405533841983,-10.7504078816431,-4.48037050823171,-1.70849086560656
2024-12-01,One month,Eurozone,4.22824294956274,5.51416152390733,0.12047586526287,9.43149124002938
2024-11-01,One month,Eurozone,-3.82308716201524,-6.59936597386179,1.82393564593095,-10.0672513766201
2024-10-01,One month,Eurozone,4.22911938122967,2.96427547612765,7.78844140415162,0.122919318826975
2024-09-01,One month,Eurozone,-1.0918357043826,0.857006495170487,9.16490238498944,-11.8273307573583
2024-08-01,One month,Eurozone,1.59873662762717,3.98619692226767,-0.609166101664349,4.2273668810286
2024-07-01,One month,Eurozone,-0.243852755286833,-1.93698527214948,-12.1922135389729,15.5827627660207
2024-06-01,One month,Eurozone,2.59926856121646,4.37591686773917,-1.43896786833552,7.58047773219916
2024-05-01,One month,Eurozone,2.60491063837949,5.29514556485675,-1.55600069640728,8.03303321381981
2024-04-01,One month,Eurozone,7.12707857611594,8.76413605626714,4.44373385838466,10.5657310056063
2024-03-01,One month,Eurozone,9.45488865603377,13.9842380764076,10.4757622279013,8.1580486073817209
2024-02-01,One month,Eurozone,7.76325988560285,8.51828183309737,5.26913264306197,10.7333345985761
2024-01-01,One month,Eurozone,-4.27306174878432,-10.6887292522711,-6.61299870288757,-1.14472226495858
2023-12-01,One month,Eurozone,2.01441209359419,5.53541132869346,-3.23147513212181,8.83775692785249
2023-11-01,One month,Eurozone,-6.49715107384339,-6.88784348725356,-3.69060155020373,-9.74901602060461
2023-10-01,One month,Eurozone,1.12329167995708,2.78757398086293,1.95832278153192,-0.12758490651732
2023-09-01,One month,Eurozone,3.9308147511451,2.79406412429344,16.2004947144948,-9.78380954121631
2023-08-01,One month,Eurozone,6.71086527654876,4.10156617248136,10.2341076024214,2.69661337113858
2023-07-01,One month,Eurozone,-1.12037835772422,-1.74486632609816,-13.7305089220995,17.4573175176393
2023-06-01,One month,Eurozone,3.1819173301548,4.37231325151142,-0.366244060895105,7.62740754630997
2023-05-01,One month,Eurozone,0.377140618150107,2.81611813216947,-1.45584324871518,2.75678973562343
2023-04-01,One month,Eurozone,7.84612851582154,12.5373454299875,2.85237638747728,14.8225063752598
2023-03-01,One month,Eurozone,11.3857075546189,16.0643411054135,14.5026433077475,7.50302576214621
2023-02-01,One month,Eurozone,10.2123797826424,10.5081926999143,9.49688609829404,11.0364592152577
2023-01-01,One month,Eurozone,-2.53391493529318,-8.92222685106646,-3.66781301393623,-1.05865797172697
2022-12-01,One month,Eurozone,-4.13495670396378,7.25338919452008,-11.8549761591048,8.91631109552673
2022-11-01,One month,Eurozone,-0.763274160328575,0,0.865483298535508,-3.41734385806476
2022-10-01,One month,Eurozone,19.2653465864242,6.87727902288253,33.0276110587885,1.34512067254584
2022-09-01,One month,Eurozone,15.4139806734298,12.1108428582366,28.704095137492,-1.72171668068065
2022-08-01,One month,Eurozone,7.50046885994311,6.70188097443085,9.75647737089444,4.232671231362
2022-07-01,One month,Eurozone,1.32844303152826,-1.96984035419586,-6.87042880556849,14.8867412748399
2022-06-01,One month,Eurozone,10.1618061375639,2.82540318863569,15.3477814795242,2.89020848888488
2022-05-01,One month,Eurozone,10.3965837215789,5.75123696864659,14.4826832815182,4.73616631581082
2022-04-01,One month,Eurozone,7.10555769844263,13.440142073944,3.0878719072462,13.1290670757982
2022-03-01,One month,Eurozone,33.4089208724657,15.3091946834091,57.9987076613015,4.66047240289171
2022-02-01,One month,Eurozone,11.9095040399691,6.64271711424411,16.770156154047,5.40797772182997
2022-01-01,One month,Eurozone,3.70109469468114,-10.1066256568939,6.93625212227345,-0.691919061988333
2021-12-01,One month,Eurozone,5.17997698340338,4.88476742423727,4.15389857417559,6.9104645607943596
2021-11-01,One month,Eurozone,5.49992622956832,0.410513140972069,11.0137121323877,-2.20680661524643
2021-10-01,One month,Eurozone,10.7498798022469,3.62036390008027,18.6954375742316,0.418969424665128
2021-09-01,One month,Eurozone,5.72501155406679,6.52182705511912,16.0775389800858,-7.10029367790597
2021-08-01,One month,Eurozone,4.24405927742073,3.22233240060754,4.62750308251425,3.81737649287444
2021-07-01,One month,Eurozone,-0.999575200311731,-5.10068509984134,-8.36897224304793,9.95194089720663
2021-06-01,One month,Eurozone,3.21062799723835,3.07453598583696,2.50063834917293,4.29940376305844
2021-05-01,One month,Eurozone,3.21924043646451,2.51442187095265,3.85996356811666,2.2766732695922
2021-04-01,One month,Eurozone,7.03358337522388,6.57698022192927,8.22518913920032,5.50989228244225
2021-03-01,One month,Eurozone,11.8734362012574,12.2765294672296,19.249709950956,2.2913444579276
2021-02-01,One month,Eurozone,2.52259185801105,1.12833796687353,1.65399456284487,3.61211608204561
2021-01-01,One month,Eurozone,1.92693783129814,-6.23451225945038,3.18779352332978,0.570340674374292
2020-12-01,One month,Eurozone,4.05376724929882,4.57610172755984,-0.893405165473815,10.3548534213636
2020-11-01,One month,Eurozone,-3.89583900368212,-5.8317831227242,0.750606383890262,-9.38323336068055
2020-10-01,One month,Eurozone,2.23053064538581,1.40447161507806,7.14549000516274,-3.48781187739171
2020-09-01,One month,Eurozone,0.887458804417296,2.5464342667169,14.9396795507314,-13.3908686430376
2020-08-01,One month,Eurozone,-4.87531646655333,-6.47468151506764,-9.11010742448345,0.280635925865269
2020-07-01,One month,Eurozone,-4.15784370960595,-3.27801891227461,-13.6786973503961,8.6506453110498
2020-06-01,One month,Eurozone,4.18527827650033,3.82142819682258,0.448625337080322,8.71342323730468
2020-05-01,One month,Eurozone,-1.16602591419951,0,-2.21161924613069,0.142205344471691
2020-04-01,One month,Eurozone,3.58483640603,9.3479797664856,-1.91628540477694,10.505327742257
2020-03-01,One month,Eurozone,6.69894934587658,14.4889341649591,11.5226704580504,1.29876137513583
2020-02-01,One month,Eurozone,2.09207942537639,4.79823436290581,-1.19282881261439,6.37971098831216
2020-01-01,One month,Eurozone,-11.3759438737322,-18.6148459246414,-13.8427613457347,-8.39083100690935
2019-12-01,One month,Eurozone,3.88979645180936,5.02801020756751,-0.147956326052345,9.00209832034706
2019-11-01,One month,Eurozone,-3.74415638942338,-6.37102957038709,2.70389465718968,-10.9720832974823
2019-10-01,One month,Eurozone,1.62608111966753,1.54935615821219,4.71667087379823,-2.11719403965993
2019-09-01,One month,Eurozone,2.67941119168607,4.4392271078467,16.6975399888477,-11.9795001803183
2019-08-01,One month,Eurozone,1.63191091539066,2.99532320637206,0.151009850086958,3.59394352860314
2019-07-01,One month,Eurozone,-5.42979532325825,-7.1650566933225,-18.0486398890921,12.2006972102458
2019-06-01,One month,Eurozone,1.92527319090996,4.73230498814041,-4.20557157085779,10.0829073639038
2019-05-01,One month,Eurozone,1.62909132137175,-0.699257110482043,4.23539018796348,-1.56999448241673
2019-04-01,One month,Eurozone,8.93346743572046,11.6208131115061,5.97339018885727,12.7408383320982
2019-03-01,One month,Eurozone,12.9782188938774,17.1408019113199,20.3024338066714,4.61315912795426
2019-02-01,One month,Eurozone,3.81609973772667,3.21101847200089,2.61072043597361,5.39940613860859
2019-01-01,One month,Eurozone,-11.7833331946266,-16.5826033939018,-16.6601911942282,-5.26098411889305
2026-08-01,One year,UK,3.08591030765809,2.5711621623606,2.67254546412152,3.44998998902244
2026-07-01,One year,UK,2.86279730848115,2.58330020466156,2.20153820582948,3.44760824770781
2026-06-01,One year,UK,2.64645519029272,2.57340738609962,1.65063344372602,3.58082981657126
2026-05-01,One year,UK,2.84789550491989,2.61069741965091,1.99535718846958,3.66470505814768
2026-04-01,One year,UK,2.80793168331162,2.45293232190658,2.4294552587898,3.16549179926217
2026-03-01,One year,UK,3.31621251309707,3.14590191038762,2.14226258040105,4.48100722512341
2026-02-01,One year,UK,2.98516241930503,3.22507569979838,1.60946242436666,4.34258142340169
2026-01-01,One year,UK,3.01248864500787,3.0858720299714,1.63282410758505,4.37996246571388
2025-12-01,One year,UK,3.37361307837583,3.24833694511352,2.21276336528871,4.52950121435315
2025-11-01,One year,UK,3.24774308124908,3.18091300759453,2.09892762213192,4.39280034697123
2025-10-01,One year,UK,3.55886382994483,3.38469922194303,2.61887613589345,4.4903911405016
2025-09-01,One year,UK,3.78273665387624,3.52001337772305,2.86601090195956,4.6855742601534
2025-08-01,One year,UK,3.78825685066699,3.58902984393538,2.83815257004465,4.72048701486494
2025-07-01,One year,UK,3.82948516775013,3.7621553903857,2.65713222063659,4.98112659698027
2025-06-01,One year,UK,3.57648989333931,3.66000978653129,2.4268110702583,4.72509280260213
2025-05-01,One year,UK,3.35794983609741,3.53844621055941,2.04928087337852,4.67725612707354
2025-04-01,One year,UK,3.52733157516183,3.82554469166219,1.66137420037737,5.4219001372633
2025-03-01,One year,UK,2.59415169510636,3.38445760104426,0.553940740515293,4.71553241694444
2025-02-01,One year,UK,2.83618766776304,3.5296600894337,0.784262716533027,4.97230073487845
2025-01-01,One year,UK,2.98294050090887,3.74021478305338,1.03152303606482,5.01421262080726
2024-12-01,One year,UK,2.50298694817078,3.20677670235814,0.705472781786545,4.36702243683764
2024-11-01,One year,UK,2.6221267095461,3.52912587111086,0.366435153243494,5.00588257618885
2024-10-01,One year,UK,2.28099148510651,3.30581097141427,-0.297166604279491,5.0166412688304
2024-09-01,One year,UK,1.6803412198762,3.16080011918671,-1.3639582968418,4.94385099972609
2024-08-01,One year,UK,2.21628370867784,3.58780430158355,-0.926046593635728,5.55911713526881
2024-07-01,One year,UK,2.23444482640083,3.28615161269961,-0.551480513069705,5.17234797877618
2024-06-01,One year,UK,1.97531052003071,3.51972772962919,-1.43668357328603,5.73805888431346
2024-05-01,One year,UK,1.98997776220794,3.48571609853592,-1.30746648103869,5.67584742478958
2024-04-01,One year,UK,2.33307009944108,3.85550260658201,-0.805733719842047,5.86158136918667
2024-03-01,One year,UK,3.22805928455032,4.2373293162933,0.835552009084421,5.98963088820256
2024-02-01,One year,UK,3.41147217965158,4.47836776032605,1.09216917793386,6.0882289442752
2024-01-01,One year,UK,3.98111461719139,5.05326842492417,1.7561862090034,6.54149000605694
2023-12-01,One year,UK,3.99326853511999,5.13629324965384,1.87805163860786,6.39569778887474
2023-11-01,One year,UK,3.94099168074258,5.08682614999341,1.96670053935745,6.27425040534982
2023-10-01,One year,UK,4.59987797050689,5.66075146227818,2.90550048346396,6.56169463317688
2023-09-01,One year,UK,6.6521767234414,6.06105968746622,6.2413528055342,6.9124274024305
2023-08-01,One year,UK,6.65703056484881,6.22735147168359,6.28259027506192,6.82907738968789
2023-07-01,One year,UK,6.82721419303242,6.90103068436767,6.07307654547241,7.44137212602431
2023-06-01,One year,UK,7.94968429522708,6.88543728744733,8.45427112539982,7.18341640010911
2023-05-01,One year,UK,8.68068200629035,7.12398365349488,9.66601667842176,7.35006613811636
2023-04-01,One year,UK,8.65823586257456,6.77343896733655,9.95724958378997,6.94544239284818
2023-03-01,One year,UK,10.0568773805661,6.18770371262223,12.7535880821171,6.64053239407999
2023-02-01,One year,UK,10.4163968677424,6.19660158384582,13.4398553967376,6.59092458748125
2023-01-01,One year,UK,10.0515239603823,5.80390716546863,13.2838774369304,5.95286990450766
2022-12-01,One year,UK,10.5283743731041,6.35036814359778,13.4233004891189,6.79708732885493
2022-11-01,One year,UK,10.6720127187121,6.3126182302249,14.0297709243248,6.34828038810299
2022-10-01,One year,UK,11.0515663498768,6.48907344195375,14.7694361991032,6.28091083940101
2022-09-01,One year,UK,10.0956278076769,6.53512541309682,13.1729069948447,6.14940940802652
2022-08-01,One year,UK,9.87018780389883,6.25967096487328,12.9458534251113,5.92990516988237
2022-07-01,One year,UK,10.1009011923053,6.15844704702554,13.5483631228865,5.70155284080563
2022-06-01,One year,UK,9.41211348078409,5.81600408203457,12.6905293588948,5.217981163088
2022-05-01,One year,UK,9.08270133622245,5.90622384984298,12.3913530048122,4.85807003157877
2022-04-01,One year,UK,9.01066167789745,6.18812778764912,12.3580613626109,4.74223556282871
2022-03-01,One year,UK,7.02312402888218,5.7110648472231,9.36382386890457,4.00951080973977
2022-02-01,One year,UK,6.17660809064159,5.19165320851467,8.26469833851065,3.4757070916419
2022-01-01,One year,UK,5.45551333590323,4.37282659291914,7.15725614742407,3.23572280376308
2021-12-01,One year,UK,5.38604574474906,4.19541690877396,6.89651906227799,3.40877957383627
2021-11-01,One year,UK,5.12990054274458,3.97661564238688,6.48860033790838,3.33495855680155
2021-10-01,One year,UK,4.20621165855135,3.38341761560011,4.91258625422397,3.22717885537524
2021-09-01,One year,UK,3.08006895539907,2.90103478141952,3.41957234038524,2.5973565784345
2021-08-01,One year,UK,3.19667074843711,3.12161839957449,3.27694354685422,3.04179125729746
2021-07-01,One year,UK,2.03993692239988,1.84849120439188,2.47125123752951,1.59880904141928
2021-06-01,One year,UK,2.51418256833418,2.31729545059032,2.8288583569945,2.1189865098889
2021-05-01,One year,UK,2.11494846311288,2.00640654973337,2.27482998388065,1.9195376750389
2021-04-01,One year,UK,1.52592223789635,1.25480764817654,1.51726243868924,1.56248611271586
2021-03-01,One year,UK,0.714325165233717,1.11877183305755,0.00378465323115232,1.48353366995845
2021-02-01,One year,UK,0.414215889321517,0.876232201533405,-0.535744656726579,1.4657849287242
2021-01-01,One year,UK,0.700580428111941,1.43689068705966,-0.234316450532667,1.72987059669302
2020-12-01,One year,UK,0.588766446762254,1.4049236774752,-0.290887111245424,1.50623486139769
2020-11-01,One year,UK,0.315065085813779,1.10945383567193,-0.753622096199858,1.44516987715608
2020-10-01,One year,UK,0.697150455225392,1.45518635059195,0.0274574409665119,1.39479289302693
2020-09-01,One year,UK,0.531900183445642,1.27137422905048,-0.333172881803848,1.44232065349258
2020-08-01,One year,UK,0.219607843137254,0.858321463586093,-0.182142450574894,0.628660469614742
2020-07-01,One year,UK,1.0403060704592,1.8237025619121,-0.00951855165718471,2.12578378718772
2020-06-01,One year,UK,0.603151955379723,1.44201733765691,-0.50904816524633,1.77425477683978
2020-05-01,One year,UK,0.479860673657688,1.20572580420424,-0.897043254688443,1.94416749750747
2020-04-01,One year,UK,0.767422630605862,1.42915665791482,-0.420008362157444,2.01929528679978
2020-03-01,One year,UK,1.52330753990505,1.60847391133777,0.592954971589562,2.52522013212509
2020-02-01,One year,UK,1.70952973888945,1.6798936847228,0.972189095072275,2.50603116945064
2020-01-01,One year,UK,1.76927056389033,1.58857056864994,1.27782635012442,2.2944550669216
2019-12-01,One year,UK,1.30207117989116,1.36720390469701,0.584223125736211,2.08436360972214
2019-11-01,One year,UK,1.47421755225668,1.68996414092709,0.557950078150901,2.47435791103369
2019-10-01,One year,UK,1.46437438515951,1.71860334146798,0.458453812205143,2.56147918740552
2019-09-01,One year,UK,1.7149554617909,1.66996780219472,0.984578432680748,2.51121571951028
2019-08-01,One year,UK,1.7242673975483,1.51638920969362,1.2612993400513,2.2310924754415
2019-07-01,One year,UK,2.06109540602633,1.94435767093593,1.69297931448374,2.46674594176046
2019-06-01,One year,UK,2.00546257005415,1.77590331823469,1.52639430248785,2.52898275398715
2019-05-01,One year,UK,2.0206029675834,1.68222003929274,1.51906265293784,2.56767811988696
2019-04-01,One year,UK,2.11762696748608,1.77962246986582,1.40980794619025,2.88928901286513
2019-03-01,One year,UK,1.90760087999162,1.83876337693223,1.34558993749517,2.51932705223706
2019-02-01,One year,UK,1.86928366379599,1.83946169535465,1.32633430971646,2.4595864661654
2019-01-01,One year,UK,1.84794895867262,1.89369980641328,1.2648005993209,2.48525615661448
2026-08-01,Six months,UK,3.97215058448488,2.6133269646563,4.29105532203189,3.37957912133398
2026-07-01,Six months,UK,3.46452886597659,2.70971522586241,3.05372678774838,3.42228259250998
2026-06-01,Six months,UK,2.89667623468834,2.68801312046016,1.75054021268179,3.57464743523488
2026-05-01,Six months,UK,3.24468145673471,2.69216824311866,2.7827927360665,3.56963637235799
2026-04-01,Six months,UK,2.92860035089402,2.45937430126697,2.61226886948207,3.27360026115617
2026-03-01,Six months,UK,2.93612402620418,2.73995289290838,2.12567031434137,3.88394179802509
2026-02-01,Six months,UK,2.19039372461636,2.65889892468882,1.06042994346693,3.6787786985756
2026-01-01,Six months,UK,2.26324249332852,2.59620276247772,1.36301869873943,3.6343342425875
2025-12-01,Six months,UK,2.42488272287342,2.67515232301996,1.59072200557711,3.80799805807908
2025-11-01,Six months,UK,2.47456500376244,2.8117910396712,1.23076964146469,4.02862842054619
2025-10-01,Six months,UK,2.68835452521305,2.73952197295362,2.23616923733514,3.54219292080242
2025-09-01,Six months,UK,3.69727764451782,3.47802253604577,2.15874801376466,4.74504559918234
2025-08-01,Six months,UK,3.80311049666449,3.61598752612149,2.18291087839153,4.76865805406268
2025-07-01,Six months,UK,3.76993362565403,3.49611584984824,1.90128007688244,4.91415653080911
2025-06-01,Six months,UK,4.33992348906835,3.86021466601165,2.83057019123214,5.21653048720405
2025-05-01,Six months,UK,4.0491824419866,3.57079687325406,2.99185489532114,4.72607008962269
2025-04-01,Six months,UK,4.43159233283315,4.03183608388551,2.99559376416694,5.45576548387943
2025-03-01,Six months,UK,3.85408609539248,3.51680586116705,3.5672695836142,4.60499518654853
2025-02-01,Six months,UK,3.72757455380897,3.37740801897983,3.46506687780792,4.52158339256157
2025-01-01,Six months,UK,3.85598955339288,3.84289934701605,3.41025578000027,4.9382927488568
2024-12-01,Six months,UK,2.82480674236674,3.34012335898999,2.05385882243696,4.18939174815116
2024-11-01,Six months,UK,2.67800688851274,3.53785286293464,1.12318019003348,4.69257437623629
2024-10-01,Six months,UK,2.60973310614374,3.48594182006481,0.333744507565803,4.99409810983
2024-09-01,Six months,UK,1.34844118874569,3.22935832013074,-2.39029870964436,4.90360158407175
2024-08-01,Six months,UK,1.96599305642753,3.56349241577383,-1.83042250969191,5.36464854616854
2024-07-01,Six months,UK,2.10668247200876,3.33122458482698,-1.33063992124318,5.02846936631569
2024-06-01,Six months,UK,2.20679605668344,3.17058131119712,-0.637616015066833,5.03412674142769
2024-05-01,Six months,UK,2.61562392555144,3.56616684653961,-0.348703022826247,5.56154972848655
2024-04-01,Six months,UK,1.97001744982623,3.22284833578972,-0.906684155201221,5.22060670838298
2024-03-01,Six months,UK,2.02219109303607,3.2932389924432,-0.303068958704444,5.1441429879385
2024-02-01,Six months,UK,2.43336508752376,3.60175681214912,-0.0181026515305382,5.6321611790553
2024-01-01,Six months,UK,2.34045309348641,3.35099489161685,0.251024199558669,5.27230927957174
2023-12-01,Six months,UK,1.73862755429441,4.06549798990039,-2.19636795233233,6.29409087418287
2023-11-01,Six months,UK,1.36623684585901,3.73280866176247,-2.24191589777901,5.73346001669579
2023-10-01,Six months,UK,2.67443913423164,4.6578693938006,-0.711379404849677,6.39419138110295
2023-09-01,Six months,UK,4.42195868897792,5.49270036689853,1.91547121488875,6.90046006108276
2023-08-01,Six months,UK,4.40300140694199,5.51065790331191,2.17460902577098,6.60783712798947
2023-07-01,Six months,UK,5.65696402381146,6.71185217268702,3.23843396642713,7.84474297794646
2023-06-01,Six months,UK,6.34107301628237,6.29213120551226,6.13817403838315,6.64627292769759
2023-05-01,Six months,UK,6.66949045449914,6.68844879165993,6.43829781361884,7.09028034342745
2023-04-01,Six months,UK,6.58415374114707,6.62070427350872,6.6888660765863,6.85042001428504
2023-03-01,Six months,UK,8.93382828631997,6.40970533898622,10.7800267258733,6.88061821380728
2023-02-01,Six months,UK,8.94201801049059,6.58014943908041,10.5713832535025,6.87591181455687
2023-01-01,Six months,UK,8.00395352570293,6.40233761009676,9.03781615191834,6.60149219422779
2022-12-01,Six months,UK,9.53582913199331,6.87777076522549,10.8197055005319,7.35664602547246
2022-11-01,Six months,UK,10.6703382682287,6.93593624930038,12.954986043381,7.26888325170232
2022-10-01,Six months,UK,10.7107378959314,6.57848682683373,13.2733930728931,7.00512944433622
2022-09-01,Six months,UK,11.1693540780084,6.32009115893775,14.6758365191441,6.65047827190186
2022-08-01,Six months,UK,11.9386894476989,6.38637749341091,16.3408165466929,6.75511903685433
2022-07-01,Six months,UK,12.202404423908,6.10169925012611,17.6745003428131,5.96620337182108
2022-06-01,Six months,UK,11.5738207295349,6.24976310054914,16.1232389288715,6.13148015969514
2022-05-01,Six months,UK,10.7155489277477,6.04660018446266,15.1662969358919,5.44319879368971
2022-04-01,Six months,UK,11.3586435775258,6.45254245035061,16.2744496996287,5.35099910930814
2022-03-01,Six months,UK,9.08124508848314,6.67442695289822,11.7833482112848,5.4208207230364
2022-02-01,Six months,UK,7.84724552560594,5.99357972991654,9.68508493398108,4.6941412046249
2022-01-01,Six months,UK,8.01168770639953,6.22080047122295,9.57668094492221,5.2177317596046
2021-12-01,Six months,UK,7.20641991013169,5.28757058163152,9.30752615936417,4.12111757044813
2021-11-01,Six months,UK,7.37189051994971,5.31034849222749,9.59827629915358,4.13013496781343
2021-10-01,Six months,UK,6.59463087155623,5.2296384684775,8.45427338514182,3.95384687469056
2021-09-01,Six months,UK,5.04010363469805,4.34665873703612,6.98808885709052,3.10961726531014
2021-08-01,Six months,UK,4.62932271660237,4.27985171440262,6.90624223431546,2.82715172404491
2021-07-01,Six months,UK,3.05581328806934,2.80843461841873,4.81722829110729,1.86122535631219
2021-06-01,Six months,UK,3.64464386817382,3.1161766566973,4.58032624526281,2.65053325542266
2021-05-01,Six months,UK,2.94967408695341,2.67037156613199,3.50281081974357,2.36574983530633
2021-04-01,Six months,UK,1.826573880425,1.58026819527499,1.47222539098644,2.16196465461114
2021-03-01,Six months,UK,1.23467616940773,1.59959257965898,0.0879350847134086,1.95416459873008
2021-02-01,Six months,UK,1.80639399281914,1.93555356242288,-0.210387857846694,3.03836064993632
2021-01-01,Six months,UK,1.00225764740329,1.20230626675732,0.155719357449069,1.5076776197287
2020-12-01,Six months,UK,1.30469115018539,1.4956176803776,1.03764838385672,1.5387145376806
2020-11-01,Six months,UK,1.19795010788919,1.36274676215138,0.989225448357645,1.42465557610283
2020-10-01,Six months,UK,1.12901782758947,1.2230442902381,1.46408774101854,1.11725089793491
2020-09-01,Six months,UK,0.248121059914785,1.02095063475611,-0.0486727209345506,1.03377492365868
2020-08-01,Six months,UK,-0.870043877137627,0.238339289248035,-0.800617518893998,0.0359976455338362
2020-07-01,Six months,UK,0.454545988022548,1.65792002520102,-0.614809401488936,1.9047156734435
2020-06-01,Six months,UK,-0.0735112439625207,1.221307467198,-1.56406233212887,1.50287255481887
2020-05-01,Six months,UK,-0.541333521083043,0.800650282175375,-2.42426429644342,1.42015926286434
2020-04-01,Six months,UK,0.22385134827553901,1.43491475002875,-1.40947489604473,1.661433133143
2020-03-01,Six months,UK,0.87710370072529,1.51394361656627,-0.528426907290236,2.07184211516493
2020-02-01,Six months,UK,1.35169907090118,1.64501903729419,0.42152002449416,1.89692404424562
2020-01-01,Six months,UK,1.56507518236662,1.61109262328905,0.540351781715787,2.29555163072572
2019-12-01,Six months,UK,1.21581151888652,1.41898684796979,0.510579698553593,1.96011645294276
2019-11-01,Six months,UK,1.4741109985543699,1.69680922871047,0.639774115490455,2.34703004372736
2019-10-01,Six months,UK,1.25975757239265,1.51011170606421,0.539922556327066,2.24206965986795
2019-09-01,Six months,UK,2.20378084807611,1.63548712709951,1.75636315818275,2.57245207637262
2019-08-01,Six months,UK,2.11303719864104,1.69087972429613,1.55474769064339,2.84768147212662
2019-07-01,Six months,UK,1.99095478101676,1.49057166501476,2.00033247047831,2.18622264878603
2019-06-01,Six months,UK,1.43861670682195,1.47616171026554,0.687838319931955,2.40177341023116
2019-05-01,Six months,UK,1.48723653259142,1.71986543123019,0.510722855800738,2.53912637010576
2019-04-01,Six months,UK,1.64233770110733,1.82132928115439,0.367564094186323,2.78948528458891
2019-03-01,Six months,UK,1.26430616116684,1.742492625217,0.283440616357078,2.47846414329844
2019-02-01,Six months,UK,1.35217087324266,1.58601086367378,0.929318730776618,2.1249511753358
2019-01-01,Six months,UK,2.05930720971206,2.09796308825982,1.31330878112563,2.71979032285403
2026-08-01,Three months,UK,4.67191283933275,2.9077186681012,5.2119600543415,3.5571917250186
2026-07-01,Three months,UK,3.70813329748432,3.11843530117399,2.45803919230942,4.07996467809106
2026-06-01,Three months,UK,2.30264462111378,2.49329160874725,1.22108186647261,2.98339925440076
2026-05-01,Three months,UK,3.27706644432915,2.31977743783498,3.37821113270185,3.20227114388019
2026-04-01,Three months,UK,3.2214966472468,2.30261515282757,3.65287769084142,2.76875640501195
2026-03-01,Three months,UK,3.49415715848587,2.88310457313736,2.28276800311353,4.16929008948772
2026-02-01,Three months,UK,3.21230662422562,3.06591435736918,2.19080371843823,3.93830929697074
2026-01-01,Three months,UK,2.63653516282003,2.61637365305385,1.58210709738196,3.78092412511597
2025-12-01,Three months,UK,2.38109976887035,2.59700039410611,1.96881391434436,3.59937515389226
2025-11-01,Three months,UK,1.17859886236662,2.2534908280853,-0.0574403103983268,3.41989613969504
2025-10-01,Three months,UK,1.89130750233693,2.57603583681296,1.14440282156549,3.48795141731775
2025-09-01,Three months,UK,2.46868440051846,2.75336378314783,1.21403203026358,4.01704107595955
2025-08-01,Three months,UK,3.78713078439552,3.37313954940059,2.53558397973959,4.64094371591957
2025-07-01,Three months,UK,3.49163646618229,2.90326867401565,3.33972032801859,3.59646285407693
2025-06-01,Three months,UK,4.94060164619232,4.20779187889249,3.11228182886054,5.47814535084417
2025-05-01,Three months,UK,3.81909266926943,3.85940601023003,1.83145080291793,4.89652826763645
2025-04-01,Three months,UK,4.04897914810092,4.09237854180988,0.482862236775872,6.24861059276938
2025-03-01,Three months,UK,3.74268360314527,3.51379677065153,2.54962821406868,4.95556450051049
2025-02-01,Three months,UK,4.27978215273295,3.28298973618493,4.16548218789534,4.55588890829255
2025-01-01,Three months,UK,4.81561247850166,3.97132883881013,5.57116008336422,4.66883671933671
2024-12-01,Three months,UK,3.96560821550018,3.51981503915524,4.59500941938573,4.25559683331158
2024-11-01,Three months,UK,3.17829113851875,3.47191261620223,2.76936120469711,4.48728913270948
2024-10-01,Three months,UK,2.90515230569051,3.71462849640265,1.29358237648252,5.20844245716534
2024-09-01,Three months,UK,1.69652313955055,3.16074359108911,-0.425554160143593,4.12322870498596
2024-08-01,Three months,UK,2.18014838454339,3.6038351318548,-0.496631954557658,4.89826294184716
2024-07-01,Three months,UK,2.31516199341772,3.25775938885311,-0.616998128336199,4.78019045272751
2024-06-01,Three months,UK,1.0015506360411,3.29801868650381,-4.31627607232088,5.68982312764854
2024-05-01,Three months,UK,1.75228656798638,3.52316540890605,-3.14633430072089,5.83310773613201
2024-04-01,Three months,UK,1.89862775284806,3.40474204936687,-2.03915725021776,5.27733658212648
2024-03-01,Three months,UK,3.42642359834109,3.04330115366511,3.18247394542823,4.38249827525987
2024-02-01,Three months,UK,3.48628643931796,3.60918614610408,2.5297382142015,5.29068851367931
2024-01-01,Three months,UK,2.04145716208859,3.04127458164944,0.238880857717838,5.16390740416826
2023-12-01,Three months,UK,0.637024014730825,3.54378307075902,-3.67086890832172,5.91134517124616
2023-11-01,Three months,UK,1.3911566853503,3.59432801091715,-2.5026302464969,5.9747412888107
2023-10-01,Three months,UK,2.64032512533865,3.66164615542584,0.263169012492948,5.38082289451478
2023-09-01,Three months,UK,2.85228958197659,4.58984161787179,-0.699296948792671,6.67821975540779
2023-08-01,Three months,UK,1.34132313114648,3.87147442786486,-1.98050438182679,5.49272808918482
2023-07-01,Three months,UK,2.70856448141295,5.66366667211669,-1.67645530474545,7.41730467382757
2023-06-01,Three months,UK,6.01558313149477,6.40335293134833,4.59909098122477,7.12316335492511
2023-05-01,Three months,UK,7.55717772376217,7.17570913967205,6.50586053039846,7.73473340740254
2023-04-01,Three months,UK,8.69000168675531,7.77043569254068,8.39900331985017,8.27388215795657
2023-03-01,Three months,UK,6.66756222269773,6.18102573797032,7.69990334069153,6.17150551917545
2023-02-01,Three months,UK,5.78912941584837,6.20340370910906,6.37077795570797,6.44968230130591
2023-01-01,Three months,UK,4.51910619577069,5.48323857770048,5.00570850381044,5.44567193566845
2022-12-01,Three months,UK,11.2482435882309,6.63887744193039,13.9482389558327,7.59446702677178
2022-11-01,Three months,UK,12.1888737881989,6.95823163605833,14.9378713736942,7.30384797074035
2022-10-01,Three months,UK,11.6049916781071,7.32944495777366,13.2247524499881,7.76998173020336
2022-09-01,Three months,UK,7.84977341343425,7.11719925938206,7.77706825276034,7.11935069087541
2022-08-01,Three months,UK,9.17235692665013,6.91364551000391,11.0063090569861,7.23392992583989
2022-07-01,Three months,UK,9.8236494727141,5.83278296805225,13.3220545914959,6.24570537706772
2022-06-01,Three months,UK,14.5911103470353,5.52891470465473,22.0161922620182,6.18365815574622
2022-05-01,Three months,UK,14.7751184275257,5.86170981431458,21.9316785661512,6.27844608935411
2022-04-01,Three months,UK,14.6326826594309,6.37129883622669,22.194113765829,5.68743665625662
2022-03-01,Three months,UK,8.63597913036949,6.97553547781236,10.5148945344473,6.07932780359004
2022-02-01,Three months,UK,6.79956546603542,6.23181347069657,8.77629264104933,4.61451574572163
2022-01-01,Three months,UK,8.17811475518337,6.53384811622071,10.6415623166639,5.01563255269288
2021-12-01,Three months,UK,9.52833605682864,6.37416597077385,13.066360782985,4.76640144718616
2021-11-01,Three months,UK,8.90520309428837,5.75588024825711,10.6014699055347,4.77382726901547
2021-10-01,Three months,UK,7.8455166979676,5.90867271065425,8.52204863611985,5.42021989993924
2021-09-01,Three months,UK,4.93372659276268,4.21207459363546,5.67365211314133,3.47980816716562
2021-08-01,Three months,UK,5.86016596329819,4.8666936866347,8.60418200594384,3.49039727807721
2021-07-01,Three months,UK,5.3582539037291,4.55495785939097,8.3865404618263,2.50787078895891
2021-06-01,Three months,UK,5.14658851684284,4.48141668843103,8.31887540933429,2.74075069238648
2021-05-01,Three months,UK,3.41279056685362,3.69629375436038,5.23484839687514,2.16815675438102
2021-04-01,Three months,UK,0.803688927588686,1.09108592348151,1.36545829230146,1.21865912570474
2021-03-01,Three months,UK,2.16415343651253,1.76877597289098,0.970810454177884,2.56039503907843
2021-02-01,Three months,UK,2.4886315949302,1.65459936782317,1.79928047395503,2.56372506099054
2021-01-01,Three months,UK,2.85983835049797,2.0718176322132,1.57910494625728,3.11406130294707
2020-12-01,Three months,UK,0.313655175477079,1.43069044185398,-0.787220539663269,1.35151756254723
2020-11-01,Three months,UK,1.12869785192675,2.21728426157775,-2.18038236499035,3.51519271665397
2020-10-01,Three months,UK,-0.821776375822536,0.340201941091589,-1.24772092336002,-0.0736806837780657
2020-09-01,Three months,UK,2.30551793853166,1.56058647975701,2.89608300935724,1.72625726696092
2020-08-01,Three months,UK,1.26724978733339,0.515353204605362,4.2615367268523,-0.623662201074382
2020-07-01,Three months,UK,3.11818333757472,2.11365431971975,4.25036462325454,2.32237611794084
2020-06-01,Three months,UK,-1.76790090558463,0.484182111176867,-2.90915326739555,0.346006523527742
2020-05-01,Three months,UK,-2.96222893820749,-0.037911193391260103,-5.61699171561928,0.700036312320673
2020-04-01,Three months,UK,-2.14028716327577,1.20421967754849,-5.25293464442165,1.48876003930654
2020-03-01,Three months,UK,1.65010467213114,1.96384017967137,-0.200336585394123,2.67307582852474
2020-02-01,Three months,UK,1.93995832267537,1.64624627809571,0.876464642904828,2.14543193413193
2020-01-01,Three months,UK,2.64510377054434,1.66613569204919,2.58989662418445,1.83440001318129
2019-12-01,Three months,UK,0.109981036122164,1.066032138734,-0.85543863577594,1.47412911037605
2019-11-01,Three months,UK,0.766834454096377,1.64379181130991,-0.0313728308362515,1.64902074499218
2019-10-01,Three months,UK,0.496410621389654,1.55607935540025,-1.4682471762212,2.75879154863174
2019-09-01,Three months,UK,2.3338571778396,1.77317418724103,1.89541909642956,2.44843132173915
2019-08-01,Three months,UK,2.18635187590071,1.74985430000412,1.31542685764856,3.04983247256412
2019-07-01,Three months,UK,2.0289027261772,1.46416486321062,2.58902067550351,1.72794610362927
2019-06-01,Three months,UK,2.07386985803522,1.49798634125549,1.61749698856475,2.696622966517
2019-05-01,Three months,UK,2.03977512177076,1.63193933046102,1.79463383203091,2.645927027666
2019-04-01,Three months,UK,1.95302094996024,1.51698533938505,1.41502234432014,2.64656369440579
2019-03-01,Three months,UK,0.807317031328569,1.45434177212256,-0.233315265759593,2.10777038870302
2019-02-01,Three months,UK,0.937689903088224,1.80786760059801,-0.756994463329563,2.43243683610188
2019-01-01,Three months,UK,1.33260120282854,2.12658563412846,-0.669075553728493,2.93260587394162
2026-08-01,One month,UK,5.16290427702988,2.515185882656,7.34099072336463,3.53445682737288
2026-07-01,One month,UK,6.36865021681186,3.1407738742929,8.68583931095483,3.29071894592321
2026-06-01,One month,UK,2.52133734236495,3.06833551445824,-0.170988374260461,3.84715051437854
2026-05-01,One month,UK,2.28466820217188,3.14621484954509,-0.869251386977554,5.11036007952785
2026-04-01,One month,UK,2.10235962807073,1.27628559021717,4.79673862547965,0.0602446227521813
2026-03-01,One month,UK,5.4788437937245,2.5457581583116,6.34838163446929,4.51068162133783
2026-02-01,One month,UK,2.11964955849979,3.09432084015948,-0.0770058827546549,3.79132664878572
2026-01-01,One month,UK,2.91361169118474,3.01008380983467,0.695738943509827,4.20711441811163
2025-12-01,One month,UK,4.61942197714824,3.09336111704184,6.06178022347041,3.81700867895582
2025-11-01,One month,UK,0.420137499770479,1.7512023540927,-1.85195676262666,3.32055239877262
2025-10-01,One month,UK,2.14714749411891,2.95175205777447,1.85012002172273,3.66118697072988
2025-09-01,One month,UK,0.976177869682604,2.06130993909226,-0.13617096264652,3.27837475568149
2025-08-01,One month,UK,2.55721876094692,2.71712465007126,1.73158350899258,3.52465636407453
2025-07-01,One month,UK,3.89348593131755,3.48660801646921,2.06060996203359,5.25925544944086
2025-06-01,One month,UK,4.92427203817136,3.91927622545396,3.82689432568506,5.1479601517932
2025-05-01,One month,UK,1.68373257047634,1.32281447495566,4.14389647119693,0.455480747200832
2025-04-01,One month,UK,8.3186415469052,7.47246803455286,1.38822199641284,11.099720499819
2025-03-01,One month,UK,1.59609196843571,2.88049290004482,0.00563324894626849,3.41814446312254
2025-02-01,One month,UK,2.36070383806859,2.00619281375238,0.0608115271618193,4.39028200780414
2025-01-01,One month,UK,7.36486150897273,5.69030227810055,7.7739463261365,7.09263248627698
2024-12-01,One month,UK,3.18223101385284,2.1938413928533,4.80781795710605,2.24117473861016
2024-11-01,One month,UK,3.94673368561715,4.05930468797711,4.16658267551113,4.72895433583433
2024-10-01,One month,UK,4.77395423306064,4.31933697697728,4.81194831900624,5.82920613314246
2024-09-01,One month,UK,0.855784143325766,2.05204049094374,-0.585035833517644,2.9243373700873
2024-08-01,One month,UK,3.12339783459321,4.79330496420598,-0.256813621029128,6.91241890065131
2024-07-01,One month,UK,1.12540902226066,2.65690384637751,-0.434541954214429,2.58801913155935
2024-06-01,One month,UK,2.30151884256591,3.37268512091833,-0.797775765856079,5.23981839892536
2024-05-01,One month,UK,3.53271806084341,3.74666188642079,-0.618344758989109,6.55180629568652
2024-04-01,One month,UK,-2.7198062789101,2.77702575667189,-11.1440381235654,5.28308616346544
2024-03-01,One month,UK,4.59971223998985,4.05008782660299,2.88578820460514,5.66842253598137
2024-02-01,One month,UK,3.98006628445311,3.39103194069539,2.82899149616322,4.88197007482178
2024-01-01,One month,UK,1.72177796349813,1.70304817135447,3.83573561424815,2.62117911594315
2023-12-01,One month,UK,4.7814431932687,5.77376114710446,0.945537560055754,8.45062521348214
2023-11-01,One month,UK,-0.314581392999036,1.70018651115358,-3.91078208717297,4.50355917946288
2023-10-01,One month,UK,-2.42077962899746,3.19826314430858,-7.84664630228763,4.82486459725711
2023-09-01,One month,UK,7.15470670072926,5.9287372887692404,4.6629316532131,8.64549002677397
2023-08-01,One month,UK,3.4154583973165,1.89857722869662,4.50095067449809,2.75636754896094
2023-07-01,One month,UK,-1.81499230338744,5.99529807578698,-10.4751023339259,8.74438266868946
2023-06-01,One month,UK,2.50122856678481,3.76100472911434,0.663798820260153,5.06353156224029
2023-05-01,One month,UK,7.65785648036994,7.26456175755537,5.47643248215821,8.48355919828603
2023-04-01,One month,UK,7.97776157401295,8.23694087663935,7.7841703112,7.85350084539538
2023-03-01,One month,UK,7.03803927065305,6.0369739069942,6.26985835819254,6.87325876794143
2023-02-01,One month,UK,11.0954624998195,9.06014765817642,11.2015350788951,10.1204119644144
2023-01-01,One month,UK,2.06166363610645,3.51835037345876,5.71218666807221,1.69206062305758
2022-12-01,One month,UK,4.41530585528813,6.10403087281031,2.38378190699726,7.7155079446762604
2022-11-01,One month,UK,7.14212442179001,6.85654792063395,6.97505161484868,7.033812342747
2022-10-01,One month,UK,23.0708133027087,6.95809798309688,35.0856387016358,8.03652026460555
2022-09-01,One month,UK,7.08633153074425,7.06014589308963,5.07460456122244,6.84502542508045
2022-08-01,One month,UK,5.47796602265058,7.97299499769568,2.26268579656113,8.43476269083661
2022-07-01,One month,UK,11.0610879205148,6.3248178958637,16.5102511183926,6.09158907048917
2022-06-01,One month,UK,11.0745057270664,6.45096897955377,14.8052252403337,7.18824970649123
2022-05-01,One month,UK,7.37700871895726,4.73127309154029,8.79715188926642,5.46443219352433
2022-04-01,One month,UK,26.1615721126173,5.41160195911239,45.4364356373738,5.90582594455777
2022-03-01,One month,UK,11.6104489776895,7.46125700484057,14.5668332332207,7.47556016447204
2022-02-01,One month,UK,6.97774044894137,6.25100748824321,9.50116170845454,3.71475004521631
2022-01-01,One month,UK,7.37984510469378,7.21818078388243,7.59319525932698,7.08830259064248
2021-12-01,One month,UK,6.04550467855856,5.23550636498964,9.24441085256469,3.08448068016425
2021-11-01,One month,UK,11.1739891781388,7.159854251176,15.2314075250338,4.91233081547142
2021-10-01,One month,UK,11.4510122191628,6.73677942413995,14.8233327779312,6.32766029232936
2021-09-01,One month,UK,4.24582751850402,3.41114916365186,2.25432389980247,3.10640205672681
2021-08-01,One month,UK,7.9601770817215,7.62498824139115,8.85343068482467,6.86607619599238
2021-07-01,One month,UK,2.66514392030466,1.68892206587477,6.01720452319126,0.563724341909699
2021-06-01,One month,UK,7.03137458698297,5.3721801484893,10.9995395169338,3.13805799641782
2021-05-01,One month,UK,6.43183994222927,6.66803249858872,8.20031815833546,3.85115709026915
2021-04-01,One month,UK,2.047621453463,1.47449712412266,5.81877078394384,1.25067203668614
2021-03-01,One month,UK,1.8235691968588,3.01453603251234,1.78586906721576,1.42322606848351
2021-02-01,One month,UK,-1.42243785665416,-1.17128087577979,-3.30149421191717,0.982566546129604
2021-01-01,One month,UK,6.23539379384839,3.52898962939387,4.58761853211385,5.33076297694812
2020-12-01,One month,UK,2.79684316658433,2.66820213165071,4.31195564566424,1.43310568715951
2020-11-01,One month,UK,-0.347430242566904,0.0505805221157729,-3.92756826825064,2.61686074713383
2020-10-01,One month,UK,-1.46015256434591,1.59037780054885,-2.55266224444313,0.0212597474266385
2020-09-01,One month,UK,5.32291191647634,5.07534548864399,-0.0209236056849749,8.06902674897931
2020-08-01,One month,UK,-6.00294806010873,-5.36070200667604,-1.15327542334693,-7.69056084363352
2020-07-01,One month,UK,8.15835777964526,5.34241332969747,10.2364259984786,5.52414591727961
2020-06-01,One month,UK,2.14867304001882,1.86440095250289,4.01236179360696,0.751380676893931
2020-05-01,One month,UK,-0.754015064048241,-0.773937870099006,-1.18504766321306,0.764834991039054
2020-04-01,One month,UK,-6.49935690083053,0.379473612202075,-10.9513699876108,-0.473146056343299
2020-03-01,One month,UK,-1.53205081348193,0.28484264797668,-4.44981355157411,1.8215273428448
2020-02-01,One month,UK,1.78934510783808,2.9711707640856,-0.0371751067729575,3.15112192025679
2020-01-01,One month,UK,4.7915532070564,2.65677171090259,4.06799091494041,3.05193587504331
2019-12-01,One month,UK,-0.68730725830225,-0.649334186322537,-1.32346994118305,0.259777661234462
2019-11-01,One month,UK,3.91630105691412,3.0316285897376,5.14357441314184,2.21170553664516
2019-10-01,One month,UK,-2.78266751079433,0.849627910256756,-6.0687545197165,1.96206579468889
2019-09-01,One month,UK,1.28041376297889,1.06428530149008,1.15756495343013,0.779067699864533
2019-08-01,One month,UK,3.081916489919,2.76512846982164,0.674661649655417,5.59613013981914
2019-07-01,One month,UK,2.64790274479574,1.49776543635234,3.88322760123059,1.04099162726186
2019-06-01,One month,UK,0.843084175239239,0.994828852841345,-0.559998454803579,2.56431123757483
2019-05-01,One month,UK,2.60616316809841,1.90193639435299,4.51920439347051,1.5843861819796
2019-04-01,One month,UK,2.78368239929503,1.59929730767645,0.959749029869483,3.95497046689819
2019-03-01,One month,UK,0.74206703763342,1.39522363940405,-0.0390681589477415,2.41249433582946
2019-02-01,One month,UK,2.34467846430628,1.55654921094268,3.35424378963458,1.58627644113514
2019-01-01,One month,UK,-0.642639590477345,1.41133026542448,-3.88348569574254,2.32656452708266
2026-08-01,One year,Japan,2.05173951828725,1.89530685920578,2.7317880794702,1.06382978723404
2026-07-01,One year,Japan,1.96428571428572,1.90045248868778,2.73405136702568,1.06589147286821
2026-06-01,One year,Japan,1.69794459338695,1.72257479601088,2.24066390041494,0.969932104752667
2026-05-01,One year,Japan,1.52057245080501,1.81818181818182,1.90871369294606,1.07003891050584
2026-04-01,One year,Japan,1.34529147982063,2.007299270073,1.74854288093256,0.973709834469328
2026-03-01,One year,Japan,1.43755615453729,2.37659963436928,1.50375939849624,1.36319376825705
2026-02-01,One year,Japan,1.26126126126127,2.56880733944954,1.17252931323282,1.364522417154
2026-01-01,One year,Japan,1.53153153153153,2.5735294117647,1.58862876254181,1.36585365853659
2025-12-01,One year,Japan,2.07956600361665,2.95202952029519,2.61603375527426,1.46484375
2025-11-01,One year,Japan,2.9143897996357,2.95748613678374,4.09906063193852,1.56555772994129
2025-10-01,One year,Japan,3.01645338208409,3.05838739573679,4.20600858369099,1.56709108716945
2025-09-01,One year,Japan,2.93308890925756,3.06976744186046,4.31034482758621,1.4720314033366
2025-08-01,One year,Japan,2.65567765567765,3.2618825722274,3.78006872852233,1.57170923379176
2025-07-01,One year,Japan,3.13075506445673,3.46441947565543,4.5021645021645,1.47492625368732
2025-06-01,One year,Japan,3.3240997229917,3.37394564198687,4.78260869565217,1.57635467980295
2025-05-01,One year,Japan,3.51851851851852,3.28638497652582,5.24017467248908,1.38067061143983
2025-04-01,One year,Japan,3.62453531598514,3.00751879699247,5.53602811950791,1.28205128205128
2025-03-01,One year,Japan,3.63128491620111,2.91627469426153,5.55555555555555,1.38203356367227
2025-02-01,One year,Japan,3.64145658263306,2.63653483992467,5.75730735163862,1.38339920948616
2025-01-01,One year,Japan,4.02999062792877,2.54476908576815,6.31111111111111,1.38476755687439
2024-12-01,One year,Japan,3.55805243445693,2.36071765816808,5.33333333333333,1.5873015873016
2024-11-01,One year,Japan,2.90534208059981,2.36518448438978,4.08888888888888,1.48957298907646
2024-10-01,One year,Japan,2.24299065420561,2.27488151658768,2.91519434628975,1.49105367793241
2024-09-01,One year,Japan,2.63405456255879,1.99240986717267,3.57142857142857,1.39303482587065
2024-08-01,One year,Japan,3.11614730878187,2.09324452901998,4.48833034111311,1.39442231075696
2024-07-01,One year,Japan,2.74361400189214,1.90839694656489,3.96039603960397,1.39581256231307
2024-06-01,One year,Japan,2.84900284900285,2.20306513409961,3.79061371841155,1.70340681362726
2024-05-01,One year,Japan,2.75927687916271,2.20729366602687,3.90199637023593,1.60320641282566
2024-04-01,One year,Japan,2.47619047619047,2.40615976900866,3.17316409791478,1.80722891566266
2024-03-01,One year,Japan,2.67686424474188,2.80464216634429,3.37283500455789,2.01409869083585
2024-02-01,One year,Japan,2.7831094049904,3.2069970845481,3.38827838827839,2.11907164480324
2024-01-01,One year,Japan,2.10526315789474,3.51219512195121,2.08711433756806,2.22446916076844
2023-12-01,One year,Japan,2.59365994236312,3.72184133202744,2.73972602739726,2.23123732251522
2023-11-01,One year,Japan,2.79383429672448,3.83104125736739,3.30578512396694,2.23350253807107
2023-10-01,One year,Japan,3.38164251207729,3.94088669950739,4.52446906740536,2.13197969543147
2023-09-01,One year,Japan,3.10378273520854,4.25321463897133,4.18604651162791,2.03045685279188
2023-08-01,One year,Japan,3.11587147030185,4.26587301587301,4.20954162768943,2.13631739572737
2023-07-01,One year,Japan,3.32355816226785,4.27860696517413,4.4172932330827,2.03458799593082
2023-06-01,One year,Japan,3.23529411764706,4.19161676646707,4.82497634815515,1.62932790224032
2023-05-01,One year,Japan,3.24165029469548,4.2,4.55407969639468,1.7329255861366
2023-04-01,One year,Japan,3.44827586206897,4.10821643286574,5.04761904761905,1.63265306122448
2023-03-01,One year,Japan,3.25765054294175,3.81526104417672,4.77554918815664,1.43003064351378
2023-02-01,One year,Japan,3.27056491575817,3.52112676056338,5.10105871029836,1.32924335378323
2023-01-01,One year,Japan,4.29141716566866,3.22255790533736,7.19844357976654,1.12474437627813
2022-12-01,One year,Japan,3.996003996004,3.02724520686176,7.03812316715543,0.817995910020447
2022-11-01,One year,Japan,3.8,2.72452068617558,6.66013712047014,0.715746421267897
2022-10-01,One year,Japan,3.70741482965932,2.52525252525253,6.59448818897638,0.818833162743088
2022-09-01,One year,Japan,2.997002997003,1.81268882175226,5.70304818092428,0.305498981670058
2022-08-01,One year,Japan,3.00902708124373,1.61290322580645,5.63241106719368,0.101832993890015
2022-07-01,One year,Japan,2.60782347041123,1.20845921450151,5.34653465346535,-0.304259634888435
2022-06-01,One year,Japan,2.40963855421687,1.00806451612903,4.86111111111112,-0.304568527918779
2022-05-01,One year,Japan,2.51762336354481,0.908173562058533,5.08474576271187,-0.304878048780499
2022-04-01,One year,Japan,2.52525252525253,0.808080808080805,5.21042084168337,-0.305188199389621
2022-03-01,One year,Japan,1.3,-0.796812749003995,5.01504513540622,-2.58706467661691
2022-02-01,One year,Japan,1.001001001001,-0.99601593625498,4.5271629778672,-2.68656716417911
2022-01-01,One year,Japan,0.400801603206418,-1.09561752988049,3.62903225806451,-2.68656716417911
2021-12-01,One year,Japan,0.704225352112665,-0.701402805611225,3.33333333333333,-1.90571715145437
2021-11-01,One year,Japan,0.603621730382288,-0.601805416248755,2.92338709677418,-1.80722891566265
2021-10-01,One year,Japan,0.100300902708119,-0.702106318956873,2.00803212851406,-1.80904522613065
2021-09-01,One year,Japan,0.300601202404807,-0.501002004008016,1.8018018018018,-1.40562248995983
2021-08-01,One year,Japan,-0.399600399600391,-0.501504513540622,0.496524329692155,-1.30653266331658
2021-07-01,One year,Japan,-0.399600399600391,-0.700000000000003,0.798403193612772,-1.4985014985015
2021-06-01,One year,Japan,-0.4995004995005,-0.899100899100891,0.799999999999997,-1.59840159840159
2021-05-01,One year,Japan,-0.799200799200796,-0.999000999000999,0.199800199800203,-1.79640718562874
2021-04-01,One year,Japan,-1.19760479041916,-1,-0.399201596806393,-1.7982017982018
2021-03-01,One year,Japan,-0.398406374501998,0,-0.598205383848449,-0.0994035785288214
2021-02-01,One year,Japan,-0.49800796812749,0.0997008973080843,-0.897308075772673,0
2021-01-01,One year,Japan,-0.597609561752997,0,-1.29353233830845,-0.0994035785288214
2020-12-01,One year,Japan,-1.09452736318407,-0.498504486540379,-1.39442231075698,-0.79601990049751
2020-11-01,One year,Japan,-0.99601593625498,-0.499001996007984,-0.998003992015968,-0.895522388059707
2020-10-01,One year,Japan,-0.499001996007984,-0.399600399600391,-0.300300300300312,-0.896414342629488
2020-09-01,One year,Japan,-0.299700299700297,-0.100100100100109,0.402010050251262,-0.895522388059707
2020-08-01,One year,Japan,0.0999999999999943,-0.200200200200203,1.20603015075377,-0.995024875621891
2020-07-01,One year,Japan,0.200200200200189,0.401606425702817,0.804828973843056,-0.398009950248762
2020-06-01,One year,Japan,0.200200200200189,0.401203610832489,0.603621730382288,-0.398009950248762
2020-05-01,One year,Japan,0.200200200200189,0.502008032128514,0.704225352112665,-0.298507462686564
2020-04-01,One year,Japan,0.200000000000003,0.30090270812437,0.906344410876139,-0.497017892644135
2020-03-01,One year,Japan,0.601202404809628,0.803212851405634,1.00704934541793,0.0995024875621834
2020-02-01,One year,Japan,0.601202404809628,0.702811244979923,1.21089808274471,-0.0994035785288214
2020-01-01,One year,Japan,0.702106318956873,0.904522613065332,1.51515151515152,0.0995024875621834
2019-12-01,One year,Japan,0.903614457831331,0.905432595573432,1.51668351870576,0.0996015936254923
2019-11-01,One year,Japan,0.601202404809628,0.804828973843056,1.00806451612903,0.0996015936254923
2019-10-01,One year,Japan,0.200000000000003,0.704225352112665,0.402010050251262,0.0997008973080843
2019-09-01,One year,Japan,0.300601202404807,0.604229607250764,0.100603621730377,0.299401197604788
2019-08-01,One year,Japan,0.200400801603209,0.604229607250764,0.302419354838707,0.199401794616154
2019-07-01,One year,Japan,0.503018108651911,0.504540867810293,0.709219858156031,0.299401197604788
2019-06-01,One year,Japan,0.705645161290325,0.60544904137236,1.01626016260163,0.299401197604788
2019-05-01,One year,Japan,0.705645161290325,0.504540867810293,1.11902339776196,0.299401197604788
2019-04-01,One year,Japan,0.908173562058533,0.60544904137236,1.22324159021407,0.4995004995005
2019-03-01,One year,Japan,0.402414486921521,0.403225806451604,0.709939148073025,0.299401197604788
2019-02-01,One year,Japan,0.200803212851408,0.403225806451604,-0.100806451612912,0.399201596806379
2019-01-01,One year,Japan,0.100401606425711,0.40363269424824,-0.201612903225809,0.5
2026-08-01,Six months,Japan,3.5903800610428,1.97748023079807,5.53820282005173,0.963849852071008
2026-07-01,Six months,Japan,2.67964907501523,1.80014388304361,4.15756405696963,0.771453264920274
2026-06-01,Six months,Japan,1.60068599707683,1.07815932477744,2.64889196675904,0.385356097750766
2026-05-01,Six months,Japan,0.886913618920793,1.08010017759927,1.48207119836927,0.192771039608575
2026-04-01,Six months,Japan,0.533095457233079,1.08204803064023,1.32229969412319,0
2026-03-01,Six months,Japan,1.07142092521861,2.17779457571452,0.828153814630173,1.35854823804944
2026-02-01,Six months,Japan,0.535952591074151,1.81319970285028,0,1.16390872800602
2026-01-01,Six months,Japan,1.25390625000001,2.00085993325279,1.32999370559337,1.36118998257317
2025-12-01,Six months,Japan,1.79529629177078,2.37109868495136,1.83405933093437,1.55791228464641
2025-11-01,Six months,Japan,2.15821121924213,2.56165289256198,2.33714984246138,1.95498796348166
2025-10-01,Six months,Japan,2.16404914637334,2.94101976663648,2.17657918983696,1.95690077735611
2025-09-01,Six months,Japan,1.80501772323975,2.57579150359779,2.18389192139359,1.36783951138157
2025-08-01,Six months,Japan,1.99180261342422,3.3300227253598,2.35880687636953,1.56553393446801
2025-07-01,Six months,Japan,1.80991802613422,3.1494140625,1.84792396058213,1.37051754907793
2025-06-01,Six months,Japan,2.3646295563571,3.53625699541125,3.40401288967225,1.37186050415035
2025-05-01,Six months,Japan,3.67616563979547,3.35484708607665,5.89130575879804,1.17761497543285
2025-04-01,Six months,Japan,3.87596963995067,3.17588884088431,6.27574646797693,1.17877174823324
2025-03-01,Six months,Japan,4.07365991728004,3.56612222823147,6.48104934601663,1.57633038991256
2025-02-01,Six months,Japan,3.32387392826952,3.19378735357139,5.22106493782546,1.57788490858068
2025-01-01,Six months,Japan,4.46872806080398,3.78038687595563,7.22557673207023,1.57944249624622
2024-12-01,Six months,Japan,4.29256306436501,3.21188874025136,6.17958412098301,1.78126137494239
2024-11-01,Six months,Japan,3.3611111111111,3.21796821618288,4.59304742472493,1.58413376437956
2024-10-01,Six months,Japan,3.37370959494756,2.83942351178699,4.8014584832639,1.38543623978307
2024-09-01,Six months,Japan,3.19079027218596,2.27050476605994,4.63810581388475,1.18810839150278
2024-08-01,Six months,Japan,3.96001537870052,2.08229152258645,6.29628263958242,1.18928588167289
2024-07-01,Six months,Japan,3.593095761136,1.32386266224045,5.40444444444443,1.19046570807173
2024-06-01,Six months,Japan,2.8287148087363,1.51656604079784,4.4938271604938,1.39371141975309
2024-05-01,Six months,Japan,2.45158275574027,1.51944642599815,3.58716049382715,1.39510023677358
2024-04-01,Six months,Japan,1.12463970652457,1.71343860200803,1.0628800459489,1.59678114217283
2024-03-01,Six months,Japan,2.08032255752153,1.71507116649683,2.515625,1.59837627781492
2024-02-01,Six months,Japan,2.27912911587445,2.10419871066567,2.71112880299373,1.59997460357773
2024-01-01,Six months,Japan,1.90109814374413,2.49630339141076,2.53613120087886,1.60157612904057
2023-12-01,Six months,Japan,2.86929489208694,2.89420663231603,3.09213270080413,2.01404813635284
2023-11-01,Six months,Japan,3.06789510420504,2.89980143014505,4.21778913771693,1.81173971188873
2023-10-01,Six months,Japan,3.84580498866212,3.10359872573112,5.32751278348262,2.01811261108691
2023-09-01,Six months,Japan,3.27689202972996,3.90588464171739,4.23721278468083,2.43152216573419
2023-08-01,Six months,Japan,3.28957305639166,4.321706469621,4.06989225670542,2.64082086915443
2023-07-01,Six months,Japan,2.30983722900118,4.53815585960737,1.64006376790591,2.85118098885515
2023-06-01,Six months,Japan,2.31876354757534,4.5561331528595,2.38852400909071,2.4488889071751
2023-05-01,Six months,Japan,2.52050222563771,4.77070877447596,2.40176200606954,2.65701254863564
2023-04-01,Six months,Japan,2.91955471539593,4.78497415613095,3.72754796063397,2.24597387203997
2023-03-01,Six months,Japan,2.93096360073417,4.60170566889833,4.13490535424557,1.63096189028316
2023-02-01,Six months,Japan,2.9424619973472,4.21006944444446,4.34937839145715,1.63429367404575
2023-01-01,Six months,Japan,4.34732338998727,4.01970248261181,7.27040816326527,1.22447839104038
2022-12-01,Six months,Japan,4.1600346020761,3.82837120170836,7.31940686453958,0.816323144503261
2022-11-01,Six months,Japan,3.96787105191041,3.6324,6.7516355872091,0.817156971240518
2022-10-01,Six months,Japan,3.97971316945327,3.43582957498163,6.38448979591835,1.02301124531443
2022-09-01,Six months,Japan,3.5853743389247,3.03472927856001,5.42013429920751,1.22949665133274
2022-08-01,Six months,Japan,3.59971357878204,2.83673874231303,5.85815375523031,1.0251086270131
2022-07-01,Six months,Japan,4.23554089425939,2.43152216573419,7.1265272752048,1.0251086270131
2022-06-01,Six months,Japan,3.8322317043596,2.23230059435018,6.75757671311545,0.819668703292509
2022-05-01,Six months,Japan,3.6324,1.82459491630527,6.56871707847257,0.614437878730856
2022-04-01,Six months,Japan,3.43582957498163,1.62269156208552,6.80490110980225,0.615067745453501
2022-03-01,Six months,Japan,2.41197364074488,0.605142340796427,5.9867213129019,-0.610064667062105
2022-02-01,Six months,Japan,2.42170845535603,0.40363228407907,5.40714977581276,-0.813004757737035
2022-01-01,Six months,Japan,1.00552409485228,0,3.59611802764435,-1.61613501804162
2021-12-01,Six months,Japan,1.00653618490025,-0.201511283818956,2.99833475056688,-1.41626942204128
2021-11-01,Six months,Japan,1.41483841066721,0,3.62143877440462,-1.21579417013684
2021-10-01,Six months,Japan,1.62269156208552,0,3.6397444186971,-1.21702720407663
2021-09-01,Six months,Japan,0.20009999999997,-2.17923128204316,4.05227719266126,-4.52473948664636
2021-08-01,Six months,Japan,-0.399999599198808,-2.37615275948001,3.65452270969884,-4.52473948664636
2021-07-01,Six months,Japan,-0.200300400399989,-2.17923128204316,3.66195694588969,-3.74535283780105
2021-06-01,Six months,Japan,0.402819330469728,-1.19879036630373,3.66942148760327,-2.39273487463393
2021-05-01,Six months,Japan,-0.201106032573728,-1.19998913490725,2.23003788371485,-2.39512265931193
2021-04-01,Six months,Japan,-1.39928310508256,-1.39928310508256,0.402009645005741,-2.39751521426226
2021-03-01,Six months,Japan,0.401203208019263,1.20601925293475,-0.399999599198808,1.8153941065467
2021-02-01,Six months,Japan,-0.399201198401988,1.40914217074493,-2.5652606530848,2.02015100628772
2021-01-01,Six months,Japan,-0.598502396704192,0.801600000000002,-1.98604786435115,0.80079760399443
2020-12-01,Six months,Japan,-1.39371118392095,-0.598502396704192,-1.99,-0.797603994407159
2020-11-01,Six months,Japan,-1.39371118392095,-0.797603994407159,-1.79011797393415,-1.19401914733408
2020-10-01,Six months,Japan,-0.995513962095773,-0.599099999999997,-1.19401914733408,-1.19520838801557
2020-09-01,Six months,Japan,-1.19164775162302,-1.19164775162302,-0.796016735436755,-1.97819049915221
2020-08-01,Six months,Japan,-0.596716718782264,-1.19283227088425,0.799197621492453,-1.98014900621271
2020-07-01,Six months,Japan,-0.596716718782264,-0.795225472611572,-0.596123858320319,-0.991565517432191
2020-06-01,Six months,Japan,-0.794435781292546,-0.398405978475336,-0.795225472611572,-0.794435781292546
2020-05-01,Six months,Japan,-0.596716718782264,-0.199501197206409,-0.199501197206409,-0.596123858320319
2020-04-01,Six months,Japan,0,-0.199700399500591,0.60150240330421,-0.596716718782264
2020-03-01,Six months,Japan,0.600298802096999,1.00350600851102,1.61450468422515,0.199103982574678
2020-02-01,Six months,Japan,0.801600000000002,0.802404005607182,1.61450468422515,0
2020-01-01,Six months,Japan,1.00350600851102,1.6128772116579,2.22552619540179,0.199103982574678
2019-12-01,Six months,Japan,1.2048084120156,1.20723253008777,2.0221935233129,0
2019-11-01,Six months,Japan,1.00350600851102,1.20844825083468,1.61613544445749,0
2019-10-01,Six months,Japan,0.40039999999999,0.804016865038437,1.21211014868432,-0.397219071258315
2019-09-01,Six months,Japan,0.602106015638482,0.603316881985783,0.403225397520823,0
2019-08-01,Six months,Japan,0.401203208019263,0.603316881985783,0.808894582015141,-0.198708346343401
2019-07-01,Six months,Japan,0.401606021675871,0.201106032675957,0.809713294561787,0
2019-06-01,Six months,Japan,0.603316881985783,0.60453262836575,1.0136782667993,0.199302392025524
2019-05-01,Six months,Japan,0.200501202806436,0.402819330469728,0.40363228407907,0.199302392025524
2019-04-01,Six months,Japan,0,0.60453262836575,-0.401606020050005,0.59910000805159
2019-03-01,Six months,Japan,0,0.605142340796427,-0.201106032573728,0.599698805980853
2019-02-01,Six months,Japan,0,0.605142340796427,-0.201511283818956,0.59910000805159
2019-01-01,Six months,Japan,0.60453262836575,0.808894582015141,0.608826599902046,0.599698805980853
2026-08-01,Three months,Japan,3.20973232595625,3.25323730881839,4.30224560019516,2.32999939504175
2026-07-01,Three months,Japan,4.31593179211283,2.8931227114269,6.02344633138223,2.33453208877894
2026-06-01,Three months,Japan,3.22699395076602,0.716201258305449,5.71526908587887,0
2026-05-01,Three months,Japan,3.97243166275081,0.717485913970894,6.78880584394179,-0.384061006400638
2026-04-01,Three months,Japan,1.06903282213135,0.718775186492504,2.32451901604112,-0.767750769463826
2026-03-01,Three months,Japan,0,1.4414182111796,-0.32854181694707,0.772197188722257
2026-02-01,Three months,Japan,-2.10703763699677,1.44401996531811,-3.56095198066931,0.772943266041337
2026-01-01,Three months,Japan,0,1.44663112860164,0.329896627183857,0.773690786429948
2025-12-01,Three months,Japan,2.15432127842718,2.91951639144492,1.99827299602291,1.9483110176221
2025-11-01,Three months,Japan,3.25030032204476,2.18372297624247,3.69243792198726,1.55639100576956
2025-10-01,Three months,Japan,2.52353530883793,2.55811663113694,2.34005983809209,1.95211423244597
2025-09-01,Three months,Japan,1.43753311116852,1.8256032811593,1.67011004412407,1.16900853642514
2025-08-01,Three months,Japan,1.07767325580417,2.94098059531456,0.999575743003067,2.35514936763692
2025-07-01,Three months,Japan,1.8058234779077,3.32535247997925,2.01335968978129,1.96168754698944
2025-06-01,Three months,Japan,2.17383364667052,3.33150665002149,2.70027015483201,1.56706125577601
2025-05-01,Three months,Japan,2.91419920213052,3.72053515205542,3.73633025760263,0.782009963586461
2025-04-01,Three months,Japan,1.8140127390402,2.97377522615943,1.6827565195815,0.782775132396551
2025-03-01,Three months,Japan,2.55578175177609,3.74141305155951,4.11257794714217,1.17703490695931
2025-02-01,Three months,Japan,4.44377360075487,2.99044832854001,8.09104782730141,1.57477287678254
2025-01-01,Three months,Japan,5.97968568723819,3.37839915771285,11.0762008615559,1.57632431764978
2024-12-01,Three months,Japan,5.61400345807501,3.39112759204645,8.90340142749355,1.97720169373121
2024-11-01,Three months,Japan,2.21598239406946,3.39752784067786,2.42728449019332,1.58099703572476
2024-10-01,Three months,Japan,2.97931223206509,4.18393772660257,3.50844029906292,1.58256077056411
2024-09-01,Three months,Japan,2.98765650761745,3.03296061691751,3.52389306784922,1.58569753842495
2024-08-01,Three months,Japan,4.51906873952139,3.03872041402469,6.80460410563901,1.58727058989367
2024-07-01,Three months,Japan,3.76961744839832,1.51226051745017,6.1106289350465,1.18869423608476
2024-06-01,Three months,Japan,3.39432469958827,1.51369117687308,5.76431067117731,0.792075340897136
2024-05-01,Three months,Japan,3.40395229194166,1.13474042214468,5.79038045792861,0.792860343484514
2024-04-01,Three months,Japan,3.41687435353979,1.13581445693181,4.70295973311774,1.19223721107127
2024-03-01,Three months,Japan,2.2661990388581,1.51944098613863,3.2386052096,1.99893871319765
2024-02-01,Three months,Japan,1.50798471920963,1.90561581136408,1.42982540308756,2.00093852867771
2024-01-01,Three months,Japan,-1.11678756780772,2.29436177280291,-2.45064944471445,2.00294234942824
2023-12-01,Three months,Japan,1.89478392062072,1.91107833048585,1.79770782260986,1.19938690060961
2023-11-01,Three months,Japan,3.05613180715671,2.30316858734414,4.00861815605604,1.20058686073208
2023-10-01,Three months,Japan,5.01108881370067,2.69864366754589,7.77783903015623,1.20178922429965
2023-09-01,Three months,Japan,3.85312598374934,3.88681909694473,4.40301704356914,2.83526744472229
2023-08-01,Three months,Japan,3.07965974396989,3.49991384013844,4.42738078163014,2.42658333025398
2023-07-01,Three months,Japan,2.69345204938269,3.5101505781221,2.93289463755744,2.84102070232379
2023-06-01,Three months,Japan,2.70385533690627,3.92495368544217,4.07167184243835,2.02936204575179
2023-05-01,Three months,Japan,3.49991384013844,5.1500241588917,3.71362753002693,2.85550651167776
2023-04-01,Three months,Japan,1.92765541459494,5.57637071815205,0.363470775012864,2.86134227918271
2023-03-01,Three months,Japan,1.93511567372082,5.19114603569797,0.732597672032598,2.87014078955241
2023-02-01,Three months,Japan,1.5503587068776301,4.39276172223131,1.10649016602746,2.4589016458175
2023-01-01,Three months,Japan,3.92110659006339,3.99950987340794,7.2043854486183,1.63428690894727
2022-12-01,Three months,Japan,3.93654039387163,4.01556824116824,7.65212814668064,0.406710202473004
2022-11-01,Three months,Japan,4.35364893849026,4.02769688679727,7.69627897084519,0.816322297983985
2022-10-01,Three months,Japan,4.77528825405809,4.03989901242516,7.33647153855161,0.816322297983985
2022-09-01,Three months,Japan,4.38400938872694,3.6415110611586,6.98771392669133,1.2276071179012
2022-08-01,Three months,Japan,3.58351932128467,3.2386052096,5.81527801558785,0.817991651407524
2022-07-01,Three months,Japan,3.19017901039298,2.83526744472229,5.44095130864202,1.23012393673689
2022-06-01,Three months,Japan,2.79284959228581,2.4314999734188,3.87552278458745,1.2313862200346
2022-05-01,Three months,Japan,3.61591036809115,2.43643657994086,5.90104686787492,1.23265109652988
2022-04-01,Three months,Japan,5.29149275363243,2.02936204575179,8.83904880991533,0.820508522522556
2022-03-01,Three months,Japan,4.88212344992625,2.03348859994963,9.71959399224112,0.409625680202241
2022-02-01,Three months,Japan,3.64889225610006,1.21640771619709,7.24059672347441,0
2022-01-01,Three months,Japan,1.6128707083559,1.21764199301637,4.80877061868823,0.410045592665398
2021-12-01,Three months,Japan,0,-0.803208786718801,2.38084817788415,-1.61939974811305
2021-11-01,Three months,Japan,1.20905428486695,-0.402616499662845,3.60504849213097,-1.61939974811305
2021-10-01,Three months,Japan,0.401807630820428,-1.20299383490914,2.3974960019614,-3.60142920306311
2021-09-01,Three months,Japan,2.02320352071566,0.40383593275175,3.61954555169883,-1.2127196847313
2021-08-01,Three months,Japan,1.62104094870081,0.404244052918834,3.63783164961506,-0.810532803700759
2021-07-01,Three months,Japan,2.85842141703252,1.21764199301637,4.89706333216502,1.22635256652801
2021-06-01,Three months,Japan,-1.5904255744,-4.69584449959617,4.48681598952347,-7.72571791629905
2021-05-01,Three months,Japan,-2.38084566711549,-5.07955475450514,3.67121645790796,-8.0998655628141
2021-04-01,Three months,Japan,-3.16806438445781,-5.46210518091087,2.44139327164998,-8.47287425247989
2021-03-01,Three months,Japan,2.43643657994086,2.42658333025398,2.85842141703252,3.24846739648985
2021-02-01,Three months,Japan,2.02730504259734,2.83814115806356,0.808893758365659,3.66374477071423
2021-01-01,Three months,Japan,0.401807630820428,2.83814115806356,-1.59677432320163,4.08111211345752
2020-12-01,Three months,Japan,-1.59359362572826,0,-3.55519807543051,0.402211659597462
2020-11-01,Three months,Japan,-2.76799805920004,0,-5.82647941404,0.402616501715691
2020-10-01,Three months,Japan,-1.58884626749538,-1.1946107919,-2.37378147742616,-2.37613154512329
2020-09-01,Three months,Japan,-1.19342274221979,-1.19342274221979,-0.399400399899952,-1.98308174111083
2020-08-01,Three months,Japan,0,-1.58884626749538,2.41924553271655,-2.76526456767628
2020-07-01,Three months,Japan,-0.398604387135959,0,0,0
2020-06-01,Three months,Japan,-1.18987272913978,-1.18987272913978,-1.1910537178547,-1.97329901311077
2020-05-01,Three months,Japan,-1.18987272913978,-0.795224683713824,-0.795224683713824,-1.18869408009605
2020-04-01,Three months,Japan,-0.794434994745841,-1.58412710970023,-1.18869408009605,-1.97329901311077
2020-03-01,Three months,Japan,-0.397416299508357,0.399400401888084,-0.397811540994597,0.398604389108148
2020-02-01,Three months,Japan,0,0.399799601695983,0.399799601695983,0
2020-01-01,Three months,Japan,0.800796804799986,1.20420119071201,2.42413245712783,0.799196827072368
2019-12-01,Three months,Japan,1.60800797601448,1.61124653309652,3.66747680920905,0
2019-11-01,Three months,Japan,1.60962562560001,1.20662285802025,2.84390609526664,0
2019-10-01,Three months,Japan,1.20662285802025,2.02320352071566,2.02730504259734,-0.397416299508357
2019-09-01,Three months,Japan,0.803208819236034,0.804824917318214,0.403022159633482,0
2019-08-01,Three months,Japan,0.401002003505546,1.21027367657245,0.403022159633482,0
2019-07-01,Three months,Japan,-0.399400399899952,-0.400600398087969,0.403428635819481,-0.39702184261774
2019-06-01,Three months,Japan,0.401404412936124,0.402211659597462,0.403428635819481,0
2019-05-01,Three months,Japan,0.401404412936124,0,1.21640771619709,-0.39702184261774
2019-04-01,Three months,Japan,1.20905428486695,0.806447531826504,1.21764199301637,0.398604389108148
2019-03-01,Three months,Japan,0.805635407558247,0.80726129506945,1.62763698039876,0.399001998485726
2019-02-01,Three months,Japan,0,0.80726129506945,-0.402616499662845,0.799196827072368
2019-01-01,Three months,Japan,-1.1946107919,0.403022159633482,-1.99494981250632,0.799996015959259
2026-08-01,One month,Japan,2.12193767392566,3.24442666868217,0.972045898913865,2.32547851244853
2026-07-01,One month,Japan,4.30043079509257,4.36296356588568,8.07661351795217,2.32999360632677
2026-06-01,One month,Japan,3.21832480633679,2.1640288393195,3.979587997644,2.33452626634509
2026-05-01,One month,Japan,5.44087871355445,2.16793825818811,6.05372588658439,2.33907659521193
2026-04-01,One month,Japan,1.06808075776661,-2.12193599591818,7.13691473576961,-4.51474273676526
2026-03-01,One month,Japan,5.47063683525402,2.16793825818811,7.17959799858974,1.15996782514993
2026-02-01,One month,Japan,-3.14796679678705,2.17186182717992,-6.69866106297966,1.16109016881578
2026-01-01,One month,Japan,-2.10518512316357,0,-0.982390805348077,0
2025-12-01,One month,Japan,-1.05679335133181,2.17579962325594,-2.91359234663642,1.16221468644135
2025-11-01,One month,Japan,3.24150557404153,2.17975172393632,5.05584651443547,1.1633413843483
2025-10-01,One month,Japan,4.35900204511079,4.41919054402438,4.03986909191087,3.53772343391161
2025-09-01,One month,Japan,2.16207941228304,0,2.00494649326237,0
2025-08-01,One month,Japan,1.07670574168885,3.30700915590345,0.998743357088783,2.35053039987079
2025-07-01,One month,Japan,1.0776726794711,2.19771530352459,2.00998371583665,1.17014771487076
2025-06-01,One month,Japan,1.07864135551907,3.32226721334044,0,3.55870417497404
2025-05-01,One month,Japan,3.27690962973997,4.46855127030281,4.07069961038582,1.17472968755106
2025-04-01,One month,Japan,2.17777388065368,2.21597741144,4.0845536046018,0
2025-03-01,One month,Japan,3.29189059609767,4.49364739650027,3.05709193034236,1.17588079294255
2025-02-01,One month,Japan,0,2.22832169433735,-1.98833528496879,1.17703415643362
2025-01-01,One month,Japan,4.42734147430668,4.51902695795015,11.7259231276847,1.17818978467534
2024-12-01,One month,Japan,9.10218347317544,2.24080427175584,15.3287176999613,2.37377783862562
2024-11-01,One month,Japan,4.47688544648697,3.38791879771971,6.3583610888674,1.18167032480654
2024-10-01,One month,Japan,3.35008946461319,4.55763833294032,5.29681468536021,2.38084200340001
2024-09-01,One month,Japan,-1.09338320072586,2.25979256672213,-4.04665769215083,1.18517148965211
2024-08-01,One month,Japan,6.83504994802115,5.76491660175786,9.7619851413056,1.18634315958697
2024-07-01,One month,Japan,3.37521445775053,1.13046385349396,5.34398099138473,2.39032655022768
2024-06-01,One month,Japan,3.3847337558534,2.27694325075969,5.36788048312773,1.18987211044486
2024-05-01,One month,Japan,4.5533156333287,1.13366774591694,7.63628387432564,0
2024-04-01,One month,Japan,2.25766687997064,1.1347397495115,4.31589535922379,1.19105309747638
2024-03-01,One month,Japan,3.41361654298529,1.13581378239012,5.44581590290734,1.19223643114625
2024-02-01,One month,Japan,4.59251761345647,1.13688985032163,4.35110054336525,1.1934221184561
2024-01-01,One month,Japan,-1.11782722081818,2.28997807619638,0,3.63047332715298
2023-12-01,One month,Japan,1.13046385349396,2.29435624468899,0,1.19818854509237
2023-11-01,One month,Japan,-3.31308555663649,2.29875118562657,-7.17324963541459,1.19938610659767
2023-10-01,One month,Japan,8.19474257544739,1.144479796394,13.6425185959964,1.20058606433904
2023-09-01,One month,Japan,4.62793477920542,3.47959926025185,6.65813415305758,1.20178842551637
2023-08-01,One month,Japan,2.29435624468899,3.48971729256944,3.28888345567229,1.20299319735753
2023-07-01,One month,Japan,4.65485816786504,4.69583567931209,3.29792140295326,6.18048403731004
2023-06-01,One month,Japan,2.3075917718264,2.32773387000822,6.73282157235051,0
2023-05-01,One month,Japan,1.14886258262787,3.52042751824644,-1.08253342279641,2.43642996461009
2023-04-01,One month,Japan,4.68666734920311,5.95955008996958,6.76443801907654,3.68622885197785
2023-03-01,One month,Japan,4.70503994482336,5.98928634638245,5.63500822690186,2.44885952120713
2023-02-01,One month,Japan,-3.39109889081461,4.78475744969213,-10.3619239980365,2.45386692431167
2023-01-01,One month,Japan,4.70965561943166,4.80390858838882,7.94678298404021,3.71283833547362
2022-12-01,One month,Japan,3.52387315991249,3.59423055369019,6.81564641403327,1.22509973060607
2022-11-01,One month,Japan,3.53425066944104,3.60502718533491,6.8545642386735,0
2022-10-01,One month,Japan,4.75631529299592,4.85246380527307,9.30496977372481,0
2022-09-01,One month,Japan,4.7752390169606,3.63047332715298,6.94712360776666,2.46901275503379
2022-08-01,One month,Japan,4.79431389745002,3.64148910522584,5.78715243291874,0
2022-07-01,One month,Japan,3.58706865142766,3.65257192907478,8.24296695337574,1.22886338478938
2022-06-01,One month,Japan,2.38320607711804,2.42657679454032,3.46953972490947,1.23012308023274
2022-05-01,One month,Japan,3.60502718533491,2.43149339805735,4.66843765680633,1.23138536089624
2022-04-01,One month,Japan,2.39509721654885,2.43642996461009,3.49310305760451,1.23265023474675
2022-03-01,One month,Japan,4.86229285026791,2.44138661602511,9.64115690646654,1.23391770978343
2022-02-01,One month,Japan,8.71296394004098,1.21517511337363,13.6237699592039,0
2022-01-01,One month,Japan,1.20541000208809,2.44885952120713,6.0253638136688,0
2021-12-01,One month,Japan,1.20662204957915,0,2.37612789804076,0
2021-11-01,One month,Japan,2.43149339805735,1.21887794389233,6.06800725888479,1.2351877940376
2021-10-01,One month,Japan,-3.53771046557984,-3.56573977628859,-1.17358067664654,-5.94174632705151
2021-09-01,One month,Japan,4.92211344897786,1.21640688796882,6.09264697116885,0
2021-08-01,One month,Japan,0,-1.20178825288191,2.40228902684616,-4.76098959642218
2021-07-01,One month,Japan,1.21149471211359,1.21640688796882,2.40710760851022,1.22509973060607
2021-06-01,One month,Japan,3.68622885197785,1.21764116226974,6.14882448775458,1.22635171786138
2021-05-01,One month,Japan,3.69758607368023,1.21887794389233,6.18048403731004,1.22760626663301
2021-04-01,One month,Japan,-11.3615128283871,-15.5075737210162,1.21027286078583,-23.3257612382219
2021-03-01,One month,Japan,1.20783653693788,0,3.68245859789416,0
2021-02-01,One month,Japan,1.20905347153888,0,2.44636347512235,0
2021-01-01,One month,Japan,4.93729925569986,7.45782803720012,2.45136066572467,10.0654063606037
2020-12-01,One month,Japan,0,1.21027286078583,-2.39270679256564,1.21149471211359
2020-11-01,One month,Japan,-3.5516698269817,0,-4.71423945009906,1.21271903298605
2020-10-01,One month,Japan,-1.19580041291912,-1.19580041291912,-3.54467640443219,-1.19818837451712
2020-09-01,One month,Japan,-3.53771046557984,1.21027286078583,-9.12755525145488,1.21271903298605
2020-08-01,One month,Japan,0,-3.54119000967842,6.15513043031468,-6.96035616591443
2020-07-01,One month,Japan,0,-1.19223626393552,2.42657679454032,0
2020-06-01,One month,Japan,0,0,-1.19223626393552,-1.19105293092859
2020-05-01,One month,Japan,-1.19105293092859,1.20662204957915,-1.19105293092859,1.20541000208809
2020-04-01,One month,Japan,-2.36442131434559,-4.67749509826576,-1.18987194455662,-5.80384815415572
2020-03-01,One month,Japan,0,1.20299319735753,0,1.20058606433904
2020-02-01,One month,Japan,0,-1.18869329784699,-2.36209434690244,-1.18634299565789
2020-01-01,One month,Japan,-1.18751698385334,1.20299319735753,1.20178842551637,1.20058606433904
2019-12-01,One month,Japan,1.20178842551637,1.2042003871191,2.42168003321628,0
2019-11-01,One month,Japan,2.42168003321628,1.20541000208809,3.66372241259973,1.20178842551637
2019-10-01,One month,Japan,1.20541000208809,2.42903260849485,4.93222692131092,-1.18751698385334
2019-09-01,One month,Japan,1.20662204957915,0,0,0
2019-08-01,One month,Japan,1.20783653693788,3.67494117721765,1.21394583089758,0
2019-07-01,One month,Japan,0,-1.19699320275785,0,0
2019-06-01,One month,Japan,0,1.21149471211359,0,0
2019-05-01,One month,Japan,-1.19342195057898,-1.19699320275785,1.21517511337363,-1.18634299565789
2019-04-01,One month,Japan,2.43149339805735,1.21149471211359,0,1.20058606433904
2019-03-01,One month,Japan,0,0,2.44885952120713,-1.18634299565789
2019-02-01,One month,Japan,1.21027286078583,1.21271903298605,1.21887794389233,1.20058606433904
2019-01-01,One month,Japan,1.21149471211359,1.21394583089758,1.22011724048534,1.20178842551637
