date,Period,Personal consumption expenditures (PCE),PCE excluding food and energy,"PCE excluding food, energy, and housing",Goods,Services,Durable goods,Motor vehicles and parts,Furnishings and durable household equipment,Recreational goods and vehicles,Other durable goods,Nondurable goods,Food and beverages purchased for off-premises consumption,Clothing and footwear,Gasoline and other energy goods,Other nondurable goods,Household consumption expenditures (for services),Housing and utilities,Health care,Transportation services,Recreation services,Food services and accommodations,Financial services and insurance,Other services,Final consumption expenditures of nonprofit institutions serving households (NPISHs),Gross output of nonprofit institutions,Less: Receipts from sales of goods and services by nonprofit institutions,Energy goods and services,PCE services excluding energy and housing,Housing,Market-based PCE,Market-based PCE excluding food and energy
2026-08-01,One year,3.419031824505426,3.0075959761855975,3.0116635278332344,3.5506745070909673,3.3607377375946728,2.614701989224251,-0.22576204523107662,0.6213936972924888,7.711125658960133,1.4002780408196165,4.05458186864784,1.9201554631893158,3.2662420873117584,27.927438626982404,0.6877460097755108,3.501580627108129,3.142792397246705,3.145939619717956,7.978400812526952,3.0575291174981087,3.2621645234192593,4.341480954025977,2.8503349000212848,0.2200889721376588,2.5392739523791383,3.374945507866679,16.845701668009426,3.455398484231865,2.9935967736229485,3.501870862515587,3.026419717265499
2026-07-01,One year,3.3615431894473002,2.9834682620703927,2.949656602306604,3.338672669812541,3.371990372209203,2.523882753157182,0.39012732553078283,0.4983948493286724,5.88415255965735,3.399639447699433,3.7763029702475714,2.277371810750563,3.128312869836737,24.490423025709323,0.5550759668508293,3.4452940105588943,3.293917119420479,3.0663200033015583,7.871625124035482,2.8179467168587067,3.295475162378915,4.624408489416579,2.1013880803824008,1.741735676294344,2.877949404037948,3.2872398794519677,15.083362148022314,3.417223236501743,3.1419038830126977,3.369580024520593,2.9238396692613366
2026-06-01,One year,3.453010336936787,3.041234252733225,3.0186015948859724,3.4355870715256707,3.4612331304577957,2.163351703173234,0.23245850655327216,1.4947232010509195,4.237393415777283,3.165337498972291,4.1231363473657074,2.3269131063941786,3.3323688271604914,26.674884726112364,0.7625865691385805,3.5399104570642463,3.262478999971524,3.069021981838931,8.07427110886559,3.057344372891751,3.5053554040895905,5.163540591522219,2.0379065365421916,1.7122803235953856,2.785850133130473,3.1739715233948957,16.066972490772972,3.5473364103672176,3.151046671364404,3.458541634903187,2.973132589578258
2026-05-01,One year,3.8233339662046806,3.1617097712568905,3.1478454620119827,4.449115736075884,3.542471773888013,2.743088410264095,-0.09177505617266342,2.6270851308599386,4.5466967274714705,5.804817267194597,5.374190533413456,2.3209991466914826,3.8362552730368855,39.73051085767849,0.7428467412691665,3.604798268477441,3.4597034539896536,3.130241285972862,7.565581512967548,3.141353233678367,3.6771978821201943,5.1319208474915,2.042943677462769,2.1331851861767883,2.843825684300322,3.0989606218692867,23.725457845240054,3.5864799449423566,3.2237570046757256,3.882526217514839,3.109405301893064
2026-04-01,One year,3.5739479879203886,3.0838724068704066,3.0629044615058563,4.085395017174654,3.342523183485619,2.716688227684343,-0.02923491438911366,3.4719841198231514,4.264175904383929,4.712434620878175,4.8276841823773236,2.4297569466028546,3.41849031138532,28.941794068889305,1.7411045623226367,3.400056514865699,3.4352593993310134,3.009132192225169,6.413158851866411,2.9392158515374285,3.6167591330276117,4.769741549557798,1.6676686404176924,2.069332758144202,2.790893116357262,3.051596225720496,18.1645583757101,3.328218957287201,3.1837377424665227,3.623188405797094,3.0511450940220968
2026-03-01,One year,3.3654037133845427,3.105222783353573,3.1324848157866714,3.397285996192398,3.3505586805079304,2.748478033817282,0.13758312313690044,4.109887120903034,4.46426513632487,3.094500822679386,3.7460301582935305,1.7861853846273386,2.9851465584546966,19.414702177433867,1.926102003006264,3.452135448210291,3.2215836755831324,3.156191889795949,6.277573187516287,2.6037915127737477,3.5004100041000448,5.084428037895278,2.25220756027384,1.120097890908111,2.6109241126071074,3.160234650231522,12.974655468149294,3.413879429646554,2.97892204387949,3.3412194078177153,3.0293398533007325
2026-02-01,One year,2.8011449471257137,2.959152653557542,2.9323234471363904,1.6487896168708445,3.3266591263412164,2.3630636137100995,-0.09459246413369427,4.647092959994197,2.9332352907384185,3.462010752355291,1.266809912144618,2.3490455784963107,2.031975145451207,-4.832369942196543,1.6178054117892244,3.4174957329355813,3.4004364351055596,3.0494023238318233,4.3033574914953325,2.7669200701732817,3.1254799008387546,5.127110364940247,2.799976715370342,1.3212370912653564,2.567637956920063,3.0250856839429137,-0.08603906756983018,3.3138841932242133,3.0775440189697663,2.65674728186239,2.8203476090662174
2026-01-01,One year,2.7283672053770016,2.9379900328226816,2.885065110897772,1.2028117677688066,3.4234234234234036,1.956163092151782,-0.17209529974580698,4.653848952270086,1.919407856929409,2.9923835919022266,0.8006445022133988,2.1017931872910505,1.3431332674839738,-7.077165129085328,1.5259587380757225,3.5257176802783485,3.5849001857010268,3.1489989603943793,3.30044710490338,4.037914545017716,3.1291738217897422,5.27476673486861,2.7127219898304196,1.2055628979129052,2.789150657151856,3.3812327848724912,-0.9873379011060184,3.381314078519617,3.1793307356991742,2.542441521415146,2.7605278875498027
2025-12-01,One year,2.77715547590093,2.8720269247491967,2.784364091418037,1.6551411404602616,3.2856846265638304,1.9097255065170973,1.2234093293904316,3.9603328684841483,1.1788683789980785,1.999403776765805,1.5167966857658342,2.098792432787077,0.2654841719490927,-2.44220974271907,2.447426149929072,3.372029172692739,3.705159562077803,2.4992878328334234,2.5113294447278283,4.5350392192131075,3.3534565265405125,5.089868329060807,2.6478590264116164,1.3875877425223566,2.6945738347163526,3.170303770243932,1.8517019914808437,3.154677950164537,3.275026832593618,2.590955623080554,2.6747401153584276
2025-11-01,One year,2.7104423018304837,2.7212091395204374,2.5968672712283642,1.4733109760357694,3.2741240079288603,1.237560722539261,1.92829766847653,2.414545191272167,-0.9748759875068778,2.695071868583162,1.6013548635913917,1.9054030780792401,-0.3468052606803572,1.507272987229933,2.0001759169671924,3.3595319931412884,3.6903118357329068,2.783635951166642,3.923933974210077,2.423572397462732,2.488309584299878,4.919373088350162,3.303225156556925,1.4148573601096952,2.9389029744604485,3.503321625852715,4.081171302192045,3.1393658402420375,3.2964954273948717,2.5003461391234887,2.482951277627151
2025-10-01,One year,2.6574123166401624,2.704820055566327,2.549437126539235,1.3076573902720108,3.2741132448897434,1.1627578278854664,2.226496754027415,2.2064667630057784,-1.1254166095968476,2.044251057017368,1.3873753038812866,2.1898841480644187,-0.06241477981985917,-0.7416181307903583,1.6587760827634541,3.3371700549065944,3.7285454864975573,2.7398644381762343,3.610830243792852,3.0185734106962614,2.9669523731914893,4.985502991154969,2.5109572083375236,1.9170459261073243,2.9920027277517667,3.40065231359854,2.4134004057529563,3.1295046198199215,3.421989437133438,2.459136732896154,2.4863219383767254
2025-09-01,One year,2.7830135485637864,2.8170611200207305,2.6263963591228854,1.4623663428611422,3.389172958000012,1.0653228465125044,2.418342719227675,2.159409953868789,-1.2842368450960286,1.264240636013436,1.6762637030570615,2.392897584297941,-0.30455786599454143,-0.17712531616119787,2.137011883054537,3.417108960349661,3.9806118020873984,2.4815633596030873,3.9415518776119804,3.7759827165789033,3.2336273445285757,5.121719186719682,2.304101199738973,2.814188427674658,2.931439140774353,2.9963310232368503,2.7165915830937406,3.1976100907280425,3.6990917081746137,2.5543744889615776,2.5605279439059596
2025-08-01,One year,2.694303863880341,2.8513420229829016,2.628784736623805,0.9365698674138343,3.5041963159615754,1.3452491167079246,2.632726215849638,2.160191533355103,-1.274477566246749,2.8002733994739213,0.7189848837403909,2.1955851872867163,-0.34087417422031413,-5.896612149532726,1.4462864314110913,3.5515423953136844,4.26628468479111,2.889148943387263,4.2743834144780335,3.199702279619612,3.051430102086392,4.891035074356456,2.404870113535368,2.515481733954207,3.0151537603631398,3.2134296489606355,-0.10581695157756375,3.2571378733458527,3.8784929956342267,2.457485500835545,2.607487533182815
2025-07-01,One year,2.590924891472189,2.841168044794583,2.5983630395944957,0.6325749984751972,3.4969349107805083,1.229338063250054,1.9367901393908076,2.3499405480471607,0.13729250110629312,0.04303896050663168,0.31575518114156365,1.7958315275205834,-0.19045786841092083,-8.436438140722734,1.4316360929906793,3.5535865774342432,4.305408428585195,2.9223123646094358,3.2328591195064815,3.54367201426026,2.869706086554034,5.085124280705403,2.5096443970045677,2.2652161938859763,2.9277834285267117,3.179252403925043,-1.7938345243016647,3.2334767429839184,3.966168742988719,2.351426274953664,2.612456604054976
2025-06-01,One year,2.612061147817074,2.825535800174451,2.5523914110531627,0.6027612037803171,3.543972819364627,0.8804853957951111,1.26374818230752,1.914117976969072,0.4754555976669734,-0.896276379043424,0.4565942750102376,2.006551683308996,-0.42545835214121547,-7.639704557737346,1.4739557286868694,3.600425247076417,4.437687257912223,2.821428571428582,2.8936645183978937,4.169495044681721,2.908120153444639,5.225904065673969,2.493533107132066,2.3375566983304092,3.0083613481596294,3.263585259212995,-1.2199352024738128,3.251462361135472,4.083537683081323,2.354786779683294,2.5673578784031545
2025-05-01,One year,2.4633416822702636,2.7874450598826788,2.507397991080728,0.031280411511192624,3.597698352265143,0.2846727672447784,0.9867290929283078,0.5058534470299197,-0.7021471456192069,0.4115353992823941,-0.1008728418630708,1.8359060243628822,-1.1363636363636387,-11.06078184811832,1.513458340299347,3.59381661429631,4.3572887318694775,2.5999693319475976,2.3663232909252905,4.282621027988846,3.1330868068317503,5.427780119212466,2.8542966408617763,3.706763107294829,3.2516297467110107,3.0901259275731228,-3.7158454162093366,3.3485443022800334,4.085089941822033,2.0894614891624013,2.4141140492296453
2025-04-01,One year,2.331108209167075,2.676438831266569,2.3396641893751777,-0.3777148253068871,3.599754508544993,-0.6556277822272658,0.7988340050016726,-1.0711416584843372,-2.442172253807905,0.5164382288234505,-0.22845136653937945,1.7142586167379272,-0.9850900135545299,-11.368691712752277,1.4402253341482252,3.5885224243095393,4.423435080817062,2.7667376086566278,2.1921673632550385,3.8290187592483593,3.059468800480862,5.761983320972897,2.381915987926007,3.8180278654453,3.4090460201461457,3.251636147286299,-4.260521213503652,3.3243658724058425,4.233968739508346,1.9668115953940615,2.3183270113795222
2025-03-01,One year,2.25520541379282,2.5635982166273275,2.1903115054005964,-0.273086659499946,3.440609281130264,-1.1293968797387677,0.2012439092025438,-2.128773492821269,-2.951340349150604,1.4199686985002278,0.18874069867463866,1.8774258317984442,-0.0395036034994381,-9.406586240626028,1.4882483370288224,3.403965215185455,4.298542396531173,2.544742490187862,1.3771881528633547,4.081030426287039,2.8393304872264125,5.448103883465618,2.3491182344379347,4.226171289224003,3.4651976381567495,3.1787169211406603,-3.9204404191085103,3.1559023795584276,4.2924337522656755,1.9367211549541494,2.250852090434093
2025-02-01,One year,2.574767765245118,2.823064900880153,2.4949279857815925,0.2858657213113397,3.6484324255818072,-1.0688968686624378,0.17846707835178474,-1.9706491497853342,-2.5832447255022584,0.7967298711294689,1.015696363773499,1.3430820614454069,0.2767108178449465,-3.302661272855578,2.1774236482050076,3.566451941681861,4.253171422544984,2.4615437322278897,3.654984208751112,3.8905809092144534,3.3589563350793386,5.698463327137702,2.3743849074594348,5.461043096737658,3.7280701754386025,3.080967664352834,-0.6907987632240228,3.45080467736346,4.343019583070125,2.2549311130934715,2.498746029092117
2025-01-01,One year,2.6324403057133026,2.8118579879703973,2.4479433744966723,0.447187426449441,3.6583427381539066,-1.2778274141910417,0.335046851114052,-2.662027815402053,-2.1183723520345548,-1.0627989444169468,1.3809014592086766,1.5278349210367939,0.6972140690973304,-0.5278433827504697,2.007560595952862,3.527898915352791,4.3130845364569055,2.2792364815037143,4.042842753561908,3.5687624918727443,3.054595506212791,6.057528048386341,2.251306218625141,6.518647677169001,3.8431779204722196,2.8512324601849333,0.6633243912807667,3.436903876620655,4.499338999055705,2.276417376321287,2.433811882432803
2024-12-01,One year,2.647831800262803,2.9032097701625523,2.526356661123815,-0.13585418317671644,3.963514561399312,-1.4587042232516632,-1.351944792973643,-2.2871189248403665,-1.5381457874873194,-0.0647202646339734,0.5805015331625174,1.584555935538657,1.1411837957738276,-3.992811267919586,0.7920792079208011,3.8679669676424373,4.553515027436776,2.8638898225474168,3.988345543861798,3.01460577302644,3.2794239527969893,6.598764090302145,2.802974233635695,6.038094415410534,4.052384085766111,3.312060410645375,-1.0842751002408757,3.772127401793781,4.655504789083005,2.270895478981952,2.5149086137722745
2024-11-01,One year,2.4910388371863603,2.874092511926985,2.467498458341422,-0.5126244634820141,3.9160996096724263,-1.4620589656838991,-1.7263025737602034,-1.437007171655907,-2.091109412240859,0.7353473507844871,-0.002515153801655066,1.3946104695003414,1.0307577331094502,-8.615852232873507,0.8515923001862803,3.8531888320373846,4.616454477372416,2.7771780899992176,1.7512160163456973,3.510993158189483,3.55122085131692,7.051928261634041,2.76570048309179,5.246836392737471,3.759193461714293,3.1898687558591194,-4.023981890635053,3.68695510470137,4.762158825008971,2.1005014261124058,2.4900423568246643
2024-10-01,One year,2.4062785359954564,2.90472984765752,2.452140972738962,-1.029823409475764,4.052771297562554,-1.7915475232040634,-1.5069585329849509,-2.654322615813402,-2.3310257182034135,0.2499974280100094,-0.6206523097429836,1.0308951341749644,0.14616790075968944,-12.283766792402892,1.0955115932780297,3.985313859640608,4.934458223840937,2.789461840715929,2.8652654935437103,3.2695063175719725,3.141929321872011,6.85768518809024,3.2765218593160097,5.480051664753157,3.8533350502189117,3.2283253010025015,-5.913700000709589,3.7536776724419774,5.012218383496378,1.971156245321627,2.4883215002445382
2024-09-01,One year,2.25941698310585,2.839579185859584,2.3640722011875392,-1.1442438059707962,3.8935599068125195,-1.761837344659427,-2.152179731410495,-2.6668189726376434,-1.6981342866718916,0.7129812107267068,-0.812588460577803,1.1839592616168042,1.310609651116682,-15.169515805558204,1.1484933264429686,3.872097548320154,4.900969855023265,3.000121673532529,2.028847189938907,2.697521901561253,2.8594596248584803,6.595445290820607,3.1205514670991814,4.323257371698952,3.7476013094028753,3.5143392468308505,-8.087806908031627,3.548397656224425,5.051748682236156,1.878462243325416,2.500253661176306
2024-08-01,One year,2.4366649027649183,2.9023415954939735,2.4040095141012556,-0.8326913588795914,4.0115958928513535,-2.0441779332426484,-3.078295434983331,-3.5570910045043016,-0.05552911312074363,-1.1779394758118125,-0.1787982086758895,1.050393399802506,0.30724777269444026,-10.148331354269853,1.562472146460595,3.9033638745585604,5.006318956092941,2.5096273372914806,1.5215037128712972,3.531581751854742,3.599895163652612,6.8810711265323565,3.0520367073950507,6.337966541720755,4.124573656001294,3.286944324739961,-5.024311183144259,3.662455719299402,5.226604795050256,2.059993980537069,2.546684984480741
2024-07-01,One year,2.5959807914009136,2.8088524452997525,2.2959096936520296,-0.10270961901694274,3.8918366353502503,-2.2232062139074893,-3.4426893479141367,-3.500919681177192,-0.5192283814748433,-0.6303141387913037,1.0543287412209577,1.2235684488438363,0.10013865352025805,-2.0527424073262774,2.0899818534509675,3.790182538582575,5.089720135455982,2.3929230019832337,1.2045862474469176,3.6951539099788793,3.0971237695013363,6.369517535177249,3.1701712551484857,6.083514107705011,3.8936758250690997,3.067048885055426,0.42180955558025746,3.4758852233733566,5.20284172522227,2.27232693323939,2.4706871227107907
2024-06-01,One year,2.569554023752187,2.7792207792207853,2.239554980947193,-0.3056696509981935,3.958526620765992,-2.4760559245532257,-3.654251037215929,-3.492858888850093,-1.2494257123967627,-0.34003593215522687,0.8807376599711456,1.2775108524466963,0.44665251784681465,-2.285577485019808,1.5475490458117236,3.876609459614224,5.185492195564453,2.6796238572962676,2.283337112829697,3.368885073222266,3.076199725600837,5.6660519671703025,3.417786386179464,5.707040529314888,3.9262154898607364,3.2491281067825297,0.32652638125842415,3.5321490746776067,5.305819940708369,2.313464819032093,2.519757381902326
2024-05-01,One year,2.697100616836896,2.8094842139743483,2.233603763294254,-0.11369652574662184,4.060743693634822,-2.630062298171306,-3.30503171378023,-3.703832570762521,-1.3870460601870949,-1.715464588054759,1.265470140307638,1.1878497202238243,0.9248354024675134,1.955659441847284,1.2364264780552163,3.94911776774724,5.410947603296695,2.5044097871076993,2.8406999960850223,3.627376299927138,3.1473644304492683,6.007563306792628,3.13623738583034,6.496492278577404,4.085090361445783,3.185151821604295,3.060070250639991,3.5921847835085674,5.509607318966119,2.421126156073021,2.5113727361014155
2024-04-01,One year,2.838529936773273,3.017586436450345,2.4639762063483888,0.13445990492383597,4.1575492341356615,-1.7278933977632613,-2.0959718041888262,-3.202951519393101,-0.40666622343371484,-1.2585287248472825,1.1520426407583575,1.3156208961916664,1.4988131570023706,0.6159784818183528,1.0471766506457605,4.07050938999992,5.431791118926895,2.4976784118584963,3.408163905622489,3.9264483377291217,3.4575233001935586,5.964523992814988,3.463256333310069,6.067083806512433,3.9681627020633483,3.189058289846183,1.828422939848591,3.7212971805838095,5.615879219592141,2.550508668863731,2.7144797887883465
2024-03-01,One year,2.9515573249473173,3.145526015469803,2.5819222595461757,0.16499070841799765,4.315286493243743,-1.5000733084084747,-0.5029443529124191,-3.3233820602566704,-1.335142948569404,-1.463529219519177,1.0762581669002125,1.4605155515631751,0.7063846303124339,0.5045160673689414,1.019603626850164,4.2382124973144535,5.550672652841446,2.830437535171645,3.3139571125794673,4.301495666062195,3.3186305398025557,5.9648105181747955,3.831791303125348,6.001025054409575,4.190135327929015,3.517674083724757,1.6183869547328211,3.890249795863951,5.7989159719801044,2.656527249683148,2.8374811463046696
2024-02-01,One year,2.807194063639793,3.1784426055590833,2.605524158516336,-0.11196167265531852,4.24249430260593,-1.590207908011457,-0.08836570779353571,-3.679826025907757,-1.6121750046801515,-1.953925697794182,0.6970405313035277,1.3889556014537996,0.5036999581870698,-4.321755174073482,1.6624721493067804,4.182670372060228,5.371444900421489,2.99940011997601,2.4076618126152947,4.264008468007434,3.7418353184715807,6.081530647019677,3.3641619514427332,5.555265064650835,4.207859307466834,3.7113809949769467,-2.299932084441681,3.856744699905426,5.876170456716996,2.5183328534895963,2.9068917163479364
2024-01-01,One year,2.7476500361532907,3.2244602478388513,2.6048629859320114,-0.3336200380535359,4.268631236999773,-1.6764275256222618,-0.8427319279947169,-3.254567099752479,-1.981562755000784,-0.5015538939659726,0.4015622886514343,1.4667512303208854,0.1709385012112186,-6.822656016968817,1.729192681470222,4.266357980995848,5.3917620319789545,3.1232867021558786,2.6430848880891413,4.585330635750807,4.37133452785957,5.663967216313794,3.296470712736123,4.346496853282435,3.895081423776562,3.7350799327789055,-4.712217403147076,3.8888189108619895,6.147961638387274,2.5345700404308045,3.058439427179599
2023-12-01,One year,2.8621633494407503,3.2251994902628236,2.567854205445659,0.2995999510857129,4.130559648377984,-1.5851029674815342,-0.02038480234582853,-3.1726457399103034,-2.8824219874648356,0.057562239171101065,1.3288046716720234,1.4914195060276778,1.0122054285658142,-2.981029810298104,2.6142182858600767,4.066209663935788,5.613741771093727,2.4999779153894512,3.7552544049261893,4.85905201179284,4.405087006223797,4.455148477918888,2.9786328952382553,5.560790273556241,3.8630472650292047,3.2382135064979827,-2.1225222401868886,3.6214116596311072,6.333629247034149,2.7149050935408963,3.113589647964895
2023-11-01,One year,2.8886576834910818,3.4371781668383194,2.750629285652297,-0.010425173318506816,4.3324469419497245,-1.3460974178403788,-0.521435039185692,-2.964520959379569,-1.795217170490433,0.28938906752411203,0.7211436967480972,1.844741032957969,1.3336611753135075,-9.733205874684977,2.9742221897436836,4.226854340231122,6.009397278029818,2.4651594921028193,5.793536210609513,4.361193928716629,4.5482448797365915,4.081433463199591,3.0876494023904457,6.705754978803857,4.236126205962506,3.3414353553789065,-5.9425741631351015,3.7534871924930235,6.698708565108483,2.7635593003084944,3.385743139713048
2023-10-01,One year,3.1000322301572503,3.5589485824453817,2.857938040320758,0.5297990237801589,4.3876222866020145,-1.4868634565245138,-1.4485650492838822,-2.2684504936457612,-2.2513049068857702,1.4698360005428235,1.6298365930065168,2.49441215914171,2.625086351524718,-6.1784044554547615,3.1194304046211045,4.213054654249712,5.9329138754812405,2.3256225867016234,4.170980505461511,4.851982108102569,4.699162406700743,4.173748202379399,3.61330397579794,8.24161741062068,4.491443468023372,3.119507528203715,-4.631490617238832,3.8542170617642286,6.896551724137928,2.9383058509271995,3.44905792044661
2023-09-01,One year,3.4916927378587834,3.7381077881566043,3.0282138774227882,1.1460016596060598,4.665839808979,-1.7143532750059036,-1.2684003544059743,-2.729914529914532,-2.472243105721343,0.578040680780409,2.716940470183774,2.7653763757379557,2.2874103388572817,2.1826816732808467,3.010444774859116,4.457109949949603,6.006723211437634,2.0976414843209326,4.779032258064507,5.3330698445702645,5.989281399742159,4.366339314282904,4.064391014706147,9.285881161903283,4.470219594167743,2.7177917833395506,0.019423941395207846,4.198785728903739,7.127253542606085,3.3080610321770108,3.565799152334585
2023-08-01,One year,3.438130751599326,3.830001388310427,3.0823117338003465,0.8837115886724246,4.722573204548733,-1.4149652416662122,-0.3353401753127295,-2.2058949313170433,-3.7500000000000027,2.5223221311733375,2.142040314734852,3.198553583168964,2.743114999059905,-4.230882805677203,3.1014804399966915,4.58262771362194,6.342963622571812,2.2305757729256133,5.545032982822808,5.053523601195342,5.662436672259597,4.102521907269514,4.403446253777798,7.778039770494381,4.122979097612126,2.7719161130649934,-3.59506556952007,4.165168404650601,7.407192045388482,3.2437378079306676,3.6705555506712604
2023-07-01,One year,3.361337333904837,4.236075982487048,3.503369639809258,-0.09565466925224088,5.116921659929387,-0.7234962268297972,0.38861217755745114,-1.7182308076373425,-2.9543213933618167,3.2193983729583175,0.24455257034059785,3.7890954848750753,2.8429964846264246,-19.87657466383581,3.5632950063878273,4.9255352819907525,6.797529078226471,2.4242046274600675,6.789603265090305,4.862941713616245,6.514129249637238,4.414220752377014,4.303273128510324,9.265688222759593,4.683617549950637,2.979030965899201,-13.094317742558943,4.534115542098202,7.749389284877682,3.0691554203013798,4.045900654587868
2023-06-01,One year,3.345578137874207,4.442869269206198,3.7148124950377994,-0.2822926318159449,5.206647658678165,-0.22517162471395433,1.0433449608159076,-1.1639645547339479,-2.533829905745904,3.3235448348190997,-0.3069754924223267,4.849038574374274,2.632647201512848,-26.247377495274304,4.493785784108363,4.984455780560281,6.993984119413982,2.235175448775746,4.869408339825333,4.705516275692778,6.736322501028385,5.329454133182168,4.533321227528595,10.058383857825696,4.886861594444305,2.9726069290925783,-17.563616609596362,4.583696468172128,7.950143169951164,2.923394943737617,4.137100131997415
2023-05-01,One year,4.097018223412284,4.833980505586822,4.132686112861285,1.2540424634420633,5.544682502047676,0.5334167180156882,1.7346265090543207,-0.5037042165754982,-1.424441928711964,3.584436911804957,1.640610252097949,5.969352748341844,3.118871512050407,-19.866046089226927,5.253337833783372,5.391987268198169,7.491892439700017,2.807228591178816,6.999832439678287,4.954160330219416,6.935665353939843,4.885192127460163,4.757604779495593,8.841846094428881,4.98204127927959,3.5389664669288825,-12.219594727009047,4.862443462483409,8.209056514141254,3.8279393261568573,4.645420102518385
2023-04-01,One year,4.53229631696428,4.85341674176961,4.139557652084906,2.2530513766676057,5.687162741548511,0.6549675279812063,1.7478162214482382,-0.389878647043638,-1.2885019250962673,4.066015707917643,3.1249184633715754,7.055969413559869,3.184044786564033,-12.241576070634872,5.004511108604943,5.56328112777903,7.969416512699129,2.7425989432848152,7.221974583897531,5.611099953721088,7.105867856667109,4.983836206896541,4.577882387286296,8.364165755099414,4.82791875113013,3.5056132175386523,-5.748707002709132,4.88197892169672,8.298985347704013,4.336393696355703,4.67949233947785
2023-03-01,One year,4.491151409220009,4.864946324252927,4.164955815406585,1.9530420001416557,5.790178882160495,0.5306212690691958,0.5293814637238913,1.3044574030782108,-1.2056729857303354,3.283720635858271,2.729842695849734,7.999341689260006,2.7906883964014297,-16.58960195888617,5.259584099589756,5.581001736156556,8.206455150668738,2.2081225117056498,9.904000137020331,5.32522604612042,7.735695667842809,4.775892631045835,4.036747566159341,10.344573217710613,4.92791997646366,2.918136908962603,-7.878654883263186,4.935605431351801,8.24469910107733,4.2740464673697565,4.6754458358749895
2023-02-01,One year,5.199788303784066,4.861964009184607,4.1665546625090775,3.6636496140212,5.972944120683929,0.36662011173184444,-0.6443622225009428,2.8676360497784983,-1.6686518678938784,3.545897086619998,5.506784429644932,9.52756734006734,2.9275176651920622,-1.0726520031213946,4.816338108069772,5.759782417968062,8.560324696028331,1.9553524851144901,13.996151953107521,5.773503067917336,7.413521549073947,4.47070391970704,4.028817810651968,10.591316128605873,4.859477152556495,2.731216809663077,4.103697157166006,5.054031002980722,8.219520391545243,5.118208360037029,4.709358363434908
2023-01-01,One year,5.5556541649656594,5.0016991289728345,4.383800914754925,4.556479084343922,6.04990025222565,0.7727633204846905,0.3736696886085958,3.5832150461320103,-1.5245955043978676,2.248487200192973,6.695530600279621,10.618628112678065,3.0343897505057322,3.1936578292155815,5.453296310079284,5.798340058855652,8.522938717578128,1.909576721007146,14.639861753236763,5.571065202555991,7.4163571925183565,4.528301886792455,4.3547882424398585,11.490946577324046,5.0759343759796645,2.7031093723723476,7.601490989433822,5.163461028983198,7.981643432331807,5.468162109864908,4.806821885070792
2022-12-01,One year,5.606309328384846,5.070992092020131,4.510495837857401,4.9704304772383505,5.908646089555395,2.052947894628445,1.7032134598516946,4.863359317067878,0.03323142363418975,2.7187971830093685,6.61233528151886,11.073642405431281,3.001224783132397,1.4021093316338016,5.455034640478906,5.769485830496491,8.376817401757947,2.665469518056985,12.026413610694107,5.495945102932004,6.921078988914739,4.7927395095089995,4.088372307550392,8.809789573773203,4.997724726967235,3.527426612384837,6.586549046104315,5.026415227914309,7.76563084335673,5.584341855079257,4.954577727612007
2022-11-01,One year,6.089648674114956,5.285034019752229,4.8507462686567155,6.355102191669439,5.945514950166111,3.0239478531954025,4.432180384932051,5.600241303036392,-0.38603244432224265,2.6839919054212333,8.225950905667968,11.132772142914892,3.8199195376478032,13.144125352043435,5.536435588204114,5.758111360790134,7.926626680889015,2.788565607690841,11.938425424340917,5.459482635415173,7.267285243938944,5.032633952979775,4.254628728247063,9.931521201605944,5.297721750765873,3.5440475763980883,13.392829594890623,5.232723649562313,7.366821797480068,6.020221420935328,5.067505762687064
2022-10-01,One year,6.505871725383919,5.509494274375909,5.179479673606783,7.509150668559052,5.9908859497659135,4.398888381300441,6.748328696590948,7.257796947577969,0.8494878895775753,1.535868735690677,9.272074605876698,11.457870944948224,4.482228844230426,20.03801006148686,5.679458326491577,5.839904377921287,7.821317302207211,2.8819257787941988,15.18706492497989,4.897071069762439,7.7362637362637345,5.046135358997472,3.642890935908489,9.270449646088302,5.160993641613397,3.633019291161949,18.29061334272585,5.326253117708584,7.087173461245029,6.521600350202014,5.356995156739662
2022-09-01,One year,6.693164041183112,5.640449848468253,5.385669483965304,8.176165998941725,5.938664783646331,5.820645583508158,9.15276092876473,8.34838171968329,1.6648943240728433,2.4365352723561697,9.520642889255214,11.719299527720183,5.624235837522082,20.025924537731147,5.794962422076776,5.728714307459502,7.979475041509178,2.638409486252394,14.918028229057573,4.944861726012817,7.160109821366511,4.9863046736377905,3.6130904761018807,10.588640571846877,5.396839488636358,3.523446264303345,19.894869918158218,5.204044101156356,6.856639506716575,6.684722732280565,5.451926273408928
2022-08-01,One year,6.683455141014062,5.403329065300897,5.18171938033047,8.751020873297742,5.642105263157896,5.6031908129251065,9.66969432613196,9.49669395171109,0.506478984410975,0.43203827226840813,10.548411747502286,12.207447299017,5.240520302850414,27.180835337642932,6.113115553388596,5.4336805649017945,7.621456142686023,2.7306091148115685,10.824798233867757,5.13273214544402,7.209347002217992,4.878238207832098,3.366438196484356,10.296221164599109,5.392423337759442,3.634940062637245,24.19140264208181,4.929254817410061,6.462025540344548,6.706087148738643,5.211407005892202
2022-07-01,One year,6.85952987303274,5.218819685971495,5.050971838405874,9.780242859324886,5.402344311807844,6.007533688012105,9.608330476516967,10.172610015174506,0.9599433766118968,1.4490899203480319,11.925102288225482,11.811096506655302,5.176274540436389,44.39466649226216,5.318682175833389,5.147601144111244,7.120337715079611,2.6315548850180592,8.803092273810051,5.451440303049564,6.763936176730584,4.745821425478483,3.4971122614222367,11.350952651784441,5.510962667672256,3.525805724588688,33.90153639116294,4.778729157278047,6.016958172207039,6.887278910307357,4.970280320100889
2022-06-01,One year,7.218316339676808,5.299386299552156,5.2300808555276035,10.701789702738717,5.484054515403584,6.406810035842297,10.482428473908422,9.707313379148454,1.5189985697020818,1.7978775649648726,13.145173568818521,11.036446893265332,5.189651940261205,59.61737717691331,5.048262642660857,5.2383276394989355,6.813652328563892,2.5784948402633456,11.296181366822426,5.541922476942869,7.824004257961495,4.562333292655296,3.2878819138361126,11.190176827800212,5.360308874749132,3.37367898112185,43.000663361497104,4.995696489241219,5.61801750515903,7.3299109753720195,5.099437637331946
2022-05-01,One year,6.784554312522549,5.169044995323592,5.164577753306013,9.921658407472881,5.218992670005081,7.235985640459193,14.26723905663427,9.937202664129403,0.4327140665187603,0.704979380678271,11.449856075892471,10.584146729864916,5.188590336970406,50.004257130693915,4.024188042524144,4.912796500970946,6.147915732855226,1.8888462030989994,10.80064980273846,5.674221275345285,8.68251627522209,4.760068026018205,2.9465618749823985,12.352196709455795,5.042828388587524,2.588891596934488,35.90979713233008,4.87267496381,5.184167321007925,6.737297619935825,4.840367864219225
2022-04-01,One year,6.633938616310103,5.288716474561136,5.378915775651847,9.762532981530343,5.069027966109414,8.793257233341018,16.46707693444957,11.892219836095572,1.5912525557827386,0.8207334167977441,10.296896733656286,9.635247789024548,5.655076260087033,43.85698115489964,3.5521731514101553,4.726710053247178,5.615805186863787,1.718518247239576,10.921320223146811,5.51419779247821,8.450335431094413,4.669339560294318,3.310996126332462,12.99977277891388,5.0642759569020885,2.3930017351069943,31.371667894954424,4.856018192943848,4.852362204724411,6.507811621895028,4.915125411705092
2022-03-01,One year,6.920266494734571,5.560286342581769,5.771500325726748,10.751370272681816,5.006577985674612,10.494493190285215,19.947718631178706,11.700351408546409,2.8396860986547097,2.2025054442743555,10.852847310339515,8.850650575146144,6.941570492992294,46.96873326191753,3.9202234527368063,4.676712328767119,5.3214337279815105,1.9684209561687234,10.997994315643394,5.731410202966213,8.637894928525899,4.359545810907231,3.2993078441185633,12.716992636801214,5.081016203240655,2.5622466705269193,33.612616614837854,4.875476819248833,4.559641255605384,6.757277900578468,5.1422319474835865
2022-02-01,One year,6.509709604381772,5.568656926762806,5.838003926142983,9.642797249706529,4.9440761079175015,11.064394325951627,21.618426572093203,11.017355169885114,3.0991135820662206,3.1354141708958534,8.851264258647253,7.626974689994912,6.726342437805095,36.38487278237262,3.675930010292604,4.590876974040394,5.000904813608398,2.0542664121016294,7.9609680691754114,5.431832546380646,8.585983299951533,5.864510513043709,3.1374215172543956,13.145399484054293,5.2334877431497855,2.6270448692371917,26.330480089318943,4.910154232159982,4.306989870664475,6.218385696861969,5.074205883466479
2022-01-01,One year,6.2348559845377824,5.325521814482704,5.602038487867951,8.86678072370177,4.918259522558162,10.781709709055235,20.8855089866011,10.526057753591214,3.135849479224994,3.555642437472172,7.804432170674545,6.390778533635673,5.264217306551411,38.535013740168665,2.5079473761432065,4.616093649184266,4.87873506880151,2.497621532748948,7.114337216289026,5.1154254625402915,8.005494505494497,6.680448264606675,2.7711572655392946,11.911651144832202,5.3183781652099675,3.12248995983935,27.8816768216503,4.920918769168042,4.040358542407999,5.91595267237862,4.802383166043676
2021-12-01,One year,6.044522653951311,5.084233587670923,5.379583897480879,8.500795861520098,4.8163378459548145,9.126757110166718,19.230293868781065,8.457321080041968,1.0533385571164744,3.641815217272363,8.145138336817524,5.633297113431288,5.599974346366809,47.46548901509794,2.3616083723492114,4.416910563100693,4.292800814042237,2.6801013186321985,8.330590672371411,4.238854775330467,8.138819793110402,5.723808924865457,2.8130008820265826,14.015158656837412,5.465620673742512,2.6127743779544774,30.767092553434416,4.988200754408458,3.725721915003018,5.627314175844055,4.440662819549951
2021-11-01,One year,5.868437553440125,4.797121348421006,5.089997895904654,8.318987949877895,4.645664911369869,8.436882164332768,16.889638480742487,6.616901847665088,2.9774848237745655,2.6995690315241445,8.240018992600797,5.454080375921333,5.053473928107869,56.17479625749983,1.9068670792808606,4.245213140254059,4.0719205816249415,2.470689108837067,6.367041198501883,4.088140951141268,7.661074999539652,6.756165183131476,2.49054524031243,13.767652976570771,5.265303853068186,2.408599783537876,34.477107233989585,4.842560811819138,3.4561566742847925,5.451314582696426,4.13297137686336
2021-10-01,One year,5.277172827647865,4.37127394390893,4.659690375207043,7.3299793549938945,4.253502830101144,7.76946982984092,14.472721050279972,6.342065802240455,4.0560783999817005,1.4593437792379573,7.068705919644976,4.600500322177163,4.27270479200938,47.613756380918865,1.8865510657980213,3.8816149148898775,3.79678803392331,2.3920364962822744,4.778279315755833,4.140284784453415,7.31032824335699,5.72813155100596,2.368358577465457,12.600223621716141,5.011004522533721,2.4224824011616244,30.22067944668564,4.41710461219651,3.062866025594688,4.827869714438674,3.6996445215336133
2021-09-01,One year,4.655567929790486,3.9256237548619723,4.171337146360857,6.071722091927749,3.9488232506713,6.834328956703241,12.737306209891063,5.885294607924845,3.404196829469434,1.0603667773229712,5.629315973802408,4.002622178308119,2.7741381162066356,39.4576935641947,1.0429441833541029,3.646268351986935,3.3583145441765674,2.5525834049389213,4.824310014863468,3.7562682433949557,6.472770330900378,5.596434580926832,2.120342750745729,10.603621538725308,4.640252682428357,2.5578484251606097,24.85539528749598,4.161955577151301,2.8054732991025735,4.182807732407438,3.253241800152561
2021-08-01,One year,4.509392581291121,3.892895489486245,4.203696949920337,5.504568772042321,4.013306248718764,6.793559339472205,14.128143057941594,4.520537217588781,2.2119134059432612,2.5458435538074133,4.774284104500478,2.7973950384392916,3.277260309333789,38.91176699115341,0.1777899343544879,3.711940742946479,3.0627549247343198,2.4217829558842814,8.794172654788854,3.807438179647911,6.463998512527312,5.7240347419896365,2.0712171256151324,10.55597619298632,4.525173489823473,2.3931293137607184,24.55460801283404,4.354551420268113,2.4758935692017685,3.9622731842772927,3.155474132173038
2021-07-01,One year,4.383331102143857,3.844211288677975,4.178822804433022,5.442649353263875,3.854591622401259,6.999355951218498,15.703462774185883,5.3820398780670535,1.379047448201637,0.7249645572883072,4.569674160641779,2.396072261293202,3.7293519008675156,37.89018025228555,0.25218708763012126,3.6740707584997834,2.8270007417786234,2.5514796894339944,9.006016422678192,3.96180798216951,6.588239684301851,5.565815216397573,1.924361249451419,7.443761219111645,3.9274417042241723,2.58864657899117,23.197015750207253,4.232232608389318,2.332589083120049,3.890094276223567,3.181331088063061
2021-06-01,One year,4.217895847319469,3.7842490317027764,4.125465178096758,5.352508104505193,3.6519378393559356,7.302084966295652,15.676102514893453,5.612428520014386,2.366467663950251,0.2289945640542724,4.273623004336122,0.9584304292264865,4.67344736239658,40.79593861235922,0.3198367459063775,3.44904961807082,2.6701412146848558,2.6534947550475554,6.413892234178936,2.928638497652582,5.60978808716344,5.861400756666964,2.1026829315000266,7.703463245039474,3.992624968412782,2.5747931548859886,23.82249313706418,4.018433527155522,2.260344372788559,3.6246452792073502,3.023443195334383
2021-05-01,One year,3.970483538896702,3.4357579356717336,3.752009140378396,5.080393032603836,3.4197416195220764,5.598833576338269,10.122538596196257,5.503021542291553,2.5515921980596925,0.8736846607921903,4.7680593126941195,0.7084705149854295,5.416652868386496,50.84380057023967,0.7586627095658381,3.28209934395501,2.468239897853263,2.9648326395298423,5.456627933157774,2.107868877053489,4.78649229261674,6.002936420911771,1.8866299928246775,5.989326332531695,3.763123636125239,2.812993039443161,27.20219541943353,3.7842996447199426,2.049699055736157,3.481089010490556,2.7760167521564565
2021-04-01,One year,3.5776883221941906,3.06827879148168,3.313953488372095,4.102938344431945,3.3259360953867487,3.927715862930945,7.101716050115776,4.457298058545415,1.6181302860240145,0.08567787261842105,4.2064436158621294,1.1281768585929606,1.8755447472910536,44.39190537977842,0.9123496194451285,3.2478455769718617,2.332771995693341,3.4083808297513722,5.317246664439692,2.5132937276273424,4.704236270644846,5.4938415059260945,1.5456616197385247,4.910607866507752,3.7136074910162207,3.206551138801323,23.75539440316769,3.716017808089421,1.9977913864069936,3.136682863684226,2.469207026855509
2021-03-01,One year,2.6354403429525033,2.1341463414634045,2.169425473627344,2.464484497759548,2.7302504997794457,1.5872687602758961,3.459806062036546,3.620178041543016,-0.7565643079661689,-1.1171993262691104,2.9929211425177074,2.981871850391787,-3.1086583576197224,22.170872356958814,0.3422266366398842,2.6973289315726334,2.1750555519699137,3.725143530664244,1.4415752222629263,1.8675096725488338,3.3062126698960643,3.442588593349923,1.5281812342412244,3.135778942353499,3.576944810698801,3.6779948783851024,13.952758456600748,2.9490616621983867,1.9624339301717368,2.3874186216726367,1.7612223939187515
2021-02-01,One year,1.7863119543285642,1.6464363820420052,1.5661571358395747,0.9048197328342974,2.219969399153309,1.0122876463796793,3.2411736335987475,2.4994738477265206,-0.8555901136728349,-2.877028199107274,0.9085219160130674,3.284728449452211,-4.355333060890878,1.0960053250175508,0.27621050976075445,2.2375037526268438,2.142289421637306,3.732480195003048,-1.726118701518185,1.713054000907576,2.0409877372753216,2.029922355698811,1.4725325260112343,1.643580535446241,3.1671521081356215,3.6662405053771447,1.885468902560412,2.273627804298191,2.005995984340765,1.5701225367802316,1.3710985099258342
2021-01-01,One year,1.507321274763138,1.58936721942071,1.4967430639324506,0.4589844720188395,2.0119645578192995,1.3196981772639351,3.7286728218105525,2.7039274924471326,-0.6166243711321712,-2.697818919604374,0.06714021601634973,3.4988558799945264,-3.264088873402546,-8.155716660429409,0.334661510981995,1.9690774942431495,2.0441809845783294,3.2935474329984427,-2.225801866679291,1.3932575779043463,2.5111476179300607,1.0712682019372606,1.4089370150484775,2.7974903881099458,3.1599761582637194,3.256208472739266,-4.169237711938554,2.026790694156911,2.0032161727544153,1.2800184507164005,1.3392556699643319
2020-12-01,One year,1.3345221317840565,1.508790092214488,1.3549035525145938,-0.06958942240780136,2.0164787510841378,1.3627138300956825,4.101386593295663,3.5263895375992518,-1.0971370369550293,-3.644070477335277,-0.7809837278826837,3.973867766971203,-4.2935622141972996,-14.307734940593722,-0.16202999027819276,2.067529236597343,2.2651677041717018,2.6085959447321687,-2.7955249019072834,1.8747752351749938,2.9034786961737153,2.337148899002438,1.6171779377608133,0.834600760456274,2.581824034537922,3.1964074686835264,-7.508172035112211,1.9502723182571606,2.196961315779765,1.138857868997644,1.3118227787141774
2020-11-01,One year,1.1862647081442694,1.4535218844868052,1.2609436739753688,-0.5108086309731306,2.016418870351459,0.6194726751736781,4.184411948655333,3.5782418669439107,-3.101336669519977,-4.942032752794385,-1.0870522391710655,3.7059597964276643,-5.00631776310426,-18.418462309399384,0.3697677858304984,2.0841406818589947,2.336344166123476,2.6215365781344144,-0.09881707328773866,2.103684295465125,2.6713804968427497,1.195167646488793,1.7687048516086545,0.5715765346734089,2.410461783741726,3.089098800102115,-9.732209737827707,1.9153810324996918,2.317134037007589,0.9889335919032788,1.2723554492311873
2020-10-01,One year,1.187486166844688,1.4217326104510315,1.1739976946249924,-0.5878133343960501,2.0558906807829547,0.2076160131558643,4.500253325518325,2.583875410956846,-4.892982990385866,-3.032483445435113,-0.9983328429930379,3.787334900325527,-5.297723292469355,-17.080824667031568,0.20017552336531833,2.1621621621621543,2.4555279711795124,2.630167940100726,-1.2331742037942364,2.346821912578739,2.2275800122913956,1.7281967485529122,2.1495988902792815,-0.18124409764287064,2.1786368337650814,3.0591756326716073,-9.199242782773316,1.9256933542647836,2.5372996015197846,1.032531004906698,1.2828185328185404
2020-09-01,One year,1.2763537157895732,1.4796915464076246,1.2483994878361135,-0.4420407715257869,2.1129032258064417,-0.07294770368848037,3.9881053018926,2.026871554768561,-5.15383278289588,-2.446156264738252,-0.6243056443129108,3.6627042358942985,-6.437155834237716,-15.06109348551978,1.1512162202395686,2.2072144706763903,2.4598060213806803,2.929216215956391,-1.226310991699857,2.64269801029424,2.081306955002604,1.155590722152196,2.3659720128752513,0.12684787792084865,2.5678894711767444,3.480265163060039,-8.022274012378697,2.0064434955009816,2.5263216533897865,1.1719052411550654,1.3960323291697168
2020-08-01,One year,1.1575190508343811,1.3931038469319903,1.0973870351144448,-0.5004486093111309,1.9551586547596356,-0.11202006084026234,1.9099156453923158,2.6549028277428404,-2.9777241446789127,-3.761439267886845,-0.6900952193972739,4.075572217837411,-6.302656508243631,-17.143987050730242,1.1431563762832069,2.067681670101715,2.5355863543444492,2.950491427691299,-2.3830114346113094,1.9861011262880448,2.0482704969356504,0.8687329750423347,1.995068152693092,-0.32861114029977,2.4585079071188,3.5259437337225723,-9.84966698382492,1.7697848590373555,2.7488081048867685,1.1251730849302395,1.396104838475616
2020-07-01,One year,0.9225840072571492,1.2143366963097284,0.8574980092062031,-1.123673786253165,1.912300564176241,-1.240318030264159,0.4892728667802653,-0.05793453397659917,-3.241484052939915,-3.468010326272898,-1.037940193474402,4.102695662469906,-6.761017375975828,-20.12515757248334,1.3593175670989663,1.9905844310238274,2.6065794048279045,2.848876458674904,-1.7691448812228023,1.7616022603865324,1.6038066711532881,0.7581130997890617,1.7848819142324366,0.37184696772215486,2.5148268605318447,3.351175683425731,-11.669561135883606,1.6773491006696026,2.851861878401457,0.8891557862926721,1.2261501210653805
2020-06-01,One year,0.7595377063120882,0.9704519119351057,0.5510846745976139,-1.4765728386217274,1.8400228811135404,-2.5094754860007273,-0.5724508050089521,-0.40424557420792934,-5.642838018741639,-4.243132191858028,-0.921174226783851,4.957740367072005,-7.426581895246755,-21.69737178784223,1.334194959487014,1.9434224823195134,2.652424953139867,2.7684936535229223,-0.6704675908507775,2.627851175161173,1.4146865172489187,0.19786234698028646,1.505505933578912,-0.16396114791980906,2.315448773808034,3.293138099339652,-12.352461966921172,1.559120231236007,2.8948205828949978,0.8224465846159804,1.082066397766056
2020-05-01,One year,0.49016290423936854,0.9973783749794487,0.5334371653849915,-2.2377469708547055,1.813961485557085,-1.852154714203939,0.29460194020672853,-0.3471214925223913,-5.041547077730119,-2.870912792388545,-2.429248741385209,4.476596919013218,-8.122718052738337,-31.784371960995617,0.9083516788639622,1.853796368773752,2.820253690603251,2.680695510898779,-1.9692331314837448,2.7605677230374868,0.9617488418108749,-0.47076015278895367,2.061241627121296,1.1768697591003816,2.6327931253244037,3.2562864152100546,-18.2910399557073,1.459112261528129,3.1125007041856776,0.5014548981571388,1.1012702482228183
2020-04-01,One year,0.46246130030959215,0.9954970222243799,0.5289459072445195,-2.12882041921692,1.7090829101273024,-1.8994778734839373,-0.040559122340159286,-0.07639265826348192,-5.187144019528071,-2.541541416165667,-2.239834260082662,3.92737904739327,-5.856312174564896,-30.4453469401923,1.0549611956888532,1.701249175658757,2.826403739520443,2.221103874108415,-1.990389893017754,1.5304801449928456,0.862956747272867,-0.3298403609713563,2.184798341352745,1.782837399794254,2.4748334246733372,2.7415506386730204,-17.67571329157968,1.313806969222944,3.139237170074168,0.46585207255645034,1.0945321992709647
2020-03-01,One year,1.1662090444265474,1.5272953094374022,1.1562893357922799,-0.9769588921166772,2.1857137376759854,-1.5173579640925985,0.36718981344388496,-0.5382529789000797,-4.939185616076152,-0.6650147192748376,-0.697052519810452,1.2147062003085944,-1.984380223052849,-10.00156432600554,1.1267577619985238,2.2164276401564513,2.9179556280958687,2.098173560295794,0.43191942668990696,2.0885917419702817,1.739762864005663,2.437180300937152,1.7659053435710337,1.5727074764093878,2.220981390736767,2.4269559285556404,-6.43064884375266,1.944933645138629,3.2908283744214546,1.0726731169817236,1.4814742665679534
2020-02-01,One year,1.6890972033140095,1.6976972310441663,1.3490955593084715,0.2784903626363718,2.3538906449660395,-1.5766725512875164,0.3228928035389823,-0.7460385353771473,-4.662058776974628,-1.293575970181982,1.2235443188342714,0.9018578074135284,-1.525212282184399,6.461194971606083,1.5157411565134873,2.360420227783431,3.0298990668444126,2.014570179698881,1.8676493345713376,2.5259280798681734,2.684158577137219,2.2573849538879145,1.6071724084223198,2.2061251043831116,2.2998148576718402,2.318065521420475,3.321253672869741,2.1322927205280227,3.36223643686329,1.590212873895153,1.5838515370669992
2020-01-01,One year,1.7944821136310487,1.5913288616700696,1.2051840493793349,0.711384147439616,2.3066485753052834,-2.042037170348886,-0.005930729084295654,-0.7932543409195325,-5.876190376415627,-1.180008771746617,2.1326920019080946,0.9357048384231277,-1.664835884670813,15.620157378896735,1.2108269183014733,2.3629244075852216,3.0259365994236376,1.9939277164710754,1.3307857012549287,2.4383871810502584,2.5886726311430435,2.7571919581901327,1.5515730008765982,1.0524891513400274,1.9768832973139923,2.2974875147027727,8.349132855688831,2.0677344654573533,3.436968320200743,1.7025185938095606,1.4483848314606735
2019-12-01,One year,1.5637627676458932,1.5447510585486963,1.167360825951783,0.41126794306135694,2.107097134386394,-1.7168910735912208,0.5373187792913425,-0.7397702076194261,-5.614478730185273,-0.9452289438502687,1.5074234426586064,0.7063991451976859,-1.3592605299804175,8.211745523038436,1.5881725042647208,2.0925131323238073,2.8023993275769823,1.8451118161116418,2.2897457121407583,2.3458990352950266,2.390692546493756,1.521444905959766,1.1848341232227382,2.4302850911357,2.2289972899729107,2.148720424915508,3.8405797101449335,1.8660568693856652,3.3609361450719937,1.4909623839765613,1.4560023452386859
2019-11-01,One year,1.3582773068303668,1.4977183197472614,1.1143970700562147,-0.24137794024157166,2.1081806680894966,-1.2750455373406193,0.3406747751247634,-0.30992463196450654,-4.553310498695906,-0.17852138623931937,0.2855404662846346,0.9481681312359939,-1.5598198433158528,-0.9764828893969233,0.9757554637327664,2.129487513635094,3.007050021581704,1.8984689452192376,0.3369174937189035,2.450908878709184,2.872590777369346,1.5968120018752825,1.180994501086092,1.6553741165001152,2.164997430701651,2.333884873290958,-0.5993820036484173,1.8018366734727402,3.3450502426164457,1.2800844269423592,1.4294799667335243
2019-10-01,One year,1.2885618207515013,1.62358595627455,1.25443810196355,-0.70240003165746,2.222587920970356,-0.895349074092942,0.6992657209739681,0.09258234293707295,-3.923596961432776,-0.4195266825200787,-0.6033785298618758,1.0635020027631106,-2.125666450744925,-8.12862997510874,1.0945739834318573,2.197089895901862,3.110264256981734,2.0499491909638077,1.608795396220547,2.160602160602169,2.870231680510444,1.546812160755961,0.8915813580222762,2.772467476446774,2.5245155265001156,2.4271938844803262,-4.87809269996758,1.9328497168127952,3.408622655793319,1.1953982543080266,1.5746024275937747
2019-09-01,One year,1.28395399246226,1.6320140893302737,1.2462803099496238,-0.6995432161152593,2.212998700517864,-0.8091802209449238,0.8212172866740225,1.378324103937194,-4.149615236429143,-1.7939850552707908,-0.6456717525934333,0.8251742696562301,-0.2825707930018602,-8.312767671627872,0.4856595795604222,2.174776852776135,3.20466413768472,1.8555509860368524,1.2022102022781782,1.486195437136361,3.1391226429795847,2.2204875479647788,0.5760729235945372,3.0750476789681684,2.3562915715762545,2.100513458845506,-4.888396304405099,1.8869756917130516,3.5037478377858937,1.162028017895425,1.5512095507383095
2019-08-01,One year,1.4304164057608049,1.7458045796737685,1.3980441156215015,-0.43277152442776173,2.3004480382533354,-1.0645545037671167,0.41553460124661484,1.1989627294452658,-4.488816896143535,-1.5692014780997627,-0.11276168063930468,0.859735710874069,0.9758927026834393,-6.305902628177508,0.6283617852633303,2.2670538983808175,3.0367443163702075,1.8720825324598969,1.8955489846671951,1.9057573211948422,2.716872283614971,2.654599731705937,1.0744880236289227,3.0182254763029515,2.3532284849076794,2.119886601654201,-3.972662817045537,2.0564150998510216,3.425627196995235,1.2698817391986523,1.6152817649140752
2019-07-01,One year,1.4539295260287648,1.6391192674940662,1.2596737238551383,-0.37184305248440735,2.3058205178119526,-1.1540060641091998,0.3901443534107626,1.2889648822833102,-4.613092158364203,-2.106000324780776,0.024508842790470442,0.9371856543866488,-0.8994170260341762,-2.5558684951699058,0.3090775377154172,2.2622277983641093,3.142051346662665,1.675802355340704,1.9158516367631655,1.6192196884613521,3.0918063223726016,2.7456510628631965,0.9618118535222261,3.2669259622140943,2.3417002780279694,2.0205172212037317,-1.4651879121997142,2.0350678843286065,3.4734900074376767,1.2940887907775351,1.4861703591578372
2019-06-01,One year,1.4260651383430185,1.6569813098790662,1.2746941226265605,-0.43293045373488964,2.292786159412515,-0.38972110583363817,0.6300630063006397,1.6517884253355102,-3.212264444306242,-0.660613586856946,-0.45798837414127525,1.1249738204230622,-1.7500371820931047,-4.573043114273754,-0.1974519765042192,2.2652396826325245,3.1348358266951664,1.6446237984427732,1.948307401797841,1.4835315287122477,2.8835909015375925,2.7825293648078566,1.2417959794149196,2.900752814420897,2.316171067457017,2.1168054415386393,-2.836683602091151,2.0212475100574085,3.512885099786868,1.2550452228736468,1.499822855568241
2019-05-01,One year,1.465553604535957,1.563175476517974,1.1799235708939129,-0.30273949563204033,2.2893155503444267,-1.0898796886058062,0.8351753868312283,0.36344286818671023,-3.770481628599797,-3.0872834522814965,0.09785214540829644,1.2615148158128444,-2.9785391677408577,-0.08665966386553706,0.11416998421475363,2.2947425982345075,3.021250924376279,1.663487818786015,2.720739725757327,1.998034398034399,2.4301597045611776,3.1019357299513683,1.182607664720356,2.139731073133059,2.144329896907228,2.145653876272521,-0.22373012438657897,2.0565904821540424,3.4249701395430145,1.2929340564332197,1.3793307144755849
2019-04-01,One year,1.5663384627478665,1.6367788035668556,1.2686073926468135,-0.21084933676499096,2.394382748692631,-1.2322131395700915,1.4899149624007397,-0.41242066908245606,-4.246201791975078,-3.607863653741673,0.30878114768560955,0.7684191666832616,-2.6825060383496857,2.261110322305837,0.2307768825226294,2.3817212192377433,3.086287286135119,1.6767857670015582,2.3859054116672764,2.8544093424206314,2.9590213827092575,3.1835259701150065,0.8959583201768249,2.6724859500179385,2.3932818776088953,2.2937353578325217,1.4293276866066715,2.176876084760886,3.4259178130202455,1.4083813947995312,1.4656422294331775
2019-03-01,One year,1.5218076513927759,1.616067995148848,1.250778031358374,-0.10633751726742327,2.2786796802197338,-0.7188498402555895,1.312026240524808,1.33521229571354,-2.8612523758154795,-5.130549220924041,0.20590118713364186,1.3890134417441442,-1.8931488879613627,-0.6054785750217149,-0.04175116306811562,2.261653840498017,3.047963623918256,1.6433869949494917,1.670884081801446,2.275033746169698,2.690671095431362,2.6778354961759008,1.3597436759557762,2.673026283102298,2.341964215338545,2.2356465792446305,-0.35400067968130494,2.036587880632774,3.39674974607392,1.3745670557819647,1.4606186382053647
2019-02-01,One year,1.400173542636272,1.7441056147354699,1.4106955471518772,-0.6682729012363965,2.367323655533259,-0.4816284493987256,1.3368555875760473,1.7046719138862496,-2.8868028939763413,-4.041476731954107,-0.7613490122110613,1.3587064874995012,-0.7568344749086363,-8.83224921456702,-0.2677043111341022,2.357081072580007,2.9436270425517317,1.832893162012729,2.2195418549240116,1.551272712955497,2.9142586638789703,3.0657737291079696,1.5139087899599888,2.6032897293096746,2.371127914552513,2.293501254489092,-5.577493965652779,2.187804613884972,3.3687283270967683,1.25354380488575,1.6345048936085964
2019-01-01,One year,1.4318323303589937,1.8444266238973532,1.5552006982533868,-0.8117978643166188,2.482248520710055,-0.7017437880069296,1.1356365962891974,1.3025392937747242,-3.4081824713370588,-3.4452857963883496,-0.8650075860574178,0.8310194169925992,-0.3034230541238475,-10.723622153348604,0.38188489610337373,2.4695861348265824,3.0301242724555544,1.8110844710404848,4.059508822412727,2.0822015231284285,2.6432588990045836,2.7686918148915067,1.7713589009050148,2.781392484280163,2.409864735349616,2.2869145883257778,-6.0091351609907955,2.3150204847228384,3.254394315605589,1.3009256967476928,1.7657743501176295
2026-08-01,Six months,3.567415284534947,2.7442711148223387,2.562235243047306,4.176681269174698,3.2958275685556426,2.2633018799576687,0.15470709892821954,-3.5363495000716783,9.5794633316157,0.7834642483363741,5.221012957847004,1.2247526447706658,2.722803334970436,56.70206971234497,-1.0721498235691795,3.517096446209833,3.5956954937612418,3.056803297909716,9.781553900330021,1.1397973007881035,2.847940829860862,3.7895743025517126,3.243866419822128,-1.5594765941307154,2.3119407993993812,3.734226590735168,30.66133788283858,3.204199862109225,3.5963773325862425,3.7629025728523224,2.8148737865343554
2026-07-01,Six months,3.6447100710041314,2.9259049713080465,2.7769207595401246,4.745613012913741,3.155955230908103,3.456078206819213,0.6431513765865704,-3.0099656721615298,11.049993503499046,4.2899053746309646,5.4425932087508455,1.7016274309302082,4.551225879481247,47.86982262931194,0.08762396868511324,3.283114385943109,3.7388426013512444,3.0101585398619957,8.606515359426336,0.21466098993485616,2.5867854090447118,3.6103315052593787,2.473283435759299,0.3463246825317068,2.2907593741463117,3.000605072423035,26.75968318239006,2.975819662190249,3.6293730324940654,3.8192674586814634,2.996713856076294
2026-06-01,Six months,4.170106432280463,3.4798418402614884,3.464123199233593,5.026847716324845,3.7888915940944345,3.4070076380162684,-1.5613759621774803,0.5074017322708846,11.591371665275908,2.351811290801664,5.9065908323418626,2.3407760741644967,5.637700890613462,45.81020502257927,0.4407821996451622,3.8597033447933526,3.6732938120386915,3.7821271777764176,10.034750062142873,1.137351968728284,2.9519822782059446,4.821803752702736,3.133004342890122,2.2204264501154425,2.9502075995743615,3.2150899227110674,25.912046049096205,3.852705488896313,3.5590067409450032,4.254302891576578,3.451011043275143
2026-05-01,Six months,5.054295037001144,3.8570678336924846,3.8843330808227883,7.101683607273679,4.145212324421443,4.411848989155054,-2.142641943879764,1.8143681740634188,13.349563816952115,5.514641244712526,8.573428380512338,2.669374528699464,7.039462267223229,75.85946665145337,0.4489177154401114,4.135975643335277,4.1348424935719,3.0939515245847815,8.723095803082392,6.197419047596653,4.9132668857788,4.993763333618584,2.0615320100268786,4.343999810695687,2.822067056925115,2.2824341248423474,42.665861653893764,4.167490461315193,3.72614774492821,5.182542334888929,3.7856054635990066
2026-04-01,Six months,4.561387171457731,3.5380064373479847,3.5708734422930766,6.36953902656805,3.7551392215101176,4.16122566836632,-1.5992245817151196,2.6954768507828852,11.381846784802052,5.0235388514833,7.572974454049319,2.5180747242985912,6.241847103262077,63.06803721559324,0.980382058249174,3.8259971352657463,3.9159031855379833,3.0270169280279813,7.399864422276914,5.695776736051195,4.563396340841797,4.803698852538729,1.4642220727166144,2.163565076164997,2.480108109500345,2.590344811784351,36.597537905836305,3.7262421349344432,3.3899165817818044,4.7323370492563965,3.5454550705640298
2026-03-01,Six months,3.9632429771983224,3.32000216262327,3.479077122074714,4.870818097728558,3.5568069547499137,3.5767559950385497,-1.0388725953576872,2.964306025217067,8.921880372177448,4.164201266943657,5.573754605579606,1.4938915090101812,4.69066181723774,43.382451897390716,1.1815739900547184,3.7262107840120073,3.0489732186607332,3.7444266031561257,7.488559213958568,5.028964924361223,3.71517073134755,4.548846048088184,2.2897007880688935,-0.15672729694546916,2.563677097534134,3.5520715390148005,26.01946474391914,3.764345857796969,2.591986163062465,4.125440419860316,3.387034551306156
2026-02-01,Six months,3.270860956932231,3.2715957168570897,3.4630612098606406,2.928429474229155,3.4256886956001376,2.9673095896878054,-0.604785857724488,4.958342516729175,5.874643277003533,2.0208668499430704,2.9010812906422823,2.6203356218062135,3.8125558164640694,4.436588385220808,2.478949845252054,3.486067133618831,2.6918693175065567,3.2351530376868443,6.204864367434215,5.011623428685774,3.67805651745039,4.896322398845232,2.4583033923998077,2.031824761552792,2.7671122307825424,3.0169087866785294,4.4908786295435155,3.707208522826333,2.3943235226526527,3.2414958180209785,3.2384009126539715
2026-01-01,Six months,3.079149945857651,3.0410637462096046,3.1226827599721396,1.9506303127186708,3.5884779467428185,1.600086886826202,0.13773939496144472,4.133661125972488,0.9586170117473758,2.516973234448794,2.136344815150415,2.856375544420686,1.724765309195675,4.807493168981081,1.0247111657153418,3.607728296653434,2.850899878217139,3.122512086148177,7.141707552174825,5.488858243331851,4.009060684349186,5.648410662643788,1.7308424051436955,3.156551185844414,3.468510140465697,3.5746723469659347,4.482591868238339,3.860518877475627,2.6567277723170024,2.9218403866926312,2.8510170437720195
2025-12-01,Six months,2.740850655959659,2.6044857385511877,2.5749984284838323,1.8684355997117486,3.134609074908057,0.9346529759663103,2.058981791616632,2.4917434946529315,-2.6319506251167857,3.9853298837844164,2.369715025339869,2.3130520164860835,1.0773460366089394,10.050777432820901,1.0854219745315419,3.221102238920648,2.8532920787874394,2.360816656758802,6.148721827569847,5.013785930214643,4.061702943963841,5.506391550332235,0.9544368138820092,1.2066602331609388,2.621755059326736,3.1328695046560995,6.991686068868752,3.2428652407917813,2.7446937185726883,2.6688543335491977,2.497461633074538
2025-11-01,Six months,2.6067965337495336,2.47100736534116,2.4165791696185046,1.8622435297297235,2.943219585067469,1.1009987685954625,2.002073320863862,3.4462894711536407,-3.572528834105271,6.095791303327003,2.2692218178597123,1.9738058640908829,0.7289057769197305,11.023967241097289,1.037635848761509,3.0763303261842845,2.788941553814861,3.1665438215999986,6.420390633273687,0.17323247852663037,2.455692018349942,5.270260157863849,2.0243587303672372,-0.030787249880370737,2.865588916113837,3.9220054964265394,7.299593200168153,3.008710105854173,2.723799560765361,2.598577803658042,2.4376108249316353
2025-10-01,Six months,2.5958338159151495,2.6317302798950726,2.5574268422072777,1.8502999545323418,2.931548047262389,1.292184042219402,1.5658040225694947,4.254362762728814,-2.398652106892041,4.402251953604086,2.152454432076878,2.341515253342741,0.6701636869197669,1.9573580549236524,2.5075578699087275,2.9758632931626394,2.9568387420402242,2.9912505610815376,5.435518356983859,0.25454646680429516,2.6786920562016814,4.735795249036112,1.8715231401470689,1.9751873569195721,3.1026206214439966,3.5149214494995418,2.2189936230909257,2.931723092754601,2.9779700623356664,2.5257859980081676,2.559194876802695
2025-09-01,Six months,2.771002316408322,2.8908898827985086,2.7870533840456346,1.9444583851297992,3.1447211793659946,1.926823608682371,1.3280246165905396,5.268213954383527,0.1890772835014154,2.035785525198186,1.9499478238382828,2.079321042035054,1.3074158436552796,-0.5466086859076014,2.6761085031982157,3.178784300529669,3.394483260760861,2.57129248888901,5.0802303540515625,0.23461661626740238,3.286093977175941,5.622753702823147,2.214728075232153,2.413251495451152,2.658192892504596,2.769880456532303,1.2801697268191692,3.064596709794465,3.3673172918601946,2.562904758266815,2.6728826943884565
2025-08-01,Six months,2.3335653882776475,2.647654871166316,2.404308226829599,0.3850586602205386,3.227724377389607,1.7623635514882885,0.41821974064544243,4.336766400747982,0.07354546355158309,4.9235122130944164,-0.34150602540842234,2.078472725275038,0.2819347833735053,-13.278689481773554,0.76389729111456806,3.348969768677912,4.11389261902968,2.8639858307018207,2.4358954629443375,0.570198954037382,2.575848371427658,5.358406099888113,3.142789435107751,0.6155982184570252,2.3685508690460377,3.0332632302429996,-4.46247825516255,2.922051602050524,3.765323266500098,2.0753106974324087,2.403987169404087
2025-07-01,Six months,2.3787781935125096,2.835019425809149,2.64799498585635,0.4604785501234776,3.258631892631847,2.3134872320794253,-0.48097133951809923,5.17663531751944,2.889342241073334,3.4699986087485923,-0.5175880295022472,1.3527466516472186,0.9629329618379145,-17.61416116951078,2.0296933170892206,3.4437719793425803,4.324138721066473,3.1754926377574932,-0.4030959010384527,2.6069278132565987,2.2567305500656776,4.902444263648098,3.70407842043754,-0.7085265672498231,2.114251751331042,3.1881544970494557,-6.170902916795606,2.9043202952779845,3.7045941565424956,2.164441227115743,2.6701183444187038
2025-06-01,Six months,2.8134731246239664,3.140265724563185,2.9941570902672687,1.4422932820236545,3.43698147951228,2.8942176606739034,0.39467782645439264,5.449965447117955,5.138836324427443,0.051405159201212136,0.6709846441218081,1.8849815422733673,-0.5398567489668382,-13.516990412053486,3.8277816893271366,3.5231767874965625,4.564082514322254,2.6379463292834693,-1.0014206144105975,4.058475063685285,2.6500304510258754,4.6749894782517565,4.369686912633153,1.5688386966409507,2.767444281158049,3.2077516233936176,-3.041352279615439,3.066565986759251,3.808097345517103,2.5131160172851663,2.852325216555407
2025-05-01,Six months,2.8141927651714305,2.9720218272587307,2.7774727413721445,1.085863452771929,3.6060921019820835,1.3743071372449567,1.854575376248535,1.3930912394876316,1.6927548459644948,-0.5966433113096636,0.937849400108659,1.8370461758226764,-1.4110284912057125,-7.193674254779026,2.971885671053953,3.6435117551654628,4.599586356889529,2.402149262754194,1.4860403011822676,4.724465040170034,2.520937534305445,4.569655596411049,4.598122061706622,2.881407289656668,3.0122692849859245,3.0863245605194267,0.9592850871988912,3.2701872977120905,3.87238413304567,2.4022085252095593,2.5283117987002113
2025-04-01,Six months,2.71902777707016,2.777961882540736,2.54144803330838,0.7679059412335265,3.6178185294666765,1.0334969880580802,2.8914873383857342,0.19879812561605092,0.1644285828159564,-0.26049267198665627,0.6280262981350981,2.03847770227088,-0.7896622607909798,-3.3691480512223038,0.8170223678614308,3.699744517370962,4.506036512083966,2.4890919109156417,1.8177205470814695,5.858804828258579,3.256021952635746,5.235806078507288,3.15440491954575,1.8589376447902373,2.881503515023476,3.2865093183083616,2.6081769239779007,3.3276661806714625,3.867923330202183,2.392530794684755,2.413500779463651
2025-03-01,Six months,2.7950261845169466,2.743285332644585,2.465990442475041,0.9825540982479675,3.6342040844803414,0.21110361767155972,3.5203929519387334,-0.8575841645309112,-2.735885393169313,0.4985297933150612,1.4033142859178227,2.7074373995024104,-1.890882325597265,0.19373073639383787,1.6007457672033265,3.6559841077903554,4.57006302230476,2.3919127251518457,2.8152124364822395,7.442468005049219,3.181187363557525,4.62306138943418,2.3935524691035104,3.2166949851299975,3.2054126910751712,3.2232805674524245,4.173385717127598,3.3307951364240473,4.031931009079326,2.5458449291281937,2.4482961430243977
2025-02-01,Six months,3.056313987229209,3.055433357981907,2.8537533126632875,1.491111053527483,3.7814087216248904,0.929844395083057,4.896068837934231,0.029022310748749724,-2.6043422897669366,0.7200005804582466,1.7907607413520488,2.3128320099367494,-0.9598151270883037,2.1138581972224735,2.133296819508801,3.754512081244288,4.418899807640542,2.9143182116015964,6.145867982409303,5.897956465905674,3.5292168155566683,4.425737311733657,1.6722301229577186,4.451239978980137,3.665840867931336,3.3939111109702713,4.449514961915524,3.593315094612204,3.99178615123863,2.8410911848243625,2.811392299165094
2025-01-01,Six months,2.8035111944188618,2.8473170314126994,2.5487550911719614,0.8049662611455455,3.7357878909751285,0.15667691474012813,4.413289837990764,-0.4007848457587393,-2.541146332169286,-3.270418681466958,1.15607913233009,2.2408534422381,-1.3306724728085806,1.763676614469345,0.8370844409630429,3.6635177533123064,4.286681498929235,2.6697533654584493,7.001550885545926,4.488968168984919,3.4863560903005686,5.268122421795596,1.3289675242841303,5.3280214465296405,3.747796412478799,3.1703510787886247,2.7874213570218798,3.56368605189874,4.228403100246769,2.5387535495751568,2.554827247761282
2024-12-01,Six months,2.411043737822949,2.5117662662269113,2.11252056666118,-0.22982294290904148,3.6510748270520033,-1.093836319814645,2.1403416788268403,-1.5031688347751482,-3.981083199289237,-1.8349815286356264,0.24266047469581054,2.1282668830075124,-0.3109283750386216,-1.3630051171234725,-0.8265078605067644,3.6777313490576224,4.311444785904417,3.0052388183164247,6.942001225986383,4.280633472889406,3.1668587625826694,5.779718169820702,0.6511051199793894,3.112092698666946,3.2498431955114704,3.3194491000783977,0.6356981126919958,3.4366904305568324,4.35970886324355,2.1967020780827795,2.2831800837409766
2024-11-01,Six months,2.1136878706704554,2.6031991453193903,2.2380329329893645,-1.0123006424001102,3.5893052825761274,-0.7932495319771804,0.12627724592761957,-0.3736205925848557,-3.040648309454863,1.429939361277932,-1.128905893383625,1.8347658856680216,-0.8609335764349191,-14.766752568314768,0.0756872329908731,3.5441453013251634,4.115552372348974,2.7981715491726344,3.254241795264501,3.8426412041902225,3.748891203285587,6.292946624627582,1.1395437027579947,4.538740259571172,3.491546389083666,3.093927434804389,-8.174484239778312,3.426960760794273,4.298231321240831,1.7776696152154159,2.300043495123516
2024-10-01,Six months,1.9446536238910461,2.5750160634554042,2.1382774211655686,-1.5103111379949463,3.581693636781047,-2.316512982719965,-1.2512580039521048,-2.324985969531035,-4.980940946649593,1.2994211108474873,-1.0776392729121786,1.3910697113663328,-1.1801328063691496,-18.705996580955198,2.0672806452877834,3.4774196213586572,4.340898937610782,3.045135456036552,2.5679912522739823,1.838152754493838,2.8632897973672744,6.29079144071123,1.61521196825396,5.814797985198217,3.9392935896895187,3.216774750677609,-10.669421550086755,3.321065669552792,4.601304145161578,1.5428624161940574,2.2232416891161177
2024-09-01,Six months,1.718219473461935,2.3842253543304714,1.9153742668743146,-1.5131144856222467,3.2473761242868937,-2.451965815488888,-3.0114840694925538,-3.3836638203787794,-3.1663180393052826,2.3498559825595677,-1.0112851490866825,1.0541218523661966,1.8468117611234014,-18.087024444973576,1.3758754696387987,3.1525590563534767,4.027726785635544,2.6978003683283625,-0.04072321369519294,0.8247585497440424,2.49860624104703,6.279652544568837,2.304703282248277,5.245520438100315,3.725636506548957,3.1341725138858134,-11.385410911720806,2.9813056378000358,4.553588811318421,1.3312155846431528,2.053788563000092
2024-08-01,Six months,2.0954716408526863,2.591220386069426,2.1373544908561026,-0.9050668667073047,3.5156265135749987,-3.0280565134790494,-4.326964991664861,-3.9303453525621923,-2.562142591144545,0.8735176147794066,0.24653355117998377,0.38252367714131097,1.5286749045229309,-8.431867309794416,2.2215695419570913,3.378732670341744,4.0877060731419945,2.010761247094961,1.2225530351969383,1.9212566687155208,3.188975858953502,6.986701145972418,3.081388816848074,6.4806086867917,3.7903368384207603,2.7689714069821347,-5.57814027300676,3.308490307697576,4.695439309783178,1.6721119591390554,2.187050506674715
2024-07-01,Six months,2.4616540886947424,2.77641116987144,2.3472307619227584,0.09067842695393846,3.5809554029076374,-2.691785907007116,-3.5839054373676738,-4.871932832634352,-1.693764389336383,1.1952043964591041,1.6062234602452596,0.8197889269071723,2.766778444732343,-2.7677628082107386,3.191623165474522,3.3924575020997105,4.339494258638643,1.8902049759750073,1.165946088213854,2.6566608137092107,2.624636291977178,6.852853427595007,3.1820404259952584,7.722732727233805,3.938647118348082,2.5331009148214845,-1.4168782159843407,3.31027690748269,4.770979180565704,2.014752366558459,2.3129393160250755
2024-06-01,Six months,2.8851673484470375,3.2961480099939156,2.941869928102925,-0.041796918762260216,4.276896095798022,-1.822226117683723,-4.724826291179351,-3.064829446216477,0.9669454518813847,1.7374650492138155,0.919481194497962,1.0437395989686404,2.6144480319255647,-6.552502951025607,2.4370828524068022,4.05855164470017,4.796147029013342,2.7227347930157686,1.116267556081163,1.7639483877025963,3.392111962705524,7.424151833502157,5.000849207603109,9.047126995191789,4.861162969809385,3.3046722496001157,-2.7748521057772924,4.108652168485172,4.952139115399956,2.34514274327029,2.7471621383489575
2024-05-01,Six months,2.869784266627806,3.14570109225778,2.6974790016942807,-0.010425988506956863,4.24392487844687,-2.126359572556702,-3.5446051579138715,-2.4890434334387534,-1.1322715242477188,0.045511904911688106,1.1367080127872242,0.9563575155094428,2.9585447629354444,-2.021069069116266,1.6335131009723725,4.163154751008258,5.1197664329235115,2.7561889181134225,0.2700691109028597,3.1804043150859274,3.3539271160773376,7.816329384538712,4.418003178044305,5.959728835219913,4.027532716054316,3.2858993618728682,0.3141226691533161,3.9476030215102265,5.228149918217029,2.424357237446073,2.680394097822991
2024-04-01,Six months,2.869993774094426,3.235503453087696,2.7669690043437223,-0.5469915933680625,4.5259913655078865,-1.2637608219194796,-1.761996949678668,-2.982548818164299,0.39279100735198913,-0.7885546224526419,-0.1615542254584712,0.6720000160762352,1.4902694167307828,-5.3541805725974445,0.13299462562355036,4.4957009756752875,5.5313940635592695,2.5344225978698898,3.1634013288979634,4.720977812555982,3.4213236344529108,7.427602419596702,4.964992551410541,5.146364318111285,3.7674475990754575,3.2398771439003493,-0.9047965303411565,4.188101049844528,5.424746851334805,2.4012565589198953,2.754088702078872
2024-03-01,Six months,2.8034939645489976,3.296958203506639,2.814745596393764,-0.7739915659461527,4.54378789362182,-1.0668263837804948,-1.2852620801607428,-1.9446554949830497,-0.2076900613615429,-0.8977151264328298,-0.6134929349481122,1.3139634899197228,0.7772305327952367,-12.148093755558154,0.921621192544797,4.596655165805008,5.781543214919038,3.3033329507833775,4.141266259482768,4.605070782472276,3.2215834177943714,6.9121763639882206,3.9429057874391438,3.40907606649854,3.7695707634942233,3.8959073265973476,-4.667489564732941,4.118612507044173,5.552282103978978,2.4286643477083203,2.948671955668858
2024-02-01,Six months,2.7789983997933865,3.214406320421981,2.6713607067525347,-0.7602629904870817,4.509941586056976,-1.0503169083336372,-1.8133289597223157,-3.182386471069376,2.5155676293681983,-3.1876762388676205,-0.6023253464711997,1.7227066246800815,-0.899485143536638,-11.832619916627019,0.9076244350444629,4.430657501628965,5.93303894083872,3.0109330463371275,1.8213373114462028,5.167349485115702,4.012450831864101,6.775545397633853,3.022692955865214,6.195515481034075,4.459886818968384,3.80752791320762,-4.467233622412115,4.017633920984953,5.760465113775237,2.4493557829647905,2.9075851506199513
2024-01-01,Six months,2.7304835957250084,2.8413039607855017,2.2446143598543467,-0.29572401444502017,4.203650926773728,-1.7523701138762116,-3.3012664259394198,-2.110147092600778,0.6693406612719555,-2.4229010945027607,0.5054317498014882,1.62896509281647,-2.4973059378063267,-1.3324639337239041,1.0001013175750195,4.189437524236439,5.845340315458758,2.8981213980499465,1.2432411652223863,4.744152587693051,3.5717865961860884,5.888367953909879,3.1583034496285967,4.469239505233569,3.8487239895883096,3.6037774250017085,2.2947909532759825,3.641759012507495,5.6364843931432596,2.530551843678075,2.6286781476119403
2023-12-01,Six months,2.254908883036544,2.264880418985049,1.5420315368537496,-0.5688458038972555,3.641129164718282,-3.1255314524505584,-2.5716460872699964,-3.918998313622124,-3.4171443090860065,-2.375113895361769,0.8420089992967394,1.5118229509011094,-1.6753469365055396,2.1761809460991044,0.6657396918371639,3.6949853931085963,5.57628388150595,2.6365310144827125,3.4638768201604053,4.999133490502894,2.7612527511226226,3.9367251010180127,1.8585908755012648,2.469260083843494,2.999604049352267,3.1936138285560967,3.526835533129047,2.9588383746840696,5.6606926438312,2.2817966997622063,2.2928559281472305
2023-11-01,Six months,2.5247068446141663,2.4743632784984593,1.7718238074551529,-0.21686040382740135,3.8778844014079716,-3.1311727381134524,-3.0648632232499806,-4.903487894409131,-1.6411640617328582,-3.4454448059286436,1.3943962012386457,1.4198727349056028,-1.0687027048773445,6.0937937724055535,0.8408912901055832,3.7355205928840673,5.702935343897919,2.253247579826767,5.477234327893354,4.076284543465536,2.9412145800591594,4.229141748681764,1.870205695936722,7.035974820948154,4.142679853046194,3.0845025528997594,5.881183999358597,3.2379817935764166,5.791817543636402,2.41789517662776,2.3426295990688795
2023-10-01,Six months,2.8070757229878396,2.800129414916941,2.161876736593915,0.8205807053511371,3.7904058190195045,-2.1898442108646887,-2.42881126099157,-3.422853513273716,-1.1997571418832176,-1.7262765149845039,2.482922796128495,1.963356603043942,1.5073576165104186,6.962728909742877,1.9697048634355285,3.647047903102263,5.332282181832904,2.4609473934757986,3.6535071991341317,3.13794704464343,3.4937356365881467,4.521371529516571,1.9830054848927414,6.995865621954778,4.169266043882391,3.138264450892758,4.637029395590164,3.2565847771446554,5.807358105942151,2.699978317078733,2.6748861436592275
2023-09-01,Six months,3.099833934505214,2.9943158253307844,2.3496261496626536,1.1128586340895197,4.087284528470869,-1.9314229634873281,0.28557326950116035,-4.68272276796805,-2.4498578801807502,-2.0261128564324604,2.7947381059973075,1.6072796028083758,0.6355885321541743,14.979380434048274,1.117681190002262,3.880998177344175,5.320305970881423,2.3597069100629975,2.4932201963502765,3.9988015571464253,3.415768903812433,5.025839432213219,3.720795599680038,8.657941256142475,4.612404385805902,3.140817799672724,8.318731145694569,3.6623879512109214,6.0461261256250065,2.8848970556816678,2.726410429758097
2023-08-01,Six months,2.8353974624852896,3.142491421783955,2.53972982702928,0.5405747893975743,3.9757314329851745,-2.1271531449295944,1.6669020466606677,-4.17470978431923,-5.5737159617837655,-0.7044525675041657,2.0133922358615663,1.0562996114723333,1.9267530538616962,3.8289503931432156,2.4229665634584174,3.935272127191669,4.812828097978228,2.9878684848214654,2.9973625847090624,3.3684267506931542,3.471923881903538,5.392026821376872,3.706762746933423,4.9188747038812375,3.956439855848237,3.615323128379311,-0.08346211835388306,3.6961043341447786,5.992002385017203,2.587356364875104,2.9061982867485847
2023-07-01,Six months,2.7648193451232705,3.609044061913491,2.9663809118491535,-0.371501657980855,4.333652068269789,-1.6004262359348265,1.67831002639931,-4.385607812586423,-4.562660519659579,1.4576256986629899,0.2978001735897351,1.3047962835504023,2.9122017265794886,-12.007355429446342,2.463547151144252,4.3433352262052916,4.940127464288913,3.3489447209342105,4.062283606172312,4.426749503098204,5.177054766838474,5.440042033228654,3.434823033099854,4.223898413720328,3.941459551639448,3.866548847119433,-11.239258347256753,4.136467747439454,6.661915385702577,2.5385883946575927,3.4900003475567543
2023-06-01,Six months,3.473024077793596,4.19453644446266,3.6040401899124497,1.17563083404435,4.622301397847539,-0.02017969092417138,2.597683873677048,-2.420495535506584,-2.344739223649317,2.5508572733683677,1.8179502578282491,1.4710201621599417,3.773217882129276,-7.877937015127523,4.600411487086853,4.438762904131455,5.651212950536388,2.3636064938011625,4.047452574610233,4.719157418631514,6.07521707794747,4.976157685741933,4.110990951503868,8.74559291303665,4.733728704518514,3.2828324601604786,-7.463600106302226,4.2882488170621125,7.010851679343433,3.149847468407274,3.9409084204016676
2023-05-01,Six months,3.2539005057073966,4.409039342264531,3.7388485694422657,0.1964371384043817,4.788998617180273,0.4718728386997606,2.088728769777859,-0.9860195273228012,-1.949028995787394,4.168690325599522,0.052361547146784204,2.2713891899849292,3.7943620264189404,-23.19914453109806,5.1526845897991835,4.720515244658996,6.3167477297489505,2.677510575355102,6.110786609672814,4.646883254932765,6.180362763571767,3.9339345024536287,4.319642693467651,6.376553907631921,4.32965640750731,3.5990085496080626,-16.44597254304473,4.271566700392526,7.6133738298436615,3.1103900529869666,4.439488475367148
2023-04-01,Six months,3.393823538963514,4.3233689737494085,3.558741830717027,0.2398560002068617,4.988275174982149,-0.7788302417625625,-0.45847082149702567,-1.1002486988395788,-3.291660870430213,4.769894259140206,0.7838516322194122,3.028233610881381,3.7551227414165833,-17.7050559550333,4.28211929430149,4.782152314871468,6.5369705251254295,2.1904765095195122,4.691037213257854,6.594502479665554,5.918629192754121,3.8272810213566766,5.269664389048034,9.501873474848498,4.8146173309083995,3.100754016684637,-13.079025327594863,4.455308344649045,7.996957631905621,3.177186452208791,4.229066976070994
2023-03-01,Six months,3.8850409065769975,4.487271178323171,3.711300706172227,1.1791555488263272,5.247610911805123,-1.4968031140726312,-2.7982944029058876,-0.7370982248520619,-2.4946231944337094,3.251412821471167,2.6392017135721257,3.936672873536784,3.9663449723535527,-9.18980086231953,4.938637910176347,5.036416770546093,6.697614125173845,1.836247008989389,7.115822684703432,6.684456327936439,8.626836030028251,3.710980466804714,4.4091246567246944,9.91744996510764,4.328228054133798,2.2965007834073736,-7.6439960129077384,4.737959080086651,8.219402922712572,3.732965475505967,4.412046611867204
2023-02-01,Six months,4.044396748582124,4.5220940437709745,3.627764675301548,1.2280194859170424,5.474779426297571,-0.6975949857293995,-2.298149958264706,-0.19662904585069363,-1.8910614310455487,5.853956264389981,2.2708506304266463,5.386220380160989,3.5660154320015236,-11.665062841802264,3.7844892173965805,5.234015321585472,7.895437202211797,1.4788516028389154,8.155720765989404,6.766090652075296,7.899322875853687,2.828794495252729,5.104809955971579,10.715120511491305,4.289785136883539,1.9353742541001528,-6.983252426600018,4.6363542626975285,8.841277110410651,3.904318955648245,4.440590237690323
2023-01-01,Six months,3.961317925094554,4.866902639639603,4.043158863342788,0.18095607244319467,5.906071533176549,0.16124892020168424,-0.8847270148425679,1.0235586358972038,-1.3188780460194893,5.011763552592896,0.19133323597912977,6.334317196763117,2.773837781037458,-27.042046310445567,4.674846526239329,5.510983814588077,8.687806016778366,1.5077388733397479,9.588401967751658,5.300955906006033,7.868201433850208,3.3983796392107912,5.179014825976069,14.551372617065915,5.43107467044881,2.0990967388797355,-14.910607234680729,4.9332817651425165,8.847950548058137,3.6024677672247707,4.604787000369792
2022-12-01,Six months,3.218289170921884,4.6917939598377645,3.825703236698641,-1.7192076708961723,5.79425766488606,-0.4297432567589521,-0.48744595987995076,0.10874677163794644,-2.722554450004433,4.102054347285122,-2.387554352633914,8.339512822501405,1.5046125249255082,-40.95389149917546,4.3872687713383485,5.532999904046276,8.353821201323841,2.1069055404462134,5.697857404619144,4.691876909704762,7.401548211509734,5.683939597085996,4.957364702711442,11.387022985686368,5.040218382461603,2.663313207095297,-26.56125249851604,4.879981119764354,8.89767932444563,2.6974395671218954,4.333662161577556
2022-11-01,Six months,4.947020402454005,5.2606511646828835,4.528018833957148,2.3228111497278547,6.305815986981722,0.594998295932947,1.3817524780536994,-0.019039459236203093,-0.8970482439342953,3.0034604140440457,3.2540710950713425,9.801028526580048,2.4477770691649026,-16.38829372188355,5.3540874241001735,6.067764796512032,8.680026308168575,2.9371104867414344,7.8963271117205025,5.262339670323346,7.696340708048477,5.845156158834008,5.197405548861078,11.364271788028123,5.638505585755005,3.478959182378949,-7.779435840359117,5.456668552014121,8.808036538237296,4.550482053033611,4.851757781400434
2022-10-01,Six months,5.6833048560181565,5.386157584593199,4.72363101610338,4.30667932940616,6.390702673627935,2.1094844249992084,4.003004487390949,0.32559379989332005,0.7561492617174315,3.3668660439234,5.520364977569803,11.24116356651399,2.616110098490987,-6.415381164145706,5.731907135873238,6.350233090992963,9.421122495157253,3.2977044258847954,9.814098128106718,4.636769945641417,8.30641424232681,6.1532745179891934,3.890646446735424,7.238278644573759,4.841221859358602,3.912062231911295,2.1998000498878456,5.310392328134306,8.60185772378832,5.508624763705106,5.131864213717874
2022-09-01,Six months,5.100798224100145,5.24398659833889,4.620595307796216,2.732847657209203,6.335543875649274,2.599774750954076,3.970979474058134,3.388002024956882,0.10031620784698436,3.316038559500467,2.820563723446612,12.220811796672937,1.628326203212782,-23.38641950527107,5.581511876515166,6.128410225206671,9.736633122250794,2.581355992485568,12.76475261430332,3.9833132538675153,6.85186594061773,5.851739393652977,3.6656985654332175,10.773356209262875,5.531059004226191,3.543550597480727,-8.112717530492263,5.1336247522691725,8.270001192398757,4.817949789034071,4.939509534466469
2022-08-01,Six months,6.36801024377891,5.202939115041949,4.708145970880118,6.157883023618549,6.473461681452952,1.4422403083294233,1.0374189839472692,6.025983344100205,-1.4457381099715505,1.2881632566790646,8.845105834797607,13.83165620855018,2.2929563189981517,10.789915027265051,5.8584458740451595,6.28817633647456,9.229309447253486,2.43409080984458,20.151967626685362,4.790143414708314,6.929907473546648,6.138830383574723,2.963840947099894,10.467650186839862,5.432281160379904,3.5332727663919705,16.512134045957104,5.473374982729595,7.601315463211122,6.346279345142558,4.978818138903551
2022-07-01,Six months,7.174440922553327,5.136668886449569,4.725558243792749,9.123108294251248,6.193924301911857,1.3880111991916078,1.648043367308527,6.207726041049089,-1.729884110004365,-0.4420763823094198,13.621965916580713,15.075557995904054,3.295602270657505,45.95983683267504,6.23753529816522,6.086478909901527,8.358321503712606,2.313005320843886,19.924167766116273,5.841867361117092,6.966405661139108,5.670571758099308,3.5370206418303463,8.512284791739466,4.721990357173533,3.310695311340428,36.069614400494345,5.394145208829704,7.122231145722413,7.367454256256001,5.009246982264037
2022-06-01,Six months,8.0495778368741,5.451563695971462,5.199805055730389,12.115409465555782,6.0231581949611535,4.597542626008333,3.9420978371231152,9.84378969746409,2.867086326927204,1.3539200631479176,16.442016781757452,13.876772340877984,4.519903509016943,74.141667215224345,6.533722569030687,6.00650169159711,8.399818482732723,3.227089055087884,18.733885952222316,6.306188805458013,6.442759182950164,3.909054637575271,3.2265747174893944,6.2921872740079765,4.95524826213356,4.398813229047338,54.69616277603369,5.173053788313409,6.645350599860089,8.552397138236344,5.579188516570266
2022-05-01,Six months,7.244717502565345,5.3094225229304515,5.174470115593555,10.54629593442844,5.58643507736607,5.5115464094306565,7.574391183579565,11.535345359208748,0.12761836406429694,2.3655142385390127,13.437236180754741,12.480668076613654,5.210439905658415,53.10766484177656,5.719099362777125,5.449361924982243,7.178449825609645,2.640235088466225,16.131952049733943,5.656994824189576,6.8399391098778795,4.2263490881524035,3.320301052636676,8.517203584842115,4.958037265124227,3.609176911098011,39.42588532941345,5.009254310391809,5.944696638660529,7.510621944741258,5.283697677317423
2022-04-01,Six months,7.334840895051542,5.632975308913157,5.637312582386955,10.80994574636447,5.592571738892915,6.739623225272329,9.566120091241647,14.668994922610645,0.9429129846113327,-0.2626950542293893,13.157173889707629,11.67500048804131,6.382283773770414,53.96893248873474,5.627035534588254,5.332024511343092,6.2449022609667,2.467820662440179,20.822919390125172,5.158019735615249,7.169114636921026,3.950543249523908,3.39572626550122,11.34113039460356,5.4817407462739665,3.3547256855822605,36.91483934575104,5.342116296075083,5.593614697503324,7.544301393183028,5.582608198522676
2022-03-01,Six months,8.309655544638206,6.038406610139524,6.156338528843741,13.907899538394709,5.543266974457461,9.142627836093919,14.592795784373847,13.546751957160641,3.2539269552743777,1.564518974094553,16.65731819111347,11.22002850575079,9.777260071688488,88.0374532571062,6.008844493334453,5.330523706020407,6.250453458424432,2.695494711917501,17.112421265396137,5.915301773501835,7.469242917190577,4.127945673482292,3.5605090842327103,10.404232949533698,5.262790679931628,3.503345834644933,56.43927479803603,5.27451061749078,5.461727910925918,8.584742282893965,5.966845129194831
2022-02-01,Six months,6.999835521417164,5.6041007171786505,5.657434664914396,11.40750177123595,4.817240166581183,9.934814885544018,19.03948036814087,13.081016635738063,2.4973666701054498,-0.4168504274139506,12.278372519973079,10.606413441746753,8.273018125273213,45.996726084680596,6.368397906052881,4.586054447591614,6.037270407400941,3.027985758096241,2.2216793131373924,5.476440896007917,7.489516789168138,3.6326178631130857,3.7706096348629314,10.125058174175038,5.352580583067024,3.7367071938327,32.37680878906595,4.387941680445828,5.3347984953596495,7.067112311854262,5.444511191894796
2022-01-01,Six months,6.545544127794156,5.3010346757890625,5.377396590269767,10.441334659885705,4.616664837056783,10.837534593090247,18.19200558968388,14.285508691377258,3.723396215576935,3.3761801339745823,10.253580116955652,8.639241205900294,7.091187650179087,42.84627993461909,4.407776254630114,4.217032556532474,5.896497776587961,2.9510962471021474,-1.2866788333218748,5.062453443378656,6.561849933133601,3.8291638206952694,3.457219263713185,14.263879709625504,6.30587907171436,3.741364034250272,31.768003656875155,4.1669066347194805,4.923089258641844,6.409251034133878,4.931328117623934
2021-12-01,Six months,6.39345001486753,5.147428510686969,5.260365368497388,9.305993723854211,4.947692055615893,8.247373100221322,17.434295203658735,9.571006626954958,0.18857769375133504,2.2437797203610943,9.941674455124016,8.266965117127768,5.863692022627354,46.304485906573504,3.583515323901443,4.47572014572406,5.250695835664265,1.9339758585907862,4.324388000077795,4.783150682917858,9.223172937846336,5.219719125908351,3.3492255210812782,16.31386783984936,5.76693276411937,2.3586109417457424,32.18937919897979,4.8186382744914935,4.600580887721462,6.1211921033072825,4.6218667417567305
2021-11-01,Six months,6.326365580209692,5.028854591050869,5.154686321461299,9.300550370463402,4.852828967835965,8.988608428289858,21.37648912503498,8.361959078436488,0.7387394164489081,-0.9286189054797722,9.49729416489824,8.719602373297475,5.166745305889586,46.96375377799959,2.3564499047976417,4.378961320642416,5.127290353261493,1.1429579409188317,5.714093150277111,5.691450535123566,10.556870794976403,5.296520014663653,2.574174619181746,16.322718319691877,5.127688011184417,1.5786534827713528,32.48237881301337,4.736273257932644,4.429097501200507,5.969535820028082,4.398904829430639
2021-10-01,Six months,5.937613267112241,4.945579582904425,5.121151026928272,8.725020713375887,4.54808000170055,10.886402460502165,23.802686435907706,9.182685941380386,2.2437563043799402,1.9159309771587862,7.508918885975824,7.632751334063825,4.932839788095911,34.40913496308946,1.5180678896199673,4.124874172486881,4.9904331209280395,0.9746951533107229,1.8311702957530152,5.871582250988006,9.746873387576983,5.393106197531772,3.22633542133417,14.683123862958736,4.6484633667557285,1.440226702552816,26.052918792237545,4.372163175239208,4.116313201376398,5.481311325010263,4.251862384924676
2021-09-01,Six months,5.5487004350554425,5.084321888163412,5.3880572389507275,7.68231235044623,4.472618067906309,11.863103055508507,25.552877092700466,9.883975452685,2.427107120593619,2.84449948265062,5.337187133670351,6.531748731029352,4.179130468725445,14.869714423748048,1.8727531092538996,4.026959312774969,4.4005370467252725,1.24649480935628,5.202800940945296,5.54783790744704,9.819255203979637,4.591661070601338,3.038765408103039,15.078200261508702,4.899555626268293,1.6297044050247234,14.116684200378105,4.477955523617494,3.6652707675601803,4.960569460565911,4.324035743635823
2021-08-01,Six months,6.021828769438153,5.533225032308109,6.018881781444541,7.9060458013435975,5.071065529310981,12.20558018706881,24.25324468931589,8.991354301472331,3.7043932613342934,6.814392815011261,5.5287627062649225,4.727793990187923,5.201760950015011,27.405826299660774,1.051615659310734,4.5956997228587815,3.974668239922363,1.0897497051549188,14.022492144047117,5.387243062623681,9.693634518278337,8.144470508020053,2.5080969906345896,16.248578086184807,5.114529528359357,1.5292525037712723,20.560318273180968,5.434979211562396,3.289210130859055,5.376386982262615,4.705201031741879
2021-07-01,Six months,5.9250738118046264,5.350014647516943,5.827159273574867,7.314675086477518,5.220723661835991,10.725912942008664,23.640395219971655,6.89027491262213,2.5516309328474485,3.735416289706972,5.409689039696586,4.1888513887960555,3.468414986266599,34.35386655342303,0.6426882385033084,5.016682800654837,3.8707539963958704,2.0461442649898354,16.23032334118133,5.168424189957088,9.46869682439051,9.61003270324914,2.089644791010903,9.607845399525594,4.340050392391714,2.5073078083517775,24.109972169740267,5.680388820312654,3.165054347094265,5.424941172633413,4.673596668576563
2021-06-01,Six months,5.6967396332475495,5.021076645596034,5.498937454094199,7.701529454318634,4.685148041323117,10.01328509243029,21.053759903631587,7.354955092340698,1.9255634584789627,5.058966823310018,6.37795907559342,3.063694885903856,5.336913618786632,48.635705294426046,1.1541154575632095,4.358134084503806,3.3436236718143775,3.4316881883501127,12.490637140532579,3.697386211959075,7.0652319622805715,6.230313732411519,2.2795584298927807,11.761878828090765,5.16516697051399,2.8675689193697895,29.360108947470298,5.158037531292714,2.8581800930657097,5.135734709248063,4.259772740542966
2021-05-01,Six months,5.412481738139996,4.565899396673534,5.025349264983392,7.346240350281286,4.438910161421417,7.887948869977968,12.568650507625566,4.899946958015677,5.265982501456756,6.460628314024519,6.9971801666161015,2.286642198597555,4.940324550916575,65.96314641578533,1.459258967787358,4.111636340913516,3.027145636043005,3.815849765571433,7.024022210932057,2.5091531226943076,4.84112825110079,8.236044296819278,2.406984045009164,11.268710452808772,5.40309983893017,3.245327143498855,36.501869396125144,4.948956227516632,2.492280503440325,4.935627594936998,3.8677153317967283
2021-04-01,Six months,4.620849731973187,3.800111143023388,4.200255442677547,5.952837651896625,3.9597556661884026,4.740151810245652,5.845876546783324,3.575350446677805,5.900524817859187,1.0048021091095594,6.630295477771964,1.6536744813943294,3.616722720916954,62.115626135597445,2.256371736413776,3.6389239659402994,2.6167135985615486,3.8292724918640664,7.81068099762785,2.4372988898619274,4.92787805470678,6.064221888628762,1.5175129008672794,10.555153474988167,5.37480165556552,3.4142493783707817,34.526241185306915,4.46206540041274,2.020077611327298,4.178476081021154,3.150351733644019
2021-03-01,Six months,3.769992937490363,2.779701850592553,2.968664260091103,4.485221221203917,3.4276545857778284,2.0316219724877183,1.229860324735399,2.032125867476342,4.390607355129328,-0.6928150310074543,5.922254967134455,1.533538581756022,1.388093930194434,69.3087546339723,0.2198945020264409,3.266970545517567,2.3264964684205136,3.875520657087117,4.447180795692884,1.9951086940812157,3.2282617550100534,6.610860579765432,1.21010633450076,6.303027590650689,4.381590713817363,3.494468818687091,36.60465024574575,3.846911391789609,1.952806971877652,3.4108092476164087,2.1934386092914426
2021-02-01,Six months,3.0185317918121513,2.2780620026053633,2.419590506672198,3.1565372367301725,2.966195520037962,1.6425769322632178,4.828111896976273,0.2331127112692677,0.7409128345892579,-1.5521246432239177,4.02519965259549,0.902578237053353,1.3879653789233393,51.456802008558334,-0.6884795393472642,2.8356488953985792,2.1588395758633805,3.7713680611412004,3.8055894155261116,2.2513153230326877,3.3294505105191385,3.3577719657566396,1.636199201477062,5.142136559489807,3.9391218521322324,3.2643565486221604,28.681232759169383,3.2851951369395227,1.6689811985401315,2.5671362927025987,1.6286845216746393
2021-01-01,Six months,2.8640285050764325,2.3599308860823065,2.5561603979245673,3.6032797348172885,2.506196742379818,3.398218806936004,8.276031260816996,3.8950862268868347,0.2198713761533133,-2.19812241623345,3.736353400538106,0.6341415111087212,3.9909468720686903,41.51957288439774,-0.1367988895975225,2.3486236757365386,1.7937357219590222,3.0593175493502045,2.230736995043614,2.7690354987137455,3.7835762055664413,1.6708148648536314,1.7593453026040873,5.3224044577327545,3.5164646611336003,2.6700498913276416,22.29077506357946,2.8039207255562415,1.506841194715558,2.377592708814791,1.7103397986187652
2020-12-01,Six months,2.7597431342737178,2.561987470599547,2.7698738982349758,3.0547200224998683,2.6289251041873074,4.65770046263585,10.537340630216296,3.8981856804012116,2.8092791094877834,-4.378924949676033,2.210914262078889,-1.103830150698204,4.014159958967434,33.36967917949272,-0.5075611684089321,2.54788436727309,2.001047790994903,1.8811562490911538,0.6654131248334583,2.1655897992020945,4.1741295040107484,5.49376892920197,1.9261133098866345,3.792421142261282,2.833156256511127,2.282850671961878,18.521930225833614,2.8911794804417745,1.6659834130809292,2.135274356883299,1.8017742493596334
2020-11-01,Six months,2.5482112655810907,2.3178309703060895,2.494107146513036,2.862372858664952,2.410518647862725,3.3582876445453325,7.729580590905627,6.10956322988585,-0.09280479368918293,-4.42006196853828,2.585378746017608,-0.8453516953287221,5.895143259082247,37.10183653345125,0.06290420712953271,2.4591719024074754,1.9123661336374997,2.120791617334161,3.9121885469232565,1.7081555062165243,4.731884806622522,3.8159016514064614,1.368919982373762,0.9604339864111466,2.1486639688859333,2.3824693105657158,18.536094715074046,2.6325676778947704,1.6090287601391529,2.046712143681262,1.695792438460919
2020-10-01,Six months,2.54492814438414,2.3416061510892483,2.435190202286508,2.2853376287143012,2.695980781919638,3.121581722106681,8.372455830242975,5.346755484154642,-2.4910932161318122,-0.8250825104274662,1.8376892084061014,0.6053957903380258,0.16362557143669854,28.605877398667623,-0.4140071391675826,2.8582429106418283,2.049616062439874,2.989195331873362,2.8814802238609882,2.589344943444827,4.481071153494565,4.9265284514438346,1.5738181436707022,-0.4457476927098303,2.0786014284512655,2.999270042507396,13.846915731384811,2.9752983414151,1.975510029899219,2.1053076630866308,1.7925602020788745
2020-09-01,Six months,1.5132921974594593,1.4926455426307772,1.3763903476886385,0.4828286783679525,2.0375489516189393,1.1448507302496136,5.738874241820113,5.232947035788804,-5.649945167457604,-1.5397700364400135,0.14459953444323492,4.450864984588598,-7.405971240330922,-11.843176185849579,0.4647080944114812,2.130829576634863,2.0238387646741796,3.5749841001913696,-1.4775400812122808,1.7400702813213043,3.384222447975449,0.36847162383715215,1.8472557539357837,0.06289697605499356,2.7785016778673732,3.86184638363567,-4.942978613769511,2.0589746491494365,1.972061797497493,1.3741558380781393,1.330834190788055
2020-08-01,Six months,0.5688308798760477,1.0187114114982299,0.7198351829968974,-1.2977469188405588,1.4791513971243342,0.38590680709293945,1.6782592032007049,4.817079454817308,-2.426792301875358,-4.184101309934984,-2.114777676175972,5.723117459051097,-9.773292326124617,-32.51935761790049,1.2502713437136048,1.6428377303319808,2.1257419486046203,3.693606901922597,-6.963046981903743,1.1776261411196698,0.7685914030750585,0.7191317877758507,1.3091294060587844,-1.7385626530406983,2.4009158865608615,4.0696885130795835,-19.33051501828331,1.2719676850490025,2.344127914864491,0.5828003493800082,1.1141653704813237
2020-07-01,Six months,0.1685080987225973,0.8246043417909243,0.4482696369977779,-2.5898833803253973,1.5201153067790685,-0.7170398370224706,-0.6277064269539334,1.5264254109075948,-1.446138218265347,-3.1949623370668423,-3.472290833775016,6.445118998559818,-10.01296956161848,-40.39430581768448,0.808347705516077,1.5909388089984766,2.2952424229291335,3.52830966675044,-6.48806707636923,0.03589731449729072,1.254319519020597,0.4752570295300851,1.0597353583691405,0.3331065645616027,2.804715325340812,3.8457135206513504,-24.904106659423952,1.2555352547132248,2.502018456341548,0.1942111156347348,0.9695254196944836
2020-06-01,Six months,-0.07093184089430604,0.4664078778604086,-0.040585003423176946,-3.0991791930937818,1.407687220781173,-1.8285352192506377,-1.9598388303871617,3.1559238547172352,-4.855122154201153,-2.9035685983403448,-3.6853034621661562,9.312273618854805,-11.93773773435134,-44.94127648662255,0.18470119658149375,1.5894241869738535,2.5299715253087385,3.341229618634478,-6.137473777825331,1.5847884754097041,1.6483264913309537,-0.7250176851196777,1.3091789406330046,-2.0389292529890635,2.3311060880387258,4.118123854381772,-27.821473848881283,1.0179694532758576,2.730712393179613,0.15216227160335105,0.8242293459846284
2020-05-01,Six months,-0.1575937870785027,0.5965138740396725,0.042617075403783566,-3.773372865284297,1.6238356815333033,-2.0467684580074086,0.7559078346901948,1.107307029470972,-6.0192718267741085,-5.46115300685317,-4.628014690482551,8.466181678661599,-14.78551907855904,-51.45544756915774,0.6775724251240955,1.7104821877709453,2.7620860412013615,3.1247369205645414,-3.9549980640655846,2.5007512408463217,0.6514147300144435,-1.3594084133041195,2.170066416557548,0.1842167995341537,2.672930562790321,3.800605347584529,-31.259132685266998,1.2032060193376326,3.0301740434886204,-0.057880417841960075,0.8506815504848664
2020-04-01,Six months,-0.15198662630183657,0.5101271375380412,-0.07166688227132623,-3.380258727693586,1.4197901743164154,-2.624008094636998,0.7664065692421618,-0.106543899080358,-7.235708174676314,-5.19075281561554,-3.755376068983418,7.069912116451671,-10.46129608004901,-46.53751619309126,0.8181460714443922,1.4707920561618293,2.8630544325653373,2.272392142416435,-5.183266642040019,2.104872210458786,0.022693104059956504,-1.372644588148586,2.728643504233008,0.08396225145199665,2.2787702721845715,3.1191160646335536,-27.580141646745894,0.886786764174663,3.102184107626993,-0.0289744492126931,0.7756294722052859
2020-03-01,Six months,1.0399682636085483,1.466739203565548,1.1205702204426293,-1.3583974883426553,2.188313148788912,-1.2760836707289114,2.2663246777854695,-1.081526152516954,-4.655111735323292,-3.3441986572039784,-1.3873072079298776,2.8804907559552895,-5.458203669828043,-18.161549750416917,1.8424154800565473,2.2836564939125337,2.897636249047908,2.2874745564313015,-0.9744412761264365,3.5533337622109196,0.794811654024552,1.9488826401277137,2.8873301354103598,0.19083965125832325,2.3577088479484365,3.10008584542536,-11.00181812472183,1.9539393803575944,3.083594138255563,0.9700581524399787,1.4612724172430314
2020-02-01,Six months,1.749653157870501,1.7688838440733878,1.4763541536567448,0.30329012659697785,2.433398714957824,-0.6074771481668351,2.14209987698184,0.5373277845989843,-3.5255452370769436,-3.336912783671675,0.7553229526862326,2.4537016387703448,-2.6985201638456413,1.734640328063275,1.036154728215788,2.4943013608952125,2.9470755210790234,2.212701456396382,2.422490714219361,2.801036351991537,3.3442004737396225,1.018556369498591,2.6856512188166093,1.1015717401267722,2.516132318410791,2.9850399197735022,0.7454373208063414,2.2700491261787636,3.155088445885279,1.670470457528217,1.6788304462092896
2020-01-01,Six months,1.682336654785077,1.6055755413241224,1.2683935864468587,0.3646050820212743,2.306000883644166,-1.7608382470406636,1.618807397973221,-1.6175699165136614,-5.004124252261288,-3.740288157166849,1.4578027982154573,1.8118195193098208,-3.3915461104592426,7.0365934050895085,1.913298764501592,2.3918022072695777,2.9188639451272813,2.17390221922078,3.187909774537334,3.517077095287746,1.9545001053496769,1.041765461183286,2.515231704852039,0.41060232924379214,2.2257558224505036,2.858992952291195,3.897378176759214,2.100920153480801,3.202899329825848,1.588920576695041,1.483427061189313
2019-12-01,Six months,1.5969089457041896,1.4770247553268057,1.146256504045584,0.17320409458896346,2.2742017362600064,-3.1856925916172174,0.8345704554639566,-3.8415446347720317,-6.424032289084957,-5.564214873202378,1.9222825744273697,0.7766730877105665,-2.684333571335251,11.359312270319922,2.496877721263391,2.2986543193857845,2.775024629348577,2.198931895714118,5.114963401542627,3.681623940976042,1.181583567625366,1.1293216558908803,1.702213388478624,1.7468937167389509,2.299793855246679,2.4746891648896208,6.431806423646869,2.1031699406047766,3.0591909288566033,1.4972168822551923,1.3405628143222215
2019-11-01,Six months,1.1421221057636988,1.3998402707187774,1.026665272746885,-0.6776148980640828,2.004442991775268,-1.657154311290998,-0.16459188826635218,-1.7806280615161318,-4.053650608340121,-0.20970339877667277,-0.17979105421385144,0.633756391604634,-0.9389619377162539,-4.14224303777223,1.1396599388430184,1.9973124852509905,2.8784542653336187,2.238566084520288,0.057588204742131666,3.0210427819083563,1.2730397932225301,0.4258938964001757,1.9525327506447754,2.1793581990407818,2.5926713785948907,2.714821831316039,-2.876492364406047,1.7156655978905366,3.1948931483206877,1.0639205859857892,1.3524815961448722
2019-10-01,Six months,1.0806904363989345,1.4832107893798074,1.1331686411242492,-0.8611732302433839,1.9992008328849176,-1.1695567543169805,-0.841062405967663,-0.046232316777172766,-3.093340311366688,0.18169568486294807,-0.7004275652203407,0.8770802381275145,-1.0144935167179847,-9.509446292410374,1.2923325829202525,1.9322297017720258,2.78976610532653,2.169841326196753,1.31000439614124,0.959319328317787,1.7102792185196503,0.7239896171415516,1.6438322933045146,3.5105501031725828,2.6712724201612525,2.3653676494159726,-6.416715854489652,1.7426346087368039,3.17630354872267,0.9631278368465557,1.4144440884710452
2019-09-01,Six months,1.2926075522808222,1.5878875556444072,1.192021068309712,-0.594045305633184,2.1831143926854812,-1.7580426000885163,-1.4966772025192587,0.008003921918531276,-5.222413117215019,2.088433013207114,-0.0019662879923276755,-0.42410688421228304,1.617084645905864,-1.0279593630576844,0.4161290484765878,2.149242974484089,2.938279019647694,1.909222899011076,1.858253260200149,0.6445682163247701,2.6935729901808703,2.927816727992716,0.6567035685220102,2.973634515884216,2.0844365714306035,1.7582208080749506,-1.6246928721457055,1.9359287054089735,3.49847922420079,1.1753923681916412,1.5016801382622846
2019-08-01,Six months,1.628577288424693,1.626560412546274,1.2219965563248447,0.25369673036188534,2.274444288568378,-2.536417145610126,-1.4639131896436397,-2.0130225907005084,-5.785183663580174,0.7929544289214219,1.6939415625567777,-0.6264805845262567,-0.33775609170518806,11.407343636677393,1.9976040287517538,2.226713974226535,3.1127892462630147,1.8168229648864997,1.315813632235252,2.2515560314646743,2.0283322562833384,3.511405759554709,0.5400205607600572,3.322745918368386,2.0839538445452277,1.6554107295696063,5.962927398289231,1.9947218709365666,3.5698004062560518,1.5100186447414954,1.4889613483903164
2019-07-01,Six months,1.9067512577143564,1.5770841796217683,1.1420139663352424,1.0593614014037689,2.3072962710669165,-2.3224311923014884,-1.6046916374644171,0.03796791676802247,-6.7402508969696795,1.4483679558110252,2.8120705146996716,0.06712933066668203,0.09273632144961574,24.89206136940836,0.5131970966524957,2.334054752374315,3.1331206478110385,1.8142702303071356,-0.49291478750965734,1.3709376530729678,3.226789806677788,4.501741937483739,0.5969728346647774,1.6984793119565245,1.728616661889637,1.739047325445009,12.9916345974332,2.0345595637215386,3.671568189965746,1.8162436376649937,1.4133547018147619
2019-06-01,Six months,1.5306274035890466,1.6125225626636874,1.1884695513071808,0.6498975555667919,1.9402655627344112,-0.22580588740597207,0.2409433755974133,2.4620578711896712,-4.797921482403089,3.8996780279001886,1.0942529318161753,0.6361742063564657,-0.016144981911492273,5.153144630759199,0.687523583123606,1.8867873386928302,2.829781317208191,1.4925166871657458,-0.45953745058466833,1.0273822032903057,3.614250246870898,1.9150885918501004,0.670086868571107,3.118266519867685,2.1582497194572836,1.8237885811769994,1.3124399262591346,1.629494443250068,3.663564835868227,1.4847082711148873,1.5715733761678674
2019-05-01,Six months,1.5748944625206596,1.5956908473514275,1.2022050538677886,0.1967750275838842,2.2120238447640217,-0.8914520888914756,0.8484985913933984,1.1828006099343868,-5.050368309789565,-0.14732963009020938,0.7530412211121051,1.2635621927597596,-2.176786566807065,2.2938283942714133,0.8121166082318609,2.2618338233765245,3.1358065196356977,1.5595031408790483,0.6170265821400012,1.8839301820464893,4.497405774091523,2.781382454932646,0.41529496150816136,1.1340770670705602,1.7391063100147708,1.9543606905927824,1.7311163753274794,1.8880807511262088,3.495425827888665,1.4967106169337718,1.5065368336606877
2019-04-01,Six months,1.496860690435331,1.7641552950655948,1.3758529778267414,-0.5433725540023748,2.446464246135238,-0.6203805974035137,2.2635211992589888,0.231589786877473,-4.746740311884645,-1.017140922364712,-0.5062346449986932,1.2502682765205941,-3.2243657880486665,-6.726743461814177,0.8972014789485838,2.462638301430964,3.4317617208166062,1.9301977442540474,1.90846761294039,3.376178675260255,4.04341279278535,2.3763564093072898,0.14489772039958382,2.0396477525200574,2.377968405108577,2.489057461112698,-3.314172707091878,2.1234204455927053,3.641464869097244,1.4282030207737773,1.7350136961076235
2019-03-01,Six months,1.2753011719286,1.6761597901730152,1.300568645437794,-0.8049291633940192,2.24289174826644,0.14884667240810945,3.1936544523014643,2.76742055713024,-3.0646742389964676,-5.528754956237925,-1.2852335684668925,2.0901289299586345,-2.146713593467464,-15.06137978023,0.5552382552481028,2.2003171136797395,3.471738610855568,1.8019073401238428,0.5503925505464302,2.334860657030924,3.586605371893259,1.5180191974465185,0.49550686751878015,3.176560718391319,2.628870532627059,2.443957508076444,-8.043822970830384,1.8380461868778397,3.5090167195709565,1.14866543290848,1.600763131904892
2019-02-01,Six months,1.2326419078763529,1.8651886626986247,1.5743978607689613,-1.1145393174867957,2.3264583995117105,0.42953571860400164,2.3308304160743365,4.5162360171312255,-3.1746125224676347,-3.875998550163784,-1.8873668798534027,2.3681796468944416,2.306856711814631,-21.20282563284742,-0.7224993958540038,2.3074097411674765,2.9607554690584736,1.9273720913423942,2.478601618644949,1.5611280478770029,3.41005893565125,1.8048858360137254,1.6117966980597975,2.7146025394171325,2.6232134115513395,2.5864847202006436,-12.97664463545477,2.118145644956204,3.28165468247541,1.0303129128874877,1.741759408858612
2019-01-01,Six months,1.0031199036309113,1.7011922413931124,1.3774703564281898,-1.7827787637204717,2.3043447858443145,0.028395837838379734,2.4254230310025493,2.555605842177111,-2.4374151217497086,-5.535836943319805,-2.687473181361455,1.814806879903097,-1.881735811080154,-23.971478566239302,0.10537249941386939,2.190451258767112,3.1509828188583056,1.5375227973199568,4.382927031440587,1.8681098268279905,2.9569993478772094,1.0190702720245248,1.3279740484746227,4.859562009514273,2.9584787396553125,2.3027658278340635,-14.072318470568689,2.035576207468104,3.2757902793603355,0.7746117649762407,1.5590382987665796
2026-08-01,Three months,1.0341523717954715,2.046398408308314,1.90875377159061,-1.6529116286000844,2.2731397581398305,1.5185701615712865,1.7792505625553456,-2.89995173717027,8.853382901050221,-7.891655239969508,-3.3157854891070926,0.806051991439749,-0.5282038784568233,-27.82703220613747,0.5725357227010397,2.710582416972951,2.2106150194039387,3.0617182453829717,9.00995569552241,-0.8825391773803037,1.3055182133063337,1.9864768724995319,4.195615993959811,-7.075961466814784,1.1991103272920967,4.324114501695231,-18.746885408974723,2.331297668851029,2.6962551921307254,1.1922186550418212,2.407502607403078
2026-07-01,Three months,1.5393568886945541,2.3009784861159677,2.110577006446124,-1.1380347728397244,2.7740860403968837,1.5827024212400786,1.072861524243307,-4.639802701108486,9.153981193956874,-3.700110549304858,-2.573613630921301,0.9225894924842493,-0.9955530913833499,-21.773991757186817,-0.123527731827211,2.9359630998440744,2.9006961529957964,3.328553677674795,6.599706742385925,0.10126883087298033,0.5866741195112102,3.5148239523035585,3.5388725841913216,-0.8163652577186875,2.3845882777674188,3.5535881355016397,-13.402473458504893,2.745627839152487,3.19523387699141,1.3792306715020297,2.2562113637231374
2026-06-01,Three months,3.113213441040319,2.942881519418039,2.647898624839562,1.7738977821817548,3.7235113870713876,1.3363397189344761,-0.9629990787638265,-1.6650508888581217,7.45850141936506,-1.9483482338991442,2.0042685636311397,3.2528468910994146,1.0938976833567482,8.021577584503081,-0.311727669045625,3.818002431333145,4.387875547939446,3.0114021514473066,7.487300925196583,1.5866505305314638,3.082433249029637,5.571420853422238,2.7842838869513553,1.5945214132541796,2.951609005491318,3.422320495370612,6.833129820144479,3.487988630048222,4.328147923052494,2.983148573406935,2.7651933710203247
2026-05-01,Three months,6.164195541008355,3.4469164181364365,3.2199071104978216,10.351827389892332,4.328741821222515,3.0134968877843837,-1.4439063106787442,-4.1685762855135255,10.31038690786572,10.275639979835649,14.51157382705981,1.6451923825477444,6.080062253040053,240.23179872923,-2.6899394531095577,4.329943463382779,4.999545524686422,3.0518885848272115,10.558613659413684,3.2033963859380066,4.413847532672666,5.624550080027557,2.3008103712539585,4.28449733123466,3.4370084508222654,3.147674128622735,110.11360983839782,4.084548049470471,4.504388951253202,6.398892063493644,3.223865464880671
2026-04-01,Three months,5.793716395879134,3.5546489479617804,3.4476128770279724,10.97941883150877,3.5392433012584545,5.364002559726733,0.21526813684766832,-1.352272485025252,12.978939679846825,12.942854089340505,14.118370566136495,2.4866788903588732,10.40876621422704,179.51681206273258,0.29922207103381115,3.631436438913238,4.583815917698497,2.692744500304922,10.65110345024307,0.32818159673659864,4.626667823387076,3.7059271778904668,1.4186609919562887,1.5226443702769155,2.197016458692924,2.450574975760733,85.54822432255689,3.206527208149823,4.065338597989232,6.318032049212308,3.7425787996084203
2026-03-01,Three months,5.237832397856779,4.019602999607885,4.286838140841764,8.383770117914246,3.8543130123280145,5.519986791577258,-2.156137480714626,2.7278489924749794,15.883192727026607,6.840558887246373,9.958202138691053,1.436761918136753,10.385731534534504,96.81823172870112,1.19897248679679,3.9014210083946343,2.963603707992757,4.558618721731733,12.642573746123675,0.6900405695747791,2.821696393277673,4.07750935952238,3.482907917023481,2.8501875720265746,2.9488062127337455,3.0082745845003034,48.39819227387567,4.218707698719726,2.7955359188485573,5.541147478717279,4.141405614226312
2026-02-01,Three months,3.955998060176702,4.268845437727742,4.553035957438434,3.94726487839947,3.962005682814529,5.829182958518597,-2.8364237333677655,8.170839635733351,16.47247351443348,0.9591920666810694,2.943213129716171,3.7038763864274626,8.007539203041425,-9.101523942075051,3.6890226303089024,3.942368443776667,3.2772605535847488,3.136031633274605,6.918051608543618,9.27830097951614,5.415074999534464,4.3667436273451266,1.8228133133219693,4.403536240985018,2.2107815394264874,1.4244520672101801,-3.13074865972629,4.25049896792431,2.953702078688125,3.9800978888823835,4.350402428114308
2026-01-01,Three months,3.3434126305571743,3.521366601391085,3.694280875779965,1.9511451028811244,3.9714853193649757,2.9721790094880074,-3.380864184311405,6.909314905492825,9.807330714452567,-2.340490668280215,1.4029973919501337,2.549480176057961,2.232191002044348,-4.867315260528226,1.6661679928906992,4.020923105572449,3.2522560026297054,3.3623774370607595,4.244155894119306,11.35054021751114,4.500163120821554,5.913090910731644,1.5098036212296106,2.808531966564698,2.763983940565984,2.7303053310429704,0.5608511213763601,4.248574179186693,2.718878300890304,3.1702921167858777,3.3487059009821074
2025-12-01,Three months,2.7040907634286793,2.6251066053839756,2.677572672929207,1.4717284379562212,3.2601531473261502,1.669311271294549,0.09115017579728324,3.2013073303144512,2.3787466035528393,1.5548864456150113,1.3641315039040425,1.5510532754981599,-0.7105853322869393,4.454385813433781,1.164178484525813,3.5512960187524145,3.134413511169054,2.9365745530899767,2.570369067852263,9.55486173888711,4.616408959926899,5.022317283064259,1.110251904618309,-3.0757323891568378,2.1799887414927444,4.098739283559705,7.015491570375354,3.3119648961908332,2.388839464692327,2.7287233618170204,2.6381279402743374
2025-11-01,Three months,2.5902393492723608,2.283883907350037,2.384449546477141,1.919580148884581,2.8921384490703916,0.18282809850609372,1.6781079288203715,1.8412513109486328,-3.75889039873738,3.093706078188707,2.858966694976739,1.5481161368661178,-0.21949555866752624,19.991021484161784,1.2829988650689295,3.031768961245662,2.10979616807625,3.334369705147844,5.496434377633008,0.9115346439652505,1.969660442617971,5.4285883642298804,3.09775965182042,-0.2860090855291153,3.326471015980448,4.6343685340330065,12.712171981395826,3.1667493783998246,1.8379842392478363,2.508140260965197,2.1382493502519306
2025-10-01,Three months,2.815563015565159,2.5629893279225158,2.554235487231349,1.9501155251555602,3.206881486420654,0.24627772963317085,3.7844808533774366,1.430070794904581,-7.177031964923685,7.616041418499431,2.874995813757142,3.164189345202151,1.219858204975921,15.466210739749698,0.38730157341917426,3.196174791666606,2.451103881833161,2.8832033728438677,10.119799030799538,-0.06425481416951762,3.5202662021985853,5.384391859077353,1.9523625035934078,3.5057484919489568,4.177866409688469,4.425979434324301,8.557275338974367,3.4739080743428685,2.594614848206156,2.673986970909792,2.3557248706464584
2025-09-01,Three months,2.7776237056072572,2.5838690151504196,2.472526655058749,2.2666937015627386,3.0092176394329817,0.20530329150738602,4.065501755620815,1.7870582874690788,-7.397410560399487,6.473939457655242,3.3852744445964866,3.08076849316008,2.897473169681475,15.94700901501711,1.006726776633693,2.891961347236416,2.572936920795277,1.788279162472528,9.851911892537956,0.6609388242468928,3.509938137388491,5.992697037614159,0.7988618406614911,5.678261265546958,3.065431315515421,2.1759614522461668,6.967885862874934,3.1738118023279194,3.1017847503154172,2.609020196209899,2.3569881100805823
2025-08-01,Three months,2.6233563904141555,2.6584731567203645,2.4487188754695577,1.804939166279751,2.994326080460308,2.0275844275149613,2.327070926993291,5.076623348590648,-3.3858063983972175,9.185297148422,1.6828582601478237,2.4012800827543535,1.6863215497297412,2.7270303185080724,0.7928672363564759,3.1209109639672272,3.47260402285281,2.998990504936483,7.35243905968177,-0.5596680240652185,2.944040231124667,5.112169722118898,0.9621335079987414,0.2250878359773001,2.406762555767661,3.2144923098246903,2.146933188563982,2.850912930804217,3.617319952151532,2.689095134639974,2.7378497112872324
2025-07-01,Three months,2.3765742039400184,2.700517304222938,2.5606182964940327,1.7505821096261087,2.656949137639586,2.3490026803251407,-0.6054425292691401,7.15729635090292,2.625711202767733,1.2844374250521762,1.434987811703814,1.5254015063637105,0.1234543939820032,-9.971040056298651,4.672595594849316,2.756022133374958,3.465070088269684,3.099411219686554,0.9504978128106467,0.574364743814515,1.8439595371555928,4.091190478347295,1.7907478752906991,0.46725894927193146,2.038472713632178,2.6118119335922563,-3.749217869636523,2.39237906459826,3.36275772221708,2.377798940325082,2.7630693551412566
2025-06-01,Three months,2.7643813537885364,3.1988296260366367,3.102545513871946,1.6232384100108188,3.2804029675156166,3.6779195281967825,-1.3374422888820847,8.86842645407404,8.397089840198802,-2.21737280712877,0.5345482431670545,1.087602825684142,-0.2580705942609063,-14.693987124817154,4.37308082137895,3.466406805172273,4.222609683241041,3.3603291990819573,0.5158182596055161,-0.1899000191917466,3.0627338884347433,5.254101570867609,3.6504822049396646,-0.7508833295882256,2.252563574807387,3.3672517384250256,-4.1051181188820784,2.9554972273778457,3.633533696742486,2.5168100459247666,2.98975219394384
2025-05-01,Three months,2.0445927069198566,2.636837725657526,2.3599168298282347,-1.0150186745190526,3.4616515846684237,1.4978321175716403,-1.4550229520886138,3.6021188732866527,3.6567623070176136,0.8280757817260564,-2.3255680335626083,1.7566829780244486,-1.1030560390695499,-26.79058593749999,0.7349356724313694,3.5775329407174317,4.759155707464391,2.7291581122022013,-2.255479510235492,1.712903775325425,2.2089733946239587,5.605219312422549,5.370544805416122,1.0076301596813053,2.3303534404941706,2.8523523615884283,-10.644228111126864,2.9932394776295723,3.913537983547344,1.4651949198314806,2.0712095655178064
2025-04-01,Three months,2.3809822305330464,2.9696976986085533,2.735446115934459,-0.813267685816621,3.863841171066418,2.277984107813613,-0.35634427526577417,3.2325841862402394,3.1536505104893253,5.702720815491702,-2.4325777034704954,1.180385415063867,1.8094500829494597,-24.608409959997424,-0.5464777173106672,4.136124960394727,5.19034018540947,3.251630199526101,-1.7385399674676005,4.680568076094649,2.671174513535335,5.720020704124029,5.653373273258655,-1.8705516647522957,2.190087066455493,3.7677342195060692,-8.531657981487717,3.418821128792038,4.047561096191177,1.9515281563411424,2.5772514095266708
2025-03-01,Three months,2.862588347183914,3.0817350572898583,2.8858826119615877,1.2616703356540526,3.5937973727517836,2.11643979914915,2.157207046962606,2.13884387765253,1.9785210096602945,2.3728239024081166,0.8076062042266408,2.6886499798560504,-0.8208468148317438,-12.323754266509324,3.2853314828898084,3.579977918393551,4.906674140017464,1.9206121760924066,-2.4957574831435347,8.487680451794732,2.2389796393608163,4.099063682519466,5.093882001466832,3.942778941223102,3.284917608490545,3.048497623899471,-1.9657860424694418,3.1777545675163,3.982955034901847,2.5094221217540458,2.7150816183256987
2025-02-01,Three months,3.589596994265931,3.308300549314458,3.1967319850861875,3.231335230469168,3.750734269498679,1.2509324893978269,5.275325398188602,-0.7688350112512676,-0.2340401339999021,-2.001230863816428,4.310301441219955,1.9174728411335495,-1.7180418941794229,17.648996493470136,5.258510047914267,3.7095325980711635,4.440260062661205,2.076181352311046,5.37078011541039,7.825193961381527,2.8338538567671323,3.5442466077597157,3.831361591985627,4.789944573169569,3.6987293258312848,3.3208290077521907,14.0696009877739,3.5478798277914336,3.831246581088421,3.347875289903568,2.98746105819363
2025-01-01,Three months,3.0581894956642985,2.5865830901797615,2.3478162824351445,2.374285661684983,3.372378642553242,-0.19584759437870636,6.245180284742458,-2.7458314159285457,-2.7381706447526244,-5.887291781264581,3.784638748402691,2.9038473127490416,-3.3224213831960947,23.853622710333198,2.1992159335618267,3.265192718260468,3.8261844976893444,1.7321851521945764,5.502688581782933,7.050303276166625,3.8442008674755,4.753809233421569,0.7145434607608969,5.730169221775916,3.577598075912114,2.8075161070215016,15.104720817301963,3.2365915779317023,3.688595708214981,2.8354410388343076,2.250011555009346
2024-12-01,Three months,2.7275083980016657,2.405946844786744,2.0478119136700057,0.7042072128951027,3.6746265568277092,-1.6586819122989316,4.9017692114208256,-3.766106561113558,-7.232347590582067,-1.3414487789640162,2.0025426190260376,2.726228256404406,-2.949373313572201,14.498329563424385,-0.05636432350573095,3.7320460699431957,4.234531979291822,2.865392658761623,8.415466194011746,6.407325540943898,4.132078227968106,5.1496967146629435,-0.23739358018275425,2.4956830303501487,3.125968973610793,3.398359964404274,10.697009275462666,3.4840627059660623,4.080930050941678,2.5822806779556506,2.1822035989724764
2024-11-01,Three months,2.525776340478081,2.803185108361772,2.511914544261362,-0.21977726159229105,3.8120922428147574,0.6097745389394005,4.51817855736556,0.8332947172268845,-4.9183293224480895,3.5167952245422462,-0.6679222555796782,2.7097248595504997,-0.19573878351930585,-11.369919449323973,-0.899126213419299,3.799511072305095,4.3975439212464495,3.7593369250680686,6.926657251646273,4.005165876829997,4.229281821642061,5.314732303841985,-0.442003074208297,4.113630153974812,3.632962840734444,3.467044907480621,-4.359258897129581,3.6387702977510816,4.1525739410186,2.3367921828828964,2.6356245496729214
2024-10-01,Three months,2.5494622564239178,3.1087136537298665,2.750088401778217,-0.7402966747748874,4.100474717446212,0.5104465977974648,2.6129850368175944,2.000806790769949,-2.3437229053598907,-0.5807814996441119,-1.4059068005985775,1.5821311406122751,0.7021103958016139,-16.386411220975184,-0.5068922919716834,4.063379248321097,4.749220927993836,3.615962247879323,8.52170732158024,1.9889167511577321,3.1297444381675588,5.784960750378576,1.9471399732626127,4.9274032520484345,3.918274418339851,3.5344665913345397,-8.211809956991424,3.8918168909110706,4.771020753315458,2.242922024615801,2.860551621159102
2024-09-01,Three months,2.09555398575505,2.6176950343437033,2.1772702514951225,-1.1551899816886202,3.627528447514705,-0.5257464089751585,-0.5483942101934813,0.8129818186339177,-0.6158704664404713,-2.326045414007283,-1.486857866121194,1.5337861961903343,2.3992460507878066,-15.027085577390354,-1.5907168418598405,3.623445067685438,4.388414345108571,3.145275099620082,5.488561989420027,2.196446177221012,2.210586094689493,6.413514500668693,1.5475169046981874,3.7322094585212184,3.3738662142962728,3.240598458414845,-8.51113502599592,3.389339840926242,4.639234379347368,1.8125727621963295,2.3842563535025008
2024-08-01,Three months,1.7032557346454924,2.4036022206649132,1.9648830526320493,-1.798529255648873,3.366996436481773,-2.176708142652972,-4.081074378597971,-1.5660898350619679,-1.1258866902687514,-0.6148463491711054,-1.5877501828607254,0.9672604728483636,-1.521694850108679,-18.03339878950988,1.0600895076221306,3.2894077768206964,3.8343225198541386,1.8459098431270249,-0.292043885522264,3.680370502293129,3.2707146954187305,7.280247074546864,2.7462144304360336,4.965586147520051,3.350322912836168,2.7221554789402136,-11.837515608945248,3.215584105082714,4.4440924033170015,1.2216018437654297,1.9655596682147447
2024-07-01,Three months,1.3434119869712324,2.0440809275630745,1.530109383170486,-2.2743521572724745,3.0654978835160662,-5.063961420461749,-4.969979751556242,-6.467324465166668,-7.546940637166399,3.2151818549657873,-0.7482787835052851,1.200367641284572,-3.0271946259631477,-20.961232636942807,4.708054842308451,2.894759413336012,3.9341686234841244,2.4774533845554725,-3.0590921468617305,1.6876116230531313,2.5975235910820738,6.799040855647687,1.2843646821407262,6.709697615905785,3.9603170125106057,2.900057736172257,-13.061231053178057,2.753449988282619,4.431862457752711,0.8475961318052949,1.5898804423862378
2024-06-01,Three months,1.3422795501456974,2.1512868506555316,1.6541495617522273,-1.8697429179615033,2.868618370542886,-4.340885910189895,-5.413571277232587,-7.405611376845633,-5.65131469105763,7.249604708366686,-0.5334166022340492,0.5767235314233066,1.2973578024298327,-21.036772601352283,4.431897046956768,2.683812846834943,3.6682854900929485,2.2522669148600905,-5.280185574591167,-0.5285181934237437,2.7874380020119327,6.145958978953692,3.0675356000225307,6.780908553921483,4.078603835761263,3.0278562789268326,-14.169386607694657,2.5748817739136287,4.46801334284026,0.8521342039399915,1.724387430248009
2024-05-01,Three months,2.4892001172915235,2.7791822950066214,2.3101176608618434,-0.0034755257815599627,3.664470303947809,-3.871995666778838,-4.572225257871587,-6.237814503020179,-3.977535285830669,2.384170896679394,2.1150060861395037,-0.1988267028240509,4.673529994029146,2.2943833286333204,3.3963984252464385,3.4681348122155287,4.341707950154716,2.1758794853955266,2.7601571854457996,0.1919891933684248,3.107301718829447,6.69395843340963,3.4176565950695403,8.01749832916585,4.23222412297759,2.8158086715225794,1.125639277113888,3.401480136855506,4.947391087869479,2.124627173823046,2.4090224702486562
2024-04-01,Three months,3.5922350822470195,3.5139970583566438,3.170928390338057,2.5129444431043257,4.09899086021015,-0.2603366261736295,-2.177614332743538,-3.2493285233920144,4.529974741152931,-0.7852410003920673,4.0165804614537,0.44064143418651724,8.90693232162878,19.613555027924612,1.6971531709005117,3.892562937835975,4.746400595045608,1.3063218022046241,5.575126895121851,3.6349447215440644,2.6517561577484416,6.906693113951579,5.115271245306086,8.745384960151537,3.9169817411428776,2.1674527157562906,11.787088987039706,3.87012130412987,5.111197101317577,3.1954166444239096,3.0411445106603763
2024-03-01,Three months,4.451544876491131,4.453840207634174,4.2459027002831995,1.8201996034392431,5.704453229903694,0.7627488107166958,-4.031066107256587,1.4794463251243117,8.049455490578762,-3.491375816394582,2.39360131470423,1.5129242001436616,3.948663354417392,10.588624507863354,0.48037275998744633,5.451695551510571,5.936279163950231,3.1953673177955055,7.944674791616202,4.109248232495388,4.0003430759641745,8.717736484301163,6.970427401151502,11.361441543651086,5.649606106675731,3.5822319713750828,10.132375960637185,5.665356556082934,5.438508424102095,3.8602536854512204,3.7802202025846166
2024-02-01,Three months,3.2517816799428,3.513526924900101,3.0863069502464313,-0.01737596812623199,4.8266184373628285,-0.3490236069538244,-2.5059190651391727,1.4096098563323833,1.7973009029905063,-2.2397274436448456,0.16778238288874814,2.1249128249253735,1.2716580811410472,-6.154467195739244,-0.0993154252519668,4.862843303149433,5.903626766308823,3.339794226916726,-2.1596790538072397,6.257954556403411,3.6011424238897805,8.950507157445076,5.428025993482843,3.9411605388180337,3.8232432824403473,3.7581393837317068,-0.4908816516197345,4.496610296260273,5.509659844137271,2.724966992026401,2.9524848276646143
2024-01-01,Three months,2.152787906163578,2.957759105797164,2.364591296328622,-3.515590788447709,4.95474337127666,-2.2570901358244244,-1.3446137355320187,-2.715033496221664,-3.580647453481911,-0.7918681338432765,-4.171861731506466,0.9038915176352802,-5.421311878830903,-25.110234095180683,-1.4071062948480262,5.102340471967448,6.322270452556222,3.7774112261746318,0.8067684760605376,5.818391889758878,4.196660463026003,7.951049887229722,4.814928704373789,1.6664563132332777,3.618128633192641,4.323558524464355,-12.1556931155835,4.507054233516294,5.7392319293517735,1.6132080843955343,2.467832584122309
2023-12-01,Three months,1.1814462276826143,2.15288928474604,1.4032363693317063,-3.3020875219109236,3.395866996970298,-2.8631815100299995,1.5391032005553473,-5.253221867282598,-7.833824079218932,1.7656499638512235,-3.5322748710360563,1.1153927336304825,-2.2974431212004376,-30.21020502670758,1.3648073187419563,3.7485477559739078,5.627033281131277,3.411411540178211,0.4718700488484995,5.1032546980841476,2.448655150053236,5.136602586782524,1.001070352086364,-3.9754077829954992,1.9229906599663726,4.210532576667392,-17.478511957840837,2.594509910523146,5.666178551622858,1.0168077562202393,2.1237865630581165
2023-11-01,Three months,2.3083799639338265,2.916150077720281,2.2580847179227925,-1.4976302424545285,4.1942214023385604,-1.7466748612365746,-1.115818749930686,-7.566449543420239,3.2389023397263017,-4.126433090421811,-1.3665123506167998,1.3220844632656492,-3.0240816542434046,-17.167214267091623,1.9247136540421428,4.000252927482828,5.962459283889698,2.68311841009119,5.964336907612444,4.0879381115279,4.4253921813534935,4.644002055781993,0.6722374232310147,8.4987645877866,5.100434250036656,3.8569399514594593,-8.284691863081528,3.540853008006617,6.011866568476876,2.1744840391061393,2.8627050552396005
2023-10-01,Three months,3.3114462769816777,2.7249805377627556,2.1247780429547003,3.0315957887780742,3.457933559585724,-1.2450438435473332,-5.219112418650484,-1.5014997012915088,5.106660452691392,-4.027119030338,5.4110201213742215,2.359248890135923,0.5170989177410767,29.994833816985068,3.466082420373895,3.28446391269559,5.370549545350878,2.026281655572082,1.6816036918551491,3.680818668495811,2.950660136870864,3.8650988541149234,1.5278615570111231,7.349290991086477,4.079832520841475,2.888962460115696,19.12239537552527,2.7836282439368087,5.533836697419758,3.456177199305821,2.7897761932185405
2023-09-01,Three months,3.3397602081062017,2.376994330115112,1.6810166795602433,2.2416531174793697,3.886973111338876,-3.3871728325220674,-6.515974172083727,-2.5659862319902804,1.2111864273262274,-6.347393346094588,5.414642725528718,1.9098074015373223,-1.0492897125566558,49.5916696234058,-0.02850677908748933,3.641450682935976,5.525558864857971,1.8674568095806254,6.544984197594372,4.895115431257957,3.074804169107015,2.7505412856348554,2.723391930157204,9.346460315100291,4.08758971483314,2.1866184894773877,29.878967645711406,3.324460623765013,5.65520702085327,3.5626265420894976,2.462205193259459
2023-08-01,Three months,2.7414911396267616,2.0344729316392973,1.2878751803996114,1.0805625506949967,3.562507809767057,-4.496161510658503,-4.975491295574141,-2.163807730215195,-6.290551450310932,-2.7596194734506807,4.2325869846502995,1.5177553842532054,0.9261036291512648,35.88693145388078,-0.23140618575953065,3.4714621336559226,5.444047031616939,1.8251763533684073,4.992370887587527,4.0646322801235035,1.4781313036811516,3.815926151942639,3.082429418001076,5.592906512783458,3.1936532362166314,2.317810167961465,22.235048356047614,2.9359965190419945,5.572225274958131,2.661886194561136,1.825183652592366
2023-07-01,Three months,2.305167525924534,2.875333267537772,2.1989889070122226,-1.3429869163363861,4.123946510805365,-3.1256055611157407,0.44363494456802766,-5.306728577258479,-7.127788602735485,0.6297261271357657,-0.36383811916470554,1.5689954985727894,2.5073719916874015,-11.988614932755404,0.49496865736817774,4.010904758227496,5.294028715851895,2.8974649513286765,5.6636516792227365,2.597917890630397,4.03967591636607,5.181790870441394,2.4401897984567045,6.6436038328560265,4.258776415193033,3.3881705053236955,-8.08690602453117,3.7317176091087534,6.081588424168327,1.9493067679211773,2.5601245088505697
2023-06-01,Three months,2.8604647031951203,3.615359698126963,3.022632100426903,-0.003473443354351513,4.287982179435956,-0.45373803941562985,7.5819758180460495,-6.75347358099887,-5.9784736894687995,2.4945584002090015,0.2399468335111843,1.3056498831881092,2.3491559564702724,-11.62437080701515,2.2770103738339653,4.121099340209278,5.115452304835455,2.854335691323384,-1.4044606104064106,3.1101465578797782,3.7578615276392613,7.351521563061159,4.727883665923827,7.97375757752703,5.13986519777998,4.103927242496375,-9.662451667934235,4.001420485284046,6.438491611988084,2.2116027335032706,2.9912969360661235
2023-05-01,Three months,2.9293896162712496,4.26254216866726,3.807056612387294,0.0034717249695503938,4.3906038552367965,0.300619357672427,8.773611278706683,-6.144280231199117,-4.851397001466262,1.3941501105817267,-0.15855409018801225,0.5969414168877529,2.937323591496943,-20.666021195712936,5.147959679491487,4.4011611452784205,4.185387825661802,4.1638368318525965,1.0402623516732268,2.676878924159465,5.504889519325129,6.992055354408477,4.334877439070128,4.2491454461107026,4.7248648399416115,4.929290114540041,-18.32690642723911,4.4618249951917655,6.41344861611326,2.5128806418855287,3.998689380827014
2023-04-01,Three months,3.2265363561399196,4.347987709614598,3.739535111551029,0.6095499107433788,4.5437799725842165,-0.05123466285877898,2.9281620037953537,-3.4555269238172537,-1.9266836650987273,2.292336554757024,0.9638321043786036,1.041284298177958,3.3186302451596372,-12.026091935673822,4.470687787263694,4.676828179085946,4.587415701791819,3.8024054332428614,2.485184803250551,6.288180461980919,6.326867629990174,5.698927275950538,4.4391135640971635,1.8590952494311974,3.6251084580224635,4.347140651410775,-14.283494135800067,4.542797177796287,7.245417067631577,3.131276153780971,4.42830703674737
2023-03-01,Three months,4.08923139417896,4.7769506037115494,4.188729455190354,2.3686384633379243,4.957692353744725,0.41526695390152746,-2.1556849444173576,2.113827262050272,1.4294314453060064,2.6071870707365274,3.4207950242031826,1.636660389838429,5.217093868286993,-3.972683803393451,6.976592718895658,4.757395629352135,6.189704302933552,1.8752186185351682,9.800833326628178,6.353276535325447,8.444329060659683,2.6533534132380687,3.4977320030665116,9.522945605712607,4.329161043886298,2.4682138661821007,-5.211227630284531,4.575868200457767,7.586289543478353,4.096704759606529,4.899275615151666
2023-02-01,Three months,3.5794344976582737,4.555742356055381,3.67068534365389,0.38977489542029176,5.188913807021334,0.643418718268185,-4.185321979196988,4.455736455847137,1.0418714714823363,7.0191528043412,0.26372274499670834,3.9737083407337392,4.658536015805548,-25.651385577091123,5.157409712424532,5.0408462205386195,8.491709669932979,1.2123928861296873,11.435766028937454,6.654684966225766,6.860160585625019,0.9632229736881603,4.304410172408613,8.547376315068789,3.9359394041171836,2.2855921425368297,-14.521720693019214,4.081654926618894,8.82682948110114,3.7113821239660894,4.882155899622864
2023-01-01,Three months,3.561381824572507,4.298756046162522,3.3782636294749535,-0.12847945491853974,5.434660264898961,-1.501129153672487,-3.7336736778667334,1.3124883877414728,-4.637640423385858,7.307459314858589,0.6041919974301591,5.054255740193114,4.19345929715087,-23.01742682145931,4.093891165486219,4.88758242610321,8.522865896542008,0.6035789407468739,6.94436755740826,6.901707315911199,5.5119581732868905,1.988776632935152,6.106820159687265,17.718111133219395,6.017780533133332,1.8692549929991698,-11.857631598158768,4.367892728367373,8.753764744953418,3.2231171882340037,4.030207047974521
2022-12-01,Three months,3.6812509767913504,4.19839263680295,3.236059700603655,0.003493953276767492,5.538330295116345,-3.372464256833063,-3.4366834126549284,-3.5084284566377355,-6.266865834478197,3.899683384560171,1.8635152237412633,6.288734070808366,2.7304641244070282,-14.123474506552958,2.939507106754169,5.3161810840646195,7.207953301457692,1.7972903077439595,4.496469851821083,7.016667400998755,8.809650150486693,4.779504144273461,5.328542960347016,10.313375338964214,4.327295072724846,2.1250754521380033,-10.01432702182592,4.900301197919021,8.856241986257274,3.3704971852096755,3.9270806566376937
2022-11-01,Three months,4.511446188877444,4.488456560245391,3.5848617765218416,2.0732633349960228,5.761421925468646,-2.020740479592509,-0.3738080766163776,-4.641782330242117,-4.738860365986952,4.701446079555027,4.318158176437437,6.817921792491788,2.4848995675016194,4.952340851403925,2.4294933811332298,5.42753965874232,7.302441859137643,1.7460118171185757,4.9722216776707295,6.8776127062479375,8.948590506178444,4.7288375501100655,5.911351759919481,12.926155619777813,4.644835523240554,1.586355484393831,1.220045598496422,5.194009848402081,8.855726657758067,4.097614712457598,4.000883616813122
2022-10-01,Three months,4.362798509493526,5.438144097944586,4.712330486235761,0.4913503350386872,6.379590538922009,1.85168316199682,2.0485325891532735,0.7354528733046983,2.115382561113055,2.765181049242571,-0.21983123864821597,7.629975901831498,1.373558412335285,-30.85626023149164,5.2590442399048865,6.1380904013640825,8.852996823752846,2.4200248109149003,12.297806047604155,3.724174226245025,10.277063207035898,4.82746499149449,4.259322285919143,11.469822630809535,4.8476156571850115,2.3294570634831313,-17.857837355099647,5.501733666890263,8.942217920435702,3.9832124802593682,5.182540474485942
2022-09-01,Three months,2.757394601237073,5.187531641998877,4.418714583427419,-3.4122333230744206,6.050805651055646,2.602596161271009,2.5518671226501866,3.8615188859708827,0.9557772390494046,4.304819478742972,-6.461214063430754,10.429860146773319,0.2933886423220011,-59.40167689530962,5.8553920433981554,5.750265097986906,9.511936450416592,2.417462464150555,6.913057213984963,2.4175893069762866,6.01166847127903,6.596181953500313,4.587494478919951,12.471120129269298,5.75801347235152,3.2043876784963787,-40.06546313328301,4.859664977781231,8.939132436217223,2.0287643073433115,4.741834286778457
2022-08-01,Three months,5.384409966429526,6.038552471341396,5.479763490195433,2.572969056758123,6.853012250742263,3.280569088716767,3.1682486009875666,4.827803150351695,3.099701352495199,1.3330116683009985,2.200838129005245,12.867444555940377,2.4106680174909467,-33.38959979333801,8.362185251317356,6.71187780104181,10.075296644690379,4.1421528580921185,10.901886405208462,3.671478734505751,6.458484208167081,6.973373756082424,4.48827203430604,9.823990401615234,6.641611185037233,5.40682301683173,-15.978772745694448,5.719983087594982,8.760367311944295,5.005319552375798,5.709593298803051
2022-07-01,Three months,7.0205196181479135,5.3341967033087245,4.7349327655213935,8.266863928626478,6.40181596907845,2.367938220086918,5.99490916691503,-0.08259769318491594,-0.584991610113883,3.9720738741514827,11.590785656321035,14.973513353925604,3.8738919365418623,26.664842138622834,6.206894308382371,6.562799799186636,9.992213328641952,4.182905241010193,7.385322760245727,5.557394949949179,6.370980736110843,7.495852273122083,3.523274297921253,3.1673697440038007,4.834828451437567,5.5191436283094975,27.155151434103452,5.119398012186882,8.262560889588233,7.056414530775301,5.08121236844119
2022-06-01,Three months,7.497643650941965,5.300471854487765,4.822866343681809,9.268889331102791,6.621046600390246,2.596953418221526,5.409729496845661,2.916643982917111,-0.7478959704822596,2.3366310106462507,13.023364784491665,14.040809103318086,2.9810322163974057,44.57840293271082,5.308340321110161,6.5079075356773375,9.961790826881622,2.745511791413713,18.936730120010957,5.5729734356814165,7.6987224107784025,5.112495844827891,2.7520270238931888,9.1012202222295,5.304591575606432,3.883828115254939,40.87491321418468,5.4083002829828475,7.60497991908804,7.683383921819331,5.137557847069996
2022-05-01,Three months,7.360790906594339,4.373910624953403,3.942173075485278,9.868089338628394,6.0952593065814575,-0.3633673829448236,-1.0494006308062076,7.237858719218115,-5.790779126701628,1.2433346942651857,15.921329815650198,14.804104993795342,2.1753799193393375,84.27160373855529,3.412556113359777,5.866157186329857,8.389824111360934,0.7540431235109502,30.173577677629517,5.92087902012588,7.403418312282151,5.310797627832087,1.4616505391049195,11.115082352922245,4.236665098708325,1.6930238757737026,61.56723513280327,5.227342129161161,6.454615551320875,7.704363729058472,4.253094860462059
2022-04-01,Three months,7.328583602897121,4.939511483374881,4.716184561150527,9.986124393969531,5.986438820907325,0.41746462478151614,-2.5205568681468837,12.89405859624868,-2.8615916908616645,-4.668823216287887,15.690117806938876,15.17769320751594,2.7205320753392215,68.19405928683486,6.268185127960457,5.612287108722147,6.7487005104610365,0.4766668156078291,33.92711075148691,6.127106412583028,7.565163551971432,3.8762845222410247,3.5507688110484104,14.134110232154562,4.609273715252282,1.148468407861114,45.60904339526002,5.669610503402001,5.993912497050213,7.679397670798727,4.937330881936264
2022-03-01,Three months,8.60434586488179,5.6028723336781106,5.578099223869759,15.036083157580826,5.428622509813419,6.637142321387368,2.4949001800197212,17.23718990587635,6.613734316851372,0.38064582268981795,19.96407378294167,13.71297152958233,6.081770539825104,109.75000169708497,7.77336353234781,5.507456309066616,6.860033460066517,3.7109235138146346,18.531387731025294,7.044496432854919,5.201442773527432,2.7193917230714515,3.7033140516791185,3.5554785957453205,4.607063879613671,4.916351287530274,69.87341629268549,4.938332308401838,5.69427932721156,9.428423358357385,6.0226742572006
2022-02-01,Three months,7.1287695916052,6.253319490567266,6.421376779015797,11.22868904324925,5.0800511277439675,11.732865044696528,16.949767988172336,16.00505094912512,6.417820530996776,3.500132003396783,11.006374519618966,10.20425351205969,8.335654576284334,27.214158653338917,8.077088412988687,5.034207587367923,5.980613966294701,4.561737994981407,3.6049751991980683,5.393768051695225,6.2794161337886845,3.1530677664760587,5.2129997184810595,5.980063412735892,5.684401703712227,5.561435102064705,20.318810208716,4.791618487232441,5.437220243838792,7.317228668856712,6.324488605782541
2022-01-01,Three months,7.341098552008218,6.331021698926276,6.566543236803435,11.639937710046922,5.200168346762024,13.459817063150425,23.151449025108594,16.47183704846109,4.896424176431902,4.34708070807357,10.67968678252611,8.278828883423262,10.174568533412053,40.946905450994905,4.98975419962846,5.052505644884309,5.743481676727136,4.498433358450238,9.000916752701759,4.197782154973839,6.774523951820899,4.024855062634858,3.2409158591375498,8.616497665179201,6.361484366580594,5.609105997216957,28.73975953668715,5.015637067939638,5.194828667118978,7.409374609496733,6.231853433978385
2021-12-01,Three months,8.015764846031793,6.475737145564198,6.737744785072564,12.790780258706835,5.658036104993602,11.706980810371824,28.118655880588463,9.972483052280378,0,2.762354534558664,13.441711825876745,8.781738568866748,13.601486546860887,68.57250794439342,4.273215036468159,5.153887813245883,5.644350788450447,1.6900079259313028,15.710441573221058,4.798018801542336,9.785929438796925,5.555814615911059,3.4179007668056594,17.705937131130312,5.922627887527221,2.109370631910057,44.06754884571789,5.611765900579768,5.229688160565393,7.7475658954745175,5.911045399537573
2021-11-01,Three months,6.871056628914074,4.958848737653421,4.898976482438,11.586601960955445,4.555086510021544,8.165699672018679,21.166532692481432,10.230685808500194,-1.278656883919227,-4.185593903681406,13.564946069883742,11.010040942819588,8.210417888793753,67.55245055331582,4.686721665428006,4.139813458545105,6.093957136615491,1.5167311954966678,0.8568526898192763,5.559178590447145,8.713395687310065,4.11439734856196,2.347993620598232,14.432168158224012,5.02180129313976,1.9435214102019094,45.643224652727696,3.9858199118072646,5.232476239398798,6.817578882614828,4.571816768587111
2021-10-01,Three months,5.755885924602855,4.281024734136496,4.201519302992862,9.255600205867843,4.03639778933822,8.27585829648234,13.432284361215574,12.140220570337723,2.5634859048969005,2.4143133336849365,9.829113923053633,9.00085318156465,4.094099255291117,44.771250038221446,3.829024322789465,3.3882039101868378,6.049735298388459,1.426670982938849,-10.603322742106936,5.934300090236699,6.349599519596216,3.633840712526659,3.673975852595124,20.204890481212722,6.250302847040579,1.9066538823881318,34.867478782033665,3.3250355928089226,4.652051807732938,5.418439934238317,3.6467242602650884
2021-09-01,Three months,4.795501121538104,3.8356908231146125,3.8034346689614695,5.928873233740717,4.242123683385812,4.894910757543047,7.640948893763211,9.17099587118264,0.37751100296847806,1.7278218162094072,6.549624361709583,7.754627659794644,-1.3470542567351917,26.978015913766875,2.8983775277707124,3.801926176548931,4.858507731040773,2.178529102957727,-5.941263522845497,4.768284673693368,8.663301095075383,4.88469378233769,3.280595879544701,14.938262092880228,5.611466496168993,2.608459626030002,21.2905481700437,4.031466911191806,3.9752346823828555,4.519367280667708,3.348380324623723
2021-08-01,Three months,5.78445066517419,5.098907137219433,5.41101949851861,7.061332645171592,5.151419309518612,9.81777775351409,21.586809368474125,6.524912633821733,2.7973617344568824,2.439068944485001,5.575336795002506,6.4764217706781535,2.208683175034931,28.90497783348036,0.07804877677484168,4.618658364633155,4.169431278614555,0.7705608776761075,10.805257080102692,5.823888224433316,12.431606084068392,6.492064590062219,2.8008554599439517,18.24450252985914,5.233681487986908,1.2150914608325847,20.510794359331452,5.492142536972677,3.6318520159679624,5.128225516632545,4.226278804200434
2021-07-01,Three months,6.11965288374916,5.61436946051046,6.048898971369088,8.197017881460923,5.062278820673738,13.559887163064154,35.1211893074445,6.303151971214316,1.9250234232758512,1.4199739161329772,5.237739131073993,6.281820936239857,5.778338491502155,24.788696352047612,-0.741452833054923,4.866793419243898,3.941712026956612,0.5247334107918888,15.995219977676456,5.808901543502665,13.252671121996373,7.182236589843738,2.78062779870778,9.415006713244756,3.070773367948454,0.9759343618649163,17.814453710682997,5.429902669560893,3.583317167663047,5.544220212180284,4.860533589404459
2021-06-01,Three months,6.30731323674556,6.347967824536793,6.996870036337777,9.464776119658058,4.7036221087866315,19.294193920723423,46.445429070052604,10.601611398083133,4.518553690609939,3.9734350446063216,4.138546331857418,5.322747933597194,10.014872272181385,3.916029848461644,0.8573514510286318,4.252480300375883,3.944566554404072,0.3229621836891905,17.667212428569414,6.333191591653309,10.987506287929062,4.299447050010907,2.79750118026616,15.21830880587347,4.192443639514409,0.6602852737155773,7.367126370240484,4.926360403177998,3.3562308961290643,5.403634064324936,5.308901790755072
2021-05-01,Three months,6.25973954522443,5.969337732301261,6.63024935780907,8.75742373833397,4.990773153219896,14.645301358903628,26.978155739203924,11.51490312227157,4.619427972115098,11.376593227556619,5.482209163478813,3.0078833572488417,8.28248797639719,25.92410974282282,2.03465347464713,4.572746119375282,3.7802693449216385,1.4099495571502363,17.33313975654236,4.9523995639406015,7.022338939394279,9.822516320632957,2.216172245139747,14.286344125362781,4.995512479810538,1.8443886696829725,20.609862538883974,5.377846861404834,2.9477011354857474,5.625134247878627,5.186323918298252
2021-04-01,Three months,5.730851516519353,5.086321519742154,5.605883215611551,6.439527765298392,5.379407454294172,7.962662724703473,13.13508568495525,7.480640592762877,3.182090656113634,6.103720769021326,5.581919900488264,2.1370979353930286,1.2089341962044253,44.65221599022509,2.046130887211839,5.166786423637704,3.799844406850883,3.590581203502863,16.465903220800747,4.531823743121799,5.811151875806475,12.092821081751893,1.4033071870944713,9.801023954715117,5.624958076352993,4.061905646347608,30.74189716823339,5.931470089812829,2.748480445087398,5.30579693430302,4.48699300384765
2021-03-01,Three months,5.089672845169213,3.710740932986911,4.021975597631555,5.9666849738011285,4.666677233452332,1.4544170093584663,0.06466490528893587,4.203602797402262,-0.6030975411233319,6.155832066586386,8.665528526076915,0.8530959544619465,0.8578671370910618,112.60024002638053,1.4517526664405311,4.463894942555191,2.746155067487721,6.636744855121779,7.541796759779151,1.1269176278188908,3.2815699579660906,8.196926013189266,1.7642253216759718,8.409138171173169,6.1469714848088275,5.123253988476439,55.85811367621398,5.390226201897752,2.3625292865993686,4.868516261097056,3.2210955300640887
2021-02-01,Three months,4.571979507483004,3.1810479391376933,3.4446046470203218,5.953367790917485,3.889947927018844,1.5288840746460197,-0.20566133332480252,-1.3226164064451207,5.916532777740624,1.761645356312358,8.533909693380659,1.5704510302187114,1.7013177537271496,118.73306092439759,0.8871092295159588,3.6525598095039413,2.2794872754859252,6.278828750169496,-2.379316244561591,0.12278440122819312,2.7043725813938657,6.672490100484496,2.5981520423585813,8.330754829731536,5.812269431912931,4.665536473893561,54.48786655096052,4.521811189892921,2.0388745638047823,4.250621948577171,2.565636732651244
2021-01-01,Three months,3.522501158803104,2.5296434158641024,2.813336754653162,5.4683729078803145,2.5592291630709862,1.6138276360156745,-0.9736942865398168,-0.18804166976207348,8.690578814449612,-3.849082999556741,7.689080899393397,1.1725391111633954,6.081793200288765,81.68733923241656,2.4670457349599273,2.1332582850869475,1.4470683452604938,4.06851376778663,-0.20132402925985282,0.3847424458752302,4.05197748897006,0.35985405912535295,1.6318472390944638,11.314462467299414,5.125237691674545,2.770623967207797,38.4201236131712,3.0130432294408926,1.2968385589285036,3.0632234361687827,1.830809337030792
2020-12-01,Three months,2.4668851154558524,1.8570209552591477,1.9260185993695833,3.024469023854559,2.203299233961209,2.612110829796155,2.4086237740831518,-0.09410011209259883,9.63519621228981,-7.099621429373748,3.2482356594828232,2.218572066322899,1.9211082148451464,34.832653021227486,-0.9970060643437417,2.0837602457095317,1.9085519319346878,1.185794881872626,1.4416153055035075,2.8707533221174364,3.1749810667839107,5.04804537767265,0.6590045948010825,4.237833318957973,2.645570830122046,1.8909201311095192,19.729605527815487,2.326196595828378,1.5447246359288735,1.97336484309516,1.1760129183017831
2020-11-01,Three months,1.488161001878896,1.3829785212027046,1.4047330486518073,0.43353407766892893,2.0506567903803674,1.7563971040530646,10.115796053214133,1.8133691623964943,-4.181800021316695,-4.757984913398305,-0.29620978979327806,0.23909701706044117,1.075578475491623,4.872865481401933,-2.2394617951730034,2.0251762539494678,2.038334190871227,1.3230664650475399,10.38234910236926,4.4250971226685865,3.9583327802743096,0.146054673161089,0.6832655607434512,2.0473723982617154,2.0991337714765246,1.8819345187299108,7.1855028754461925,2.063209707441782,1.3004287055875974,0.9108363159209931,0.7002915072634286
2020-10-01,Three months,2.2097441797888973,2.1904992735241047,2.2996273398237843,1.7711687008382881,2.4531917442587314,5.213944806244752,18.38974362546446,8.145247550184154,-7.590678711912135,-0.5188139925283997,-0.07128924338373199,0.09860903609975047,1.941310616155567,10.232169142851477,-2.6744758328267393,2.5644432010360596,2.1415877388056392,2.059907931783167,4.722066549399195,5.209959203016901,3.515867261229033,2.998900229503021,1.88700331357734,-0.347101042535658,1.9323113196475727,2.5695742399227006,8.040892287051538,2.5952227525877447,1.7172791955906819,1.6965231573935036,1.590012780037231
2020-09-01,Three months,3.0534381632055574,3.2718331565959824,3.6207155561792437,3.0849799037235393,3.056323494310065,6.7440692677598335,19.3112769541254,8.050005052661913,-3.5916545399705013,-1.5785496845036717,1.184014695853297,-4.318244589485598,6.150194610951543,31.922579033139886,-0.015696584981506057,3.0141186305448153,2.0936276026163547,2.581296226109475,-0.10484977910614202,1.4652600660471249,5.182953713302618,5.941383705681558,3.2091725552035655,3.3489122285242257,3.0210844964469796,2.676288801013915,17.326436369105693,3.4592818561583805,1.7873869903797912,2.2974409445720045,2.4314058381214476
2020-08-01,Three months,3.619333821366344,3.2613036938810014,3.5951842082243113,5.349949568961665,2.771649488422101,4.985395796674341,5.395074551192702,10.587042757402433,4.170686322770312,-4.080940057900828,5.5502494967994975,-1.9180681690525003,10.944518300042416,79.23524349755296,2.419493409364315,2.895013685611758,1.7865535861107062,2.924797327846984,-2.1787177350480413,-0.9380964776606215,5.511192819253519,7.62022998178995,2.0592437200347202,-0.11492710518717919,2.1982181943195345,2.8854631750430126,31.088676857994457,3.2051018026099554,1.9185689291095986,3.195373653764566,2.7011346728877506
2020-07-01,Three months,2.8812113025154407,2.492936467120943,2.5709327065539966,2.802104244027448,2.939345170292529,1.07082893291508,-0.7972411881139951,2.6206804500431558,2.889911641529741,-1.1304081323999737,3.7831356452405096,1.1147483426102944,-1.5830596352467974,50.042150400282836,1.898962876819299,3.1528842205787333,1.9577272004246637,3.926944184550263,1.0732438903862995,0.03400605465979645,5.455274811480071,6.890232306752941,1.2615956573984732,-0.5442966923219661,2.225101488306347,3.4307659742641494,19.96494981837904,3.356781963183386,2.234396437816377,2.5157353397251114,1.9955114576968969
2020-06-01,Three months,-0.0038361025194277865,-0.2558898744194571,-0.8193249316538531,-2.0536370222299594,1.028845615949714,-4.160662981822883,-6.2895829182485485,2.4893347893861106,-7.664291878191587,-1.500975108565894,-0.8841382103708217,14.023652149988287,-19.230914334453043,-41.089496263964996,0.9474210226805724,1.2551142375042401,1.9540976327643067,4.578297662653363,-2.8313678193067404,2.0156247972000996,1.6162512445276,-4.911284488303746,0.5033103919078075,-3.1186382581283922,2.536490066862962,5.061093074016543,-22.98549589969826,0.6776204083589477,2.1570716636572618,0.45920383728070835,0.2420876076623335
2020-05-01,Three months,-2.391866734240855,-1.1751770489774827,-2.0757067345926528,-7.525966522460637,0.2029082878602928,-4.012075117579683,-1.9074806045926262,-0.6518316116011058,-8.606430498093886,-4.287151611716644,-9.223172895721222,13.959598435779853,-26.622253154946087,-74.59407531999712,0.09439713005174877,0.40590007054208677,2.466060605240439,4.4681591947261845,-11.51338004907001,3.3385354768966202,-3.760835774506077,-5.739436630084793,0.5645282770088134,-3.3358059451160993,2.604015604935017,5.267544441949568,-50.35752924514662,-0.6249569094243679,2.771463813818431,-1.9636310435107163,-0.4482815975341281
2020-04-01,Three months,-2.472668355154395,-0.8165714528069801,-1.630465797428593,-7.69906034866128,0.12045243586846777,-2.473282520855191,-0.457881935592952,0.44383852760012665,-5.599455601312542,-5.216405368889854,-10.220494120263968,12.056485768286308,-17.720814962275742,-76.32106198506587,-0.27059471251957845,0.052644442051485996,2.6338749371636716,3.131204198804216,-13.483714754450881,0.03778861009127166,-2.77928496618155,-5.55472602792404,0.8582774584928066,1.218250317460834,3.387615558722046,4.262325769650288,-52.991326173545396,-0.8029930404511831,2.7703410369797954,-2.0747409378988113,-0.04614009208935288
2020-03-01,Three months,-0.13798255916109836,1.1939361549530902,0.744269380828344,-4.133560577606588,1.7879494195101042,0.5603418914512659,2.569954349668646,3.826848405130079,-1.9604878282847515,-4.28618962138505,-6.407303516522978,4.795565993670037,-3.986011833090908,-48.54121349045221,-0.5722558123279375,1.924837914194888,3.109098163429991,2.118794986898398,-9.331091412039605,1.155771678192541,1.6804118627103959,3.645548902251594,2.121509208034822,-0.9471872673587733,2.1261335001127035,3.183618195549176,-32.353785845810364,1.3594690763641504,3.3075742769618444,-0.15394085817713732,1.4097517900722334
2020-02-01,Three months,2.127822189208617,2.3999669458061534,2.2067650176392117,0.1315009361262831,3.064912536859543,-0.041223088504793726,3.4916120634158165,2.89759439536319,-3.3588761648535304,-6.620754253012951,0.1997522058146517,3.2375748022520856,-1.0393740483175873,-7.243148974393976,1.2641454470875058,3.032014847740805,3.0589666974978336,1.7985905649279266,4.249008516645181,1.6697590734366274,5.265952470415636,3.224147625652929,3.8012373787496667,3.8324210310731743,2.741891808029062,2.3541085492565283,-4.813222079206225,3.0650009304379555,3.2895355335423204,1.8849165150890634,2.166593730494326
2020-01-01,Three months,2.223916173360241,1.8545719297980545,1.511833319494582,1.140621523369667,2.7359903870888047,-2.7745007250861153,2.005752844317832,-0.6539105029881975,-8.843599444608097,-5.165093319647274,3.1753020341979132,2.305243663719847,-2.5612675187674627,20.70799682829143,1.918772582504058,2.909040514848704,3.0927456814318965,1.4207317347845416,3.913533725570928,4.214668016586498,2.9054264033015587,2.9946213974844538,4.633694547905187,-1.037614575104906,1.181817491948034,1.9884413613059593,11.567407820680087,2.605351265795286,3.4350986919270188,2.0595303540443366,1.6041552059707476
2019-12-01,Three months,2.231813940261884,1.740277686593883,1.4982766221079968,1.4971016415462612,2.59025163339619,-3.0789725644571386,1.9635938166528089,-5.7578591797868945,-7.275673686732476,-2.3929368576743992,3.9019447571955634,1.0004123535677367,-6.907822245673367,30.15332061922622,4.315728728948343,2.643738266937934,2.6866080126053182,2.4564327504542183,8.152413360774013,6.007722103904545,-0.08307529194662155,0.2799906185334322,3.6588940418835536,1.3419414663045304,2.5898093027267866,3.0166211189577075,17.089721518651004,2.5518962351938512,2.860099608691513,2.1067103792854036,1.5128192191650847
2019-11-01,Three months,1.3728844483368974,1.1416900588430146,0.7511631010060471,0.4753740447576371,1.8057543933296394,-1.1705234488907035,0.8101850890715578,-1.7687989941640447,-3.6919268687312545,0.062410607905105664,1.3139741348681122,1.6757803502489121,-4.3298495006680255,11.581375696154804,0.8086773180542739,1.9593941454242536,2.835305824971601,2.6284969274791736,0.627974820780941,3.9449013291171786,1.4575322876410501,-1.1399079991868288,1.58205463156742,-1.5574547253879856,2.2908689005141536,3.619860478520809,6.628707922083277,1.481228873516982,3.020816361623213,1.4564757632621994,1.1933958391641575
2019-10-01,Three months,1.1436264097215654,1.3571878560266537,1.025537656308484,-0.4054572579168969,1.8778110511072255,-0.7366074342778584,1.233329778435155,-2.5718818109774277,-1.0029317294491635,-2.2940766389246914,-0.23110622705332373,1.3207751882658325,-4.214749871411061,-5.0863850879413475,1.9078252404849838,1.8771636272312708,2.745275487055032,2.9326658971680963,2.4673528258414956,2.8241556999082817,1.0123611071130245,-0.8740628492457714,0.4396602538766725,1.880012459615088,3.280464934353189,3.736975386050867,-3.2453527166772522,1.5989689385978778,2.9712212273786953,1.1204808422782264,1.3628423680700497
2019-09-01,Three months,0.965946993303124,1.2144529909229984,0.7954572753188893,-1.1334249325141932,1.9591254943775116,-3.292295109042831,-0.28195144611178335,-1.8862638544459354,-5.564568854879992,-8.632457268888915,-0.019660753635653005,0.5534294560583852,1.7307700916363578,-4.720860210716948,0.7097402339504733,1.9547305296071293,2.863517375767044,1.9420782105895817,2.162819927558668,1.4065667074836696,2.462249345302192,1.9858461842584774,-0.21753267079620553,2.1534641158170054,2.0105982646348552,1.9356081123523161,-3.2559880433547073,1.6564070937417075,3.2586676011059357,0.8913615625939952,1.168598710188129
2019-08-01,Three months,0.9118850640048137,1.6586493753997678,1.3029208000252757,-1.817372902311043,2.2035193596489755,-2.1413890303087046,-1.1299433283462168,-1.7924557044039835,-4.414015748824928,-0.4810774069696877,-1.6515322879710803,-0.39758838733092716,2.572110640149461,-17.65014983458232,1.4717292666314163,2.0352449267748707,2.9216208102550656,1.8501167605044166,-0.5095653054696725,2.105395456263337,1.0888827838067217,2.0164958455436865,2.3243620339332915,6.0580180331896605,2.8953643050289912,1.8176879906719456,-11.534370815650952,1.9506439059475467,3.36926407681144,0.6728842823549019,1.5118174512457783
2019-07-01,Three months,1.017793624582386,1.609390413936329,1.2409142942620965,-1.3148039773987041,2.1207352534114765,-1.6006177134117672,-2.872947809805959,2.544890117741816,-5.1396081109792995,2.720201652511478,-1.1675411760073362,0.43532827755288217,2.292685779889503,-13.726388802141997,0.6805573161508427,1.9873255403193069,2.8342759888645652,1.41266997833982,0.16572798743874628,-0.8716960537481722,2.4130194099657,2.3478049843269178,2.8624411627342417,5.167183670188269,2.0656731849071797,1.0118952765335143,-9.484130040657146,1.8865034288189753,3.3817943216516655,0.8060196875321779,1.466072078237457
2019-06-01,Three months,1.6203249737351433,1.9626999213617102,1.5901450788555316,-0.05172302212941293,2.407595360990311,-0.19944941668756933,-2.696605651070483,1.9388440534856333,-4.879017690723564,14.067291770815228,0.015731309207800415,-1.3921400449125265,1.5035262451250198,2.808073724258686,0.12337386290934838,2.3441265163274494,3.013095000610644,1.87637817649966,1.5545945636173952,-0.11170439613238381,2.9254188823166327,3.8784875819999787,1.5385993598897585,3.800389905417667,2.1583283245901974,1.5811421913730639,0.03410915847292806,2.21621890937278,3.7388477943870013,1.4602227813798718,1.8358581836578125
2019-05-01,Three months,2.3503595747754957,1.5944815787033662,1.1411369576826758,2.3684536175947457,2.345418436395086,-2.9298506417939074,-1.7967549453041465,-2.233094100071753,-7.136682361502167,2.08329629989501,5.153216833126395,-0.8548467739966203,-3.165072856085116,50.717896769081136,2.52620412400113,2.4185423131775297,3.3043127618999524,1.7835400526809986,3.1746833097931804,2.3979258308078455,2.976512316011859,5.028221499995977,-1.2132054045360774,0.6580173954496393,1.2789419904498445,1.4933921063325029,26.920953214692634,2.038818892862526,3.7707257760966506,2.354114106392169,1.4661103917478657
2019-04-01,Three months,2.803531727251185,1.5447882169246308,1.043210252261928,3.490644377100982,2.494198110918955,-3.0389497731318826,-0.3198749530676781,-2.4076673793729353,-8.313884967548702,0.19228151160854967,6.951926212256887,-0.299719787759567,-2.0599001000630723,80.79719599690675,0.34611507826680654,2.6819627495955567,3.432833773320043,2.217460843344843,-1.1472266369638051,3.664307685875179,4.04702639550476,6.701009070402497,-1.6186002479927408,-1.6558175904042738,1.3926732173064726,2.4714339073864,41.04829898596214,2.1828308460512424,3.962154279573804,2.8365915112756435,1.3606647150576023
2019-03-01,Three months,1.4410090071131254,1.2635478416228363,0.7883822017194619,1.3564433951076982,1.475068390867884,-0.25215539760620187,3.267175786250176,2.9879571490004864,-4.716756134815481,-5.361625346633081,2.184404813736829,2.706209865064624,-1.513064283732124,7.551707032210397,1.254852030687359,1.4314918457377201,2.6467938438524463,1.1101015551291393,-2.4337231897012312,2.1794584955808105,4.307691635401167,-0.01120035093337135,-0.19099678334720815,2.4406257023845024,2.158171114384899,2.0670145792548666,2.6071064175862357,1.0461377949044115,3.5883365099578013,1.5091996699559296,1.3079744416181205
2019-02-01,Three months,0.8053047193687268,1.5969001303932862,1.2633100224124227,-1.9288328469707405,2.0788031164806764,1.1897512674231558,3.5650060491759117,4.71804385165937,-2.9171820761103473,-2.329214069352914,-3.46300739983465,3.4272346585820124,-1.178413939692191,-30.572098258584003,-0.8733138823718622,2.105365109989199,2.967575138632572,1.3359593592809027,-1.8772269178350287,1.3725145809257322,6.0407618001764085,0.5826094022503892,2.0706411570284633,1.6123882514552434,2.2013614018254746,2.417422928747781,-18.459326243285933,1.7375652892250626,3.2208562403956975,0.6464894547335343,1.546979382401692
2019-01-01,Three months,0.20679792737972047,1.9839962716293735,1.7095907911524488,-4.420145391222907,2.398752612091304,1.8585166878502424,4.913870875938819,2.942222215943646,-1.0408121447813001,-2.211964401191646,-7.444309840007168,2.824353193831608,-4.374986479552955,-51.8803356585958,1.4513143667123973,2.243782321264809,3.4306896794247255,1.6437419444975898,5.058618164182849,3.0888505027409696,4.0397993155681045,-1.7730156166555155,1.9400065938244282,5.873977070578951,3.3728383144000063,2.5066840458265904,-33.72377216513309,2.0640445870983237,3.3217646810805856,0.03910297722475864,2.1107452367530977
2026-08-01,One month,3.787557859556645,3.0100143085947995,3.169896957838847,4.0445738569372836,3.6780499911031495,0.8762026663892586,-0.22678227104081516,0.27566447024287566,4.4011043078828305,-3.404918835756243,5.790716173803134,0.3730080132843483,1.9345577625023314,66.72530361806506,-0.9538837778058529,4.324703765560134,1.7213181929163879,2.704535193883384,18.777420106253295,-0.5522469359663607,5.877091518194755,2.523095905634354,10.886393672818006,-9.87009421573405,0.8992205413433485,5.00772745436906,31.501339502982972,4.394516177514585,2.2528634300448713,4.344720948546699,3.4811613073783443
2026-07-01,One month,0.6057667348795981,1.5247603356581374,1.1780591968946208,-1.139114367336025,1.4032434902765845,4.950014297457317,5.102229103531641,-10.222926298413803,16.020128153017122,6.941688808879509,-4.269703828300708,-0.9756901707392518,-1.4132664065950706,-27.871615515097826,-0.5955827064960562,1.4186887593744313,3.2232995903838324,2.345326676315973,1.8050071694476255,-0.41874959988887905,-0.889349160639985,-0.3810870594954663,0.05783550458076103,0.9417955803028288,2.025792990507025,2.4145601205785017,-16.066825278799246,0.8170091408349567,3.1582570256444953,0.644107652197845,1.7390115381338944
2026-06-01,One month,-1.2274107582118,1.6112102237781034,1.3900018090569288,-7.521540187770004,1.7527369638079326,-1.1753580947777453,0.5430001909605853,1.6944714463431154,6.4847358578101755,-24.352447108200803,-10.757904379456951,3.062590646863761,-2.0600317476636487,-68.73805675750502,3.322538021905519,2.4095420736714557,1.6946925438034999,4.144058515165816,7.126141482953652,-1.6718307621042872,-0.9220580689557556,3.8638118767605922,1.957452682156724,-11.804934766132725,0.6774699874964485,5.577447407859082,-51.39776679319075,1.8155119055836444,2.67964250446997,-1.330592932891872,2.010885599270762
2026-05-01,One month,5.352273335438262,3.7828914103909206,3.784074214069255,5.687258637527193,5.20900749088673,1.067502837258938,-2.2897967240168127,-5.018585272944998,5.268404969349638,10.391451529363295,8.245691930374122,0.7215212370511814,0.5045374505896039,112.29087783768206,-2.9961808496581033,5.012979643945892,3.795592809869075,3.504334337587234,11.071702410830508,2.4385019640393857,3.6391973182942072,7.201679103190828,8.802835819954002,9.598534592021934,4.4868152989469445,2.6981437217084903,59.19396048568342,5.667709200581084,3.750590065246917,4.924305096180892,3.023206306907933
2026-04-01,One month,5.356810472315643,3.4478744924508975,2.7837225796859766,7.856420166306677,4.239569373367735,4.188276933908974,-1.121769905465786,-1.556348417627118,10.697277204584687,12.884526290385946,9.868869834604311,6.043187424613938,4.961298616321286,89.92592209035965,-1.156455803044043,4.048206711001856,7.763819572268704,1.405815301158686,4.369254617565299,4.080351825902984,6.67262121604153,5.675242873596242,-2.113916598591359,8.483036609647243,3.7302990382097834,2.025582295544104,57.59231783632946,3.0181145371059426,6.593217055774869,5.496943438475643,3.2658089517087374
2026-03-01,One month,7.802217339664885,3.111074109405876,3.0944612265319416,17.88809592463496,3.544343185259735,3.813061494140535,-0.9145595163323361,-5.876629169425696,15.189857829829933,7.614031592032866,26.259153321240625,-1.6769194571523482,13.158304941466303,876.8078184703771,-3.8971901551780985,3.9320121193835655,3.4928550959645976,4.266901582743032,16.574011779485055,3.0979428069680237,2.966817623947371,4.020700402349764,0.5254567537280819,-4.6122344310868595,2.108226400804303,4.738570618826565,269.7438184992881,3.586436472254695,3.2008907039345447,8.816646655220195,3.3829073372342533
2026-02-01,One month,4.2531803700047055,4.107476478757532,4.472441540176497,7.500722658861014,2.8385569483477147,8.144870804326976,2.728548086410809,3.603891553511751,13.094452513124955,18.596796468014354,7.134452881592157,3.243806856497189,13.316993074759154,17.714627515881375,6.220489574074706,2.917829646654746,2.5675795771517684,2.425938697349328,11.350692748363468,-5.886901584926363,4.2742139837607995,1.4653382714440388,6.012386207644904,1.1193466928967055,0.7739516758261455,0.6300006405943304,9.631269340773407,3.016076269266521,2.4484258145736515,4.685268733562675,4.584138973727092
2026-01-01,One month,3.704756595036973,4.847564166972362,5.305589417800549,0.46422179456842017,5.19407044055511,4.651693263967882,-7.976282881430874,11.170879874012796,19.455406738719482,-4.442100757916744,-1.7141806973175577,2.8174064862657167,4.895617812313291,-33.69345221702561,1.5275542595914127,4.863538225158037,2.832579031701754,7.034329062668299,10.106518119941853,5.2105949218260506,1.2465140250763618,6.815232698273999,3.9856012204056768,12.794606492514804,6.036387401766108,3.700827007261731,-19.37857555000062,6.0789357087069895,2.7386914527610884,3.201147053861164,4.461375193867245
2025-12-01,One month,3.9107951114811357,3.8540480246230358,3.8859407166955684,3.995941481217846,3.8667910528684013,4.728321701680627,-2.966979122825608,9.891345465588962,16.956074167783243,-9.197449426899784,3.6031930267719003,5.064093207345111,6.000967025408643,-3.77609964367841,3.372761786833145,4.054939025931481,4.441546517622852,0.06868833624691373,-0.31101934775203954,31.792972840487167,10.956094628057667,4.890341871185866,-4.2352984744676085,-0.22470097333697758,-0.07206449462709985,-0.018806861314968337,2.8425698060100313,3.681260588267743,3.677993619691744,4.059220719745205,4.006581138935839
2025-11-01,One month,2.421009470665658,1.8845226849873553,1.9192483706772956,1.425815618674009,2.8666911027039443,-0.37936503993899473,1.0113376207421476,0.021210407160987543,-5.231193753308483,7.3442961092549774,2.397269269476654,-0.16578016534529727,-3.9060970323830935,34.94285227625875,0.12426003280079367,3.1513471324854603,2.4930994241636917,3.1017819878890185,3.203628469222042,-0.43074577340640463,1.58267936502281,6.042567778653241,5.037722431689184,-3.4447034954185662,2.419101034488058,4.5671332195055925,22.648836888868008,3.0103703822607075,1.7490095905851044,2.2583749977579837,1.601137257227081
2025-10-01,One month,1.791966960540159,2.1478475088912763,2.238340335579214,-0.9463976426618559,3.0497185388147052,0.7293879925713842,2.305119075308526,0,-3.1853158862683473,7.454709510031177,-1.8271507814222487,-0.15655634194554624,-3.904468995563648,-12.229777946758425,0.031052551883958834,3.449647011144852,2.480890188144058,5.716982194371223,4.8874755124115765,0.20224608969874325,1.58476947393702,4.14275287600141,2.762537928979425,-5.485499336502031,4.238865701886874,7.900359794483136,-2.836399869171091,3.2453847240464073,1.7515624432396626,1.8817079576281204,2.3214713738801906
2025-09-01,One month,3.5656107681907745,2.8215620275967135,2.9987599623690464,5.379005237826973,2.7602140441287837,0.20153194886463055,1.72199775245101,5.603685375099032,-2.842748230437575,-5.006906786715481,8.254685077497669,5.05497723448487,7.581615479125592,45.86435261608026,3.7374330539028833,2.496621820200029,1.359558928463378,1.2333143120885737,8.466279774037467,2.995848987589289,2.7459368048981414,6.112338539491069,1.5237302098652927,8.640998846788328,3.329458667615226,1.5324763286741483,20.155989512116967,3.244671033126023,2.0136075255109853,3.390339037422274,2.4943400725067955
2025-08-01,One month,3.097348709741654,2.72084765792866,2.427133142895199,1.5170052632051512,3.8135772774990473,-0.18996441799727926,7.419964799628964,-1.1854012930068825,-14.974362185814638,22.099406879540883,2.4451482392151114,4.676869254550531,0.31270031244232666,20.245373429978986,-2.5086676739894287,3.6459253998330166,3.524305398921479,1.7572170874288862,17.375607460566123,-3.291335222021896,6.287669505288163,5.909262006456384,1.5756228558726049,7.994395220999473,4.971776027477159,3.9436110894417453,9.579113129437244,3.9331917807933436,4.033809960921397,2.755506286809717,2.2515157575260236
2025-07-01,One month,1.679323738444971,2.2102457291600652,1.9941635440965833,-0.020777781551239993,2.458763258202601,0.6059227606419748,3.138416904110364,1.059583405393516,-3.8732469892770016,4.069719719016041,-0.3590272498245617,-0.39856741112952454,0.9532133762254924,-11.128787438375365,1.8941826414200058,2.5374593781528842,2.846930512862156,2.3775282435142264,4.123860586445072,2.399496383759425,1.5543676178486843,5.956597045418599,-0.6861484994617473,0.5916683066183426,0.9351367826256451,1.0749231929063408,-7.041944254418475,2.349686949859242,3.268041394421406,1.688433918147747,2.3252598707036665
2025-06-01,One month,3.0999601933529686,3.0460562235223643,2.9269865169936793,3.9580189022321077,2.7156538015388865,5.768185640417034,-3.2911627703744895,16.17688019039354,10.338894587923676,2.4364553319951687,2.9944642146881195,2.991135627058328,3.8272958638368104,1.4436155185979294,3.0799035635856287,3.182355201890874,4.050093917151498,4.88878229850056,1.2296262497093258,-0.7056611047449701,1.0699698181650952,3.4896835524107273,2.017867114920402,-7.324250088139284,1.3610239705990734,4.6600219825864375,4.631194517164894,2.2783397303699493,3.5515541948566876,3.632581995718276,3.642720546396072
2025-05-01,One month,2.35536979772919,2.847108433981238,2.7631273970517567,1.3544821132562612,2.7967337676859882,0.7563072545942129,-1.5532936815515708,4.801628034095384,1.9050339183872556,-2.5348773279839976,1.6977870258582772,2.0137506397857274,-4.241841777079447,-19.06043352549487,9.18817003206922,2.5495742444036074,3.501693948339346,2.0551374379161658,-2.396026284409969,0.05518171506784242,2.916518163171533,2.8529768282566925,4.097152893191591,8.779119907778487,3.843300628784263,2.1334089835946424,-8.322114786760082,2.549303095172406,3.268935819856611,1.8238437377367411,2.326835025632823
2025-04-01,One month,2.839204143361873,3.7052767864938163,3.6195239883597186,-0.395688557987528,4.336873951928566,4.575879247261283,0.8764422986676346,5.97858057471321,13.273573510181148,-6.35570399850155,-2.989083653250124,-1.6815254676048719,-0.19645507752825697,-24.394508949236503,1.0219896396642447,4.678816293872945,5.122552187444418,3.1567702208367354,2.7846128933533887,0.08278874983356221,5.244099087893961,9.54767403282788,4.85735283651656,-3.0230991864188095,1.5717984488657688,3.3237736908523496,-8.069310893857162,4.047641010307057,4.081752877302081,2.1032218241432643,3.0039059352720443
2025-03-01,One month,0.9486815334157628,1.371727523311872,0.7188752894563111,-3.9302147299322243,3.25737595449338,-0.7646211423006921,-3.6365078563310504,0.119756662003212,-3.5130275608032946,12.308822670798403,-5.548127287092175,5.049739069959114,1.2108012438365456,-35.88102361680365,-7.327936122806877,3.515175571391027,5.6653546372451125,2.978978349439787,-6.9145811290907355,5.082204666662338,-1.421038464447777,4.5288378054572975,7.1815258612438315,-2.310316211182528,1.592534854671701,3.103782812436995,-15.346926605648825,2.3908630072833503,4.393172413734625,0.4760026229504444,0.8942807462676505
2025-02-01,One month,3.3709523119123563,3.8509827521670648,3.8983075327029493,1.9754876285622336,4.000214488024145,3.097568260797745,1.7763028004074588,3.684183780779926,0.42839557120895044,12.295743593285868,1.3639004191219106,0.29028801816799454,4.469963903601326,-11.604778252040449,5.0741181139208225,4.217682834628778,4.7849879184689526,3.6202025308627706,-0.83923314803932,9.071086227988868,4.3190436336442595,3.1887700445253797,4.9376363774571885,-0.2573121515259347,3.416865079507647,4.884700600327774,-1.6647615257145865,3.8258050114315045,3.669026595282321,3.2950296390491296,3.8563203063006757
2025-01-01,One month,4.297326634634624,4.044158384973029,4.075384036552054,5.987012332607766,3.5251670149227143,4.081140244566961,8.704577466382712,2.64564180957898,9.446259507671307,-14.929912425394143,7.000552292784423,2.781150912037944,-7.733747852581652,18.91330929302477,13.154376038054139,3.0106212422177148,4.274393801730025,-0.781409091291918,0.4266565440337988,11.404429030344065,3.920609150801435,4.585604785286934,3.200330966316245,15.253255022929423,4.8715186099325125,1.190152624635088,13.182975627135619,3.3217387301808454,3.887991363314902,3.788582986217315,3.419674569930109
2024-12-01,One month,3.1042901439637394,2.0416188288699955,1.6345427996143913,1.7855653911978742,3.7273689703784196,-3.266560140604091,5.4593948183178975,-8.189734677813687,-9.657998500463293,-1.4806159775295313,4.643502749990747,2.7007426057235495,-1.5111476334266127,54.919264462413174,-1.9145595035313878,3.9040824795732565,4.262249867916701,3.4512524070733352,17.482101160873718,3.1688640581256644,0.30972855742794625,2.866406705597635,3.3649453908860094,0.09780747453322913,2.8185272311441745,3.923377451141663,33.35812610632023,3.496727991400861,3.9369178740713773,2.9616871075523132,1.6990642424035363
2024-11-01,One month,1.7882417474165857,1.6896266734815812,1.3552811585200164,-0.543353887333009,2.8665624558511515,-1.2590823343711532,4.6151558367308665,-2.3903131729056004,-6.945652150334103,-0.5405060295427866,-0.16083361998567858,3.230439496719506,-0.563154875112426,3.1312426712005736,-3.8239822417969083,2.8838628026867763,2.9475267138974415,2.5761303366184984,-0.4663633861139216,6.736412104088374,7.424169974171457,6.847408165814128,-4.23160796115456,2.4516641819577023,3.054882237155687,3.329206852191491,1.0366214763313009,2.8922458668985795,3.2423293501202988,1.7661189518852316,1.6412444068860665
2024-10-01,One month,3.296573325950636,3.495517268645565,3.1628593153653073,0.8841272766791253,4.435908671757138,-0.42867552697153366,4.632971060240765,-0.5510942739252345,-5.035054910869818,-1.9977000789441313,1.5827061264031883,2.249847212662748,-6.661542690269662,-6.048920385237089,5.826417382439719,4.414054332429118,5.509569880754683,2.571286001274009,8.976322383387414,9.409071960181636,4.787274830797061,5.775847058505912,0.30160582552487547,4.996093175723537,3.5056784873932045,2.9448446486532998,0.6721544530924328,4.066546989181852,5.071725503516977,3.0239480390537032,3.2140601014602588
2024-09-01,One month,2.498066283452327,3.233706111344814,3.027528164683324,-0.9905253717859108,4.140523158334375,3.5831429031913276,4.3067309054989344,5.613380945658686,-2.7274231288397677,13.80201229205904,-3.3620218593523155,2.6512526499093525,7.112288226034114,-28.14592446148897,-4.374973941663562,4.106945032636,4.752181140667444,6.171866232707757,12.708313314995735,-3.661739880686199,0.5908975537992633,3.351523006010426,2.7302556158097513,4.913315336302038,4.342441906765537,4.13061615084418,-13.991649302953924,3.9616018595935554,4.1516999298172985,2.224265297209582,3.0589118254914727
2024-08-01,One month,1.8588046298665173,2.5989811369458327,2.063383487322179,-2.091742579099809,3.7262136723271944,-1.5512423908170203,-1.0020793134210004,1.0396576901454235,0.8200129948086277,-11.890076211205036,-2.3695979265339506,-0.13230219688510347,2.1446913417064284,-13.408071633410678,-2.6774837619406133,3.6704806094849607,3.9914125914210175,2.151498467827917,4.054712780628988,0.6483835410842298,4.060185414620698,8.28502348157829,2.8297748470494266,4.872838856031292,3.9083879112822517,3.531334101614525,-10.687872277756883,3.647759135321582,5.092397128492254,1.4863356491707114,2.3109535699906703
2024-07-01,One month,1.9309901120027728,2.0239654100150606,1.4471022025217106,-0.37564193507411137,3.0189550651243735,-3.4765706937860297,-4.742979734855945,-3.985114305288151,0.09535972037097995,-7.068799433014705,1.3326968763429647,2.103928509194253,-1.86245727979224,-1.3918696138230824,2.405506380138367,3.095394748040503,4.423044236653606,1.1798013952826647,0.09177960017647813,10.078316301446266,2.010378077936159,7.672571311911369,-0.8732948117633588,1.4488782707059444,1.8874457134688827,2.07074663520177,-0.30952540615382107,2.5638718122574566,4.675730177177306,1.7285059943009884,1.7868924809608888
2024-06-01,One month,1.3210658026416189,2.5889191927445987,2.3863990010244196,-2.911203089701231,3.3570310335775178,-1.4892021414083523,-6.418532411875876,-1.6886236257959264,-4.217291925418798,19.888676829103957,-3.658633474717432,0.9425398039675681,-4.726807765206376,-35.50580213549212,3.5624693641575833,3.103399335869561,3.0929514716783846,2.2097233112579495,-4.823599545424551,0.5960756785146293,3.7534615912194758,5.8975263618725515,6.411345156087767,8.700247324065135,4.27116646113892,2.5697435512047173,-23.03604792848145,3.4383298230049597,3.570087614519646,0.4544960260597364,1.7997083671650316
2024-05-01,One month,0.7814432087840606,1.522148868705564,0.7633615009352113,-3.5080642681735386,2.821219550004672,-10.013629002945235,-3.72896930725094,-13.314246723137435,-17.574269553497402,-1.305936272445929,0.15018081475497436,0.5610016926637318,-2.4687067956760345,-22.359717724442017,8.246675896308474,2.4867020340376467,4.291692632733524,4.063622089014296,-4.370130982887854,-5.0442378592732044,2.038409942002084,6.83441026798941,-1.4971898542283535,10.187894908021633,5.759132246185206,4.070177203713521,-14.355508559699892,2.2617758865517423,5.0554838735894725,0.3655354894587459,1.1842595886473628
2024-04-01,One month,1.9275731424700515,2.3458577184626073,1.8193729426362326,0.866899494259088,2.4297102815392213,-1.2542326149443062,-6.070716073361249,-6.845786871121884,6.379425971846708,4.260043561021587,1.9922239372600181,0.22790029069477136,11.861246105853462,-1.6743286421960102,1.5973863630337926,2.462620107783775,3.623691316357336,0.5142610825442873,-6.631651142934791,3.0370461585101927,2.577910023701069,5.709354890153562,4.4549732538856635,1.6521144904377838,2.235626460311413,2.45152485370026,-4.07322292378346,2.0300842427748877,4.784473724217264,1.742239749701291,2.1917315299182283
2024-03-01,One month,4.800186092631109,4.49232746036845,4.381296535720414,2.734196081160145,5.7745298682366775,-0.03348510114441483,-3.899033101443772,2.0781841932218326,0.97133558172577406,4.301251557842067,4.243720545722374,-1.3746135125547454,5.120392987348699,40.21721589915512,0.5122812147741795,5.484071784812206,5.11508580674378,1.9808274508666068,21.529312215345197,2.7979072557141382,4.725088571835068,7.546159151069376,7.499472979969202,12.52060056895068,4.733561817233856,1.937731900612949,25.876469021909543,5.959204908943749,5.002412297072079,4.305102016929707,3.8689989389319557
2024-02-01,One month,4.07055543909387,3.71523676992751,3.328211116896451,3.9614731983905305,4.119604637256158,0.5149482641817471,3.7017252108370924,-4.758434420452118,6.332688090559824,-10.190676803663257,5.8499730615222845,2.5064237874371953,9.849970951354315,24.128907937399457,2.9970348048865336,3.7530894135209936,5.509901277148477,1.429299581454746,3.7060558520250586,5.08506250200591,0.6919075323519541,7.474729463496277,3.433682907711,12.430475289301256,4.80245030457962,2.1137683451804445,15.688592021300906,3.6585144025732763,5.548176274427186,3.555788617552613,3.069535247622013
2024-01-01,One month,4.485175599433289,5.158956515637536,5.035325470177754,-1.1641776062627174,7.242329302700035,1.8157147811829422,-11.309261289840922,7.491668801786577,17.490527596489347,-4.04062074563093,-2.7078504400052106,3.472326647046642,-2.7320404534294407,-22.293545327736396,-2.0059152819194237,7.145214438706349,7.195333345719157,6.242589102720819,-0.20276490790113177,4.458232034779508,6.674105833933797,11.173157334670547,10.083662288689755,9.166263139655072,7.435135654935965,6.766873393113726,-8.270307331741666,7.4123448200296815,5.76640684463301,3.7213604811303425,4.406490992353684
2023-12-01,One month,1.2302044395958278,1.6956759655513798,0.9365944898563905,-2.7282372203127014,3.1611037695776556,-3.306071090804741,0.7559019509579379,1.867583660792338,-15.561765873018086,8.412249939641336,-2.407683557603879,0.41990347868074984,-2.7937901843867463,-14.313819659944881,-1.2173187545190922,3.7268219453180373,5.017917911061187,2.409608296338628,-9.50366747552719,9.29510125642279,3.5237639596937154,8.238426003511478,2.916111057478532,-8.506510036231763,-0.6046651381880763,2.457958343550004,-7.148663102742536,2.4819618790448805,5.215127183891455,0.9219065149334238,1.4034384760877705
2023-11-01,One month,0.7826747408126611,2.053637554011001,1.173141866261651,-6.573461310527195,4.501853809788292,-5.149031279913229,7.451785545929779,-15.913477683734778,-9.645323281865782,-6.140977340339604,-7.320063562337631,-1.1265397725600423,-10.52204663923323,-36.91885892821561,-0.995218595240166,4.465602028898896,6.766115905286951,2.723343744406792,13.42782132315099,3.7863178184554425,2.4382934125136924,4.544021800773623,1.6396576348375547,5.209370010475611,4.182529091291753,3.792256891683876,-20.412885035195004,3.689598029745622,6.2386441171099705,0.22979404244516388,1.6207670396870322
2023-10-01,One month,1.5328679940550538,2.711953105139475,2.1037195620878135,-0.5066050479519024,2.5343925303828785,-0.06660376066680573,-3.302368119461141,-0.70418236038301,2.618326254621217,3.5736417790209973,-0.7467450735348713,4.1243458912608055,7.2278841414439965,-37.11233885760181,6.493872131292089,3.0579965633988904,5.106215465344488,5.122467377031326,-1.194097933784699,2.3546773940273713,1.3949666628599866,2.7025307641843632,-1.5011027851303704,-8.018010086385186,2.2481780351816694,6.42022999181282,-23.955076219665884,1.6224689371364454,5.547341805352257,1.9057375304314617,3.3583523305761087
2023-09-01,One month,4.650447348467757,3.992284319870887,3.510918479043146,2.8195093242602276,5.56922751908322,0.06664815084154174,-6.942583577821337,-5.412976841713856,18.673724296901884,-9.349254217211245,4.314020513856609,1.0369733286392568,-4.946541178513342,43.26556537601321,0.42867029098863085,4.48361242167048,6.021573495988508,0.261097594832127,6.163858991108295,6.158168933185526,9.632574693501962,6.724142280772272,1.9141767901589946,31.982745605094,8.984078715837729,1.4185549878248827,27.471324315726164,5.3441159273445615,6.251146344032454,4.431588827204891,3.620522327113873
2023-08-01,One month,3.776156294821731,1.485991081026139,0.777980524540367,6.915704467053274,2.3020867645928256,-3.6888205039721567,-5.377267630543137,1.748107591657555,-4.652082127347901,-5.848993419817894,13.128129476586325,1.940945414980444,-0.35760080904813085,143.8209495673289,3.5646843194189204,2.3234380671600663,4.98689483621082,0.764644432161532,0.22304132583206293,2.5732557234799724,-1.8407126017358277,2.22687800862571,4.253284827987058,1.9007972413576324,1.176841772090631,0.917097635251074,74.38034270991665,1.4312570211876041,4.807957445746558,4.049203123914613,1.404775235880984
2023-07-01,One month,1.6163703362669146,1.6716588982732539,0.7784852273183596,-2.777550301826237,3.815318764502873,-6.429636077852563,-7.217569607485608,-3.8888259186294127,-8.373781789096146,-3.758305648566884,-0.7365117712667901,2.7587842638033155,2.2927012970787475,-4.168255933372011,-3.9363378816005934,4.130306373649217,5.570759563412553,4.632297136652319,13.67232787936783,5.993256675326419,1.762213408459412,-0.5683641880210866,2.019620962159041,-2.788096670120943,2.2710417749568057,4.255725204261385,-1.438691807016279,3.235092226154701,5.911918334609134,2.2206234430700578,2.373349199166408
2023-06-01,One month,2.843378333054458,2.951995616020353,2.314904709812149,-0.6438191759070566,4.583155471017064,-3.3398508065873855,-2.266000959022074,-4.236854566784965,-5.8068824747374626,1.4732853035396953,0.8440807239127102,-0.12462899296999952,0.8606349937813285,7.387236074863224,-0.18157134402232433,3.9703456948911198,5.776078303514964,0.13630821041297203,1.5899852163090422,3.656629981036885,4.61632068948421,10.078439952068742,2.9865435827881814,18.852194412961552,6.200158239171394,1.809673507760512,6.263290501610275,4.160405520323107,6.000993524921294,1.7303254513213018,1.6998442227038835
2023-05-01,One month,2.4596103580829087,4.015745563650541,3.522098526182016,-0.591747530729847,3.974939952922485,0.5173944488066518,11.752140149740598,-7.746027348886708,-7.184944791818104,4.343137303836686,-1.187696271078098,2.0953844866968163,4.399628480000994,-33.75478554794804,5.84323120767265,3.9321684154469683,4.5394283280191905,3.981646492844848,2.1577209710357925,-1.7029870646035783,5.781807954693741,6.315070791054245,2.3167967201546125,4.973043169653901,4.3422091540264995,4.117466740817366,-25.86173172920432,3.801754720094319,6.332315711838743,1.8975804400358953,3.616380806581243
2023-04-01,One month,3.2800433843126697,3.881583525139809,3.2347600980584312,1.236568472196664,4.306740512305152,1.5280829779801275,14.003196879621749,-8.227088794226923,-4.92982510254093,1.6920058839599905,1.0790256524159325,1.9615634439477558,1.8197778884241345,-2.973496467623582,1.2652072597313824,4.461620384076426,5.034532799836655,4.500783041917655,-7.647276178500362,7.58873633269459,0.9375151857959452,5.7127849658338725,9.008299442843226,0.8950021858593837,4.885887238756825,6.436038563968194,-6.420827010607255,4.04242259930927,6.98451596309837,3.0116371166718947,3.6699465897544137
2023-03-01,One month,3.0502572883837953,4.893187264081833,4.6698522578831,-0.6231156569590057,4.892195772595986,-1.1256968192087768,1.0177667194075202,-2.3476613872653096,-2.378713102697083,-1.760081527856383,-0.35385220254854355,-2.206107153851866,2.60948744630376,-22.315778874741255,8.462398551776019,4.8115732889383755,2.9931187501086365,4.0098981401569755,9.33582617634816,2.3554211422610827,9.990244223812383,8.976346702407545,1.8314742045924204,6.971988577714239,4.94755903658064,4.250442988424941,-21.473656149124853,5.549863371575969,5.926190945181764,2.6325575441886517,4.713410586326483
2023-02-01,One month,3.3495461793072057,4.2716850538085716,3.320221446585747,1.2266410014769136,4.433310475056529,-0.5367423807279614,-5.313544409939375,0.41187870800367676,1.639790713828626,7.140702405269006,2.182357177374361,3.4542538501745934,5.564101594484017,-9.66865889061398,3.8111259689712407,4.757630214714781,5.754286269367492,2.9030002068164418,6.603402357586807,9.037845414490464,8.27352691686647,2.5066357458932043,2.6237630550249413,-2.0826346369313575,1.0893947248913793,2.394126960358345,-14.296452782621284,4.043323486109518,8.84586769604443,3.7527781885456912,4.905807806647022
2023-01-01,One month,5.891170919702038,5.1679940275335845,4.581601121408463,6.640108586379134,5.550573821475702,2.95634738271382,-2.0687790025916253,8.589021780703865,5.168016403538034,2.6339072556277765,8.639356626736717,3.774600996401545,7.536310635025845,26.186559627851793,8.728445204361336,4.703011510907373,9.936282336493019,-1.2122820734912776,13.575158534802934,7.786535216801638,7.0888089377104,-3.164366362520976,6.087088935305651,25.425418254290435,7.038301025641358,0.7893261407431629,26.548359947702906,4.1411920405624025,8.007891469857874,5.931728705496275,5.078927173547432
2022-12-01,One month,1.543535931008444,4.23022794584349,3.116293477553067,-6.275520617978025,5.586955574340169,-0.4502126827258257,-5.139129776096318,4.526370971309768,-3.4934701384736755,11.465167750990712,-9.203653144290747,4.696262084643821,0.984001993977901,-63.944868812925726,3.0226128295677945,5.664668973245024,9.837498678384504,1.9929346379140789,14.29293645915173,3.2281249052742433,5.240062032497916,3.681778538356606,4.231154147561456,4.138834892824117,3.7653687509360934,3.6940416147500876,-42.41465211260954,4.06047549030768,9.632797637126412,1.4970621487067959,4.662150806656951
2022-11-01,One month,3.2955177781198275,3.5047089015753263,2.4483857418527766,-0.33300349222489256,5.166965365302945,-6.760423396481851,-3.96823243805996,-8.382770638673431,-14.554227055015934,8.008939099632206,3.2268492744788935,6.7133373438207355,4.163043550145162,0.2760205277654304,0.6931650577258974,4.299747283922906,5.845422748633844,1.057197838981061,-5.773945394543989,9.797227427429611,4.226910739077772,5.662166233934562,8.036329285281285,24.891126355008186,7.2863532234543005,1.1488725817376144,-6.0307778887988555,4.904083507869839,8.626782298245917,2.294286776722476,2.370094265097311
2022-10-01,One month,6.25929411939834,4.864686529004492,4.150616906292437,7.0634203796504424,5.862232074100304,-2.800935998066223,-1.1596000191936517,-6.186548847075812,-0.1306705392693619,-6.836928559620404,12.770350584922973,7.476081691399372,3.069818611398434,75.16979588416348,5.1510711393091935,5.991796870571697,5.988390948728206,2.3461037489320047,5.953293155270156,8.13464413545213,17.446825020721903,5.004296128367747,3.769772096162982,3.2143834808973315,1.9992374867259022,1.5505600248769458,34.65499878951799,5.743092066606104,8.313502506496473,6.386118760291959,4.766738853690278
2022-09-01,One month,4.002353849458551,5.103110981012415,4.165021100530186,-0.33480652105011277,6.257955216500277,3.7863128388774037,4.17683864360654,0.8862800227060763,1.3035352883206341,14.065561179640618,-2.4803510074066892,6.2678381869810895,0.26156209203025416,-34.185729167226384,1.498910589586533,6.00020467992517,10.128173099491168,1.8388811371174985,15.86111406257682,2.826251660304546,5.643723951381574,3.5314439045488477,5.970955514174392,11.715086346737857,4.7157459031180515,2.061693513203733,-18.04197699392448,4.936996781897851,9.63124063029117,3.653982064663186,4.885284080483165
2022-08-01,One month,2.855389614239212,6.352676721065165,5.830225936274469,-4.895423039781111,7.0218470661056465,4.737563093031061,3.2082998667477547,8.006478971671616,5.248707337845571,2.1267791733415864,-9.66716456738851,9.165663459882278,0.8110401208989648,-71.32659305347566,9.270564042585661,6.422841497754184,10.50054916174843,3.0788813695520334,15.36170202496978,0.3624138030751567,8.086285734527209,5.960966635793374,3.0592504479810323,20.121260802295794,7.91125915280928,3.38485346094497,-49.77910544337231,5.827406335139407,8.885916149054207,1.9573961088181324,5.899274297771595
2022-07-01,One month,1.43060840870195,4.118714148587088,3.2769487457366298,-4.934827471753989,4.883704925094601,-0.6352140373272697,0.31015863157111134,2.8210635190704325,-3.4944793983047395,-2.586544233824084,-7.095357916064282,16.08381225236286,-0.18993158763853657,-64.54112813005219,6.948423972670392,4.834164890979564,7.924862541556887,2.3384224488902206,-8.569121953415015,4.099476404336766,4.339010657799003,10.40958206458531,4.752753474436799,6.020867577938316,4.679370661646143,4.177707821321941,-47.693514184460305,3.8242049813262513,8.304299734316212,0.4993271331942273,3.4553567773423
2022-06-01,One month,12.18454240056186,7.674819111588049,7.37281031135093,19.36470286430869,8.687561969993762,5.857321388915393,6.066596335589947,3.7283700503408346,7.8954904224011635,4.5909878827277595,27.198009507570898,13.461456964108475,6.746378058545921,190.6845277025607,8.88189971834703,8.918235302904565,11.83652213187727,7.070847190980301,29.318975350239484,6.649355819003766,6.985156737204301,4.634379039112302,5.66963674326133,4.011275668450076,7.3624048350693805,8.73627652528446,125.80163113699695,7.541103446699005,9.092423232589253,12.993123256905825,7.819481523665073
2022-05-01,One month,7.720687004630067,4.247396106605228,3.6041032553885355,11.8379787354306,5.6718360832515025,1.9855088482187533,11.926125759446471,-6.47154540299153,-5.637289054154671,10.315593220522711,17.589156756788384,15.39138603318242,5.19417952460155,97.16118880929501,2.87931160879622,5.977441665370642,10.250525099105644,3.1999376549504355,4.732057397578493,5.939814827500811,7.819980417041683,7.521163362545402,0.23014003815036155,-0.4238574402655848,2.518780825463862,3.7157038158435407,74.06812861615981,4.034046922251622,7.397605905528715,8.049538239917764,4.021952803953721
2022-04-01,One month,2.793273958425835,4.018739101083502,3.5372956485356655,-2.27079737028707,5.533349750429162,0.033168870712652065,-1.3420714437763603,12.360984411524267,-3.968112804121826,-7.1114513848018035,-3.4711558291755207,13.281534608391588,-2.741657712294643,-47.26888860473836,4.256841948440204,4.672242883245192,7.8353352148817335,-1.8392415428202469,24.22416705558721,4.145573171628181,8.295117910466532,3.227328710018962,2.4289315867000782,25.387170596995933,6.092885279170157,-0.5911936961758513,-28.869698526676146,4.6825877578875685,6.342758948857652,2.2753926823047887,3.6218670710273404
2022-03-01,One month,11.756629052037892,4.857395444155266,4.68913304773555,21.339178732623164,7.087544139893365,-3.0440132955872667,-12.261173058955531,17.35054391788038,-7.729183534478579,1.2745313066091057,37.235251248416,15.754994300847635,4.26059764003468,501.84809983998895,3.1067751698209856,6.9612539111186145,7.108460056055743,0.9648276188919169,69.54414435085204,7.707192268740615,6.107524941710607,5.227696316149699,1.738373224383638,9.877972384623913,4.129032095222551,2.0009241517212173,240.63241176292803,6.988194894495114,5.630896081900261,13.059179014385203,5.1212346968081635
2022-02-01,One month,7.623770276429864,5.951342334813425,5.9358630490262465,12.198820247514597,5.347010921556761,4.402067387521158,7.00776720906775,9.12207530802518,3.4410979664145414,-7.903644756065464,16.88694346019266,16.521553706281278,6.886955693478725,49.926408646357956,11.639535702388294,5.216857664010144,5.318077476736072,2.3499523709136882,14.055599352978444,6.559813176806606,8.307832061528654,3.186877372585939,6.5497784892396105,7.915203328727882,3.622118873180602,2.058449882727431,27.416135020426037,5.351326878838614,6.009279445146043,7.974417444810378,6.083581673589089
2022-01-01,One month,6.502577083458938,6.003855969886551,6.115030761808793,11.81830807887907,3.875809241895567,19.795847865575066,14.683158271618236,25.834137493765862,26.964404849024714,8.44443524263605,7.627172721920883,9.014438185452466,7.12167651283826,2.268264819153587,8.749954984162622,4.3608590335012964,8.17308597257449,7.94828614460763,-13.880658348057217,6.869770119807739,1.311568846722122,-0.1833973864361349,2.8822766110457865,-6.346077742539469,6.086161891903408,10.937011245432583,12.944702533489583,2.5242507632315503,5.443448038561827,7.340528400422763,6.8704494336140565
2021-12-01,One month,7.263022843692091,6.806920602005162,7.217754142623267,9.685507425168382,6.02888356336182,11.530061273904524,30.341629722822905,13.689302985774376,-8.236920933891867,11.012784626529148,8.731610894344243,5.367040886075625,11.048364394262666,34.2725771843635,3.980954910154355,5.528391224173346,4.485770882591145,3.47012733779688,13.220357304315344,2.8007941377790058,9.40283497505745,6.566129173329105,6.246612374540206,17.777931124132774,7.379523786213826,3.893990671071834,21.03481001853329,6.540082807260061,4.8620542310086945,6.640886997037199,6.021537400119281
2021-11-01,One month,8.264969606044925,6.183956485383746,6.3699672061777735,13.44793393751802,5.708691188008541,9.318214709183504,24.949863840244646,10.444653166283512,-0.932297268144977,-5.624200809075619,15.857995451731277,10.520246581447035,12.422838896655076,103.9099525200422,2.342935472687646,5.271856875545766,4.612708521067588,2.1641682186284372,32.82053630515913,2.9731695200537533,9.828566401591022,5.825269465214289,0.6699581596170345,16.170937159043362,5.626516704647466,2.1967792382969087,56.085270744519455,6.02841756746868,5.279838860026187,8.25278699552916,5.806547334727186
2021-10-01,One month,8.523413418468117,6.437255820035026,6.6272813732324964,15.312121733584249,5.238032002985604,14.329017286432034,29.127334769662696,5.922395371008737,10.001835022572369,3.578233614499804,15.887469986517644,10.54048297191892,17.43169489090026,74.95827819895642,6.538510770095263,4.663294774766991,7.869145407604239,-0.5233259356977049,3.0215078880738266,8.727315940903457,10.12759572549864,4.288857823452874,3.412294465608867,19.18831881776142,4.778411229270185,0.2695718924694557,58.28008931562856,4.280139474517952,5.548308422573478,8.35764775713046,5.905160808646692
2021-09-01,One month,3.888842181113694,2.30682403447533,1.7715503602088178,6.209803069102149,2.742962340132138,1.2557489952322864,10.253926863034257,14.491972883365346,-11.712108768525386,-10.016414704329335,9.086348646032949,11.975648297637687,-4.022961372224609,31.849786990249186,5.222909941414677,2.5046815257637745,5.825483175624768,2.9420981048460915,-25.023855662094608,5.0570637806538254,6.227683517013549,2.259831969040338,2.983094559331656,8.221411269866753,4.663106680130946,3.388568910914036,25.049698577123646,1.6947372089469726,4.870389466774272,3.9033464542065355,2.0503017006811897
2021-08-01,One month,4.911064006672472,4.140006086293835,4.262330170733786,6.485764904353886,4.143248003684952,9.652552098457878,2.5174466910870885,16.284381000484572,11.090582918621061,15.252453351187189,4.796204244766233,4.627235076068303,0.07501406164522884,31.532490859099394,-0.1519956448879256,3.008928426868551,4.481949755983861,1.8925056136213758,-7.506092754754423,4.074870435793665,2.819078560676913,4.366662344788708,4.633595595627571,34.65408223911799,9.376771309875265,2.0859419789426514,23.940367823543983,4.019942391910147,3.5473727526663,4.054448240325592,3.023268826956982
2021-07-01,One month,5.593629639272235,5.07944452145126,5.409888520786055,5.096172493342621,5.863573512016362,3.950077828493259,10.34196282452562,-2.27056419176882,3.1171445418873844,1.509284023807167,5.81319086356209,6.79218134698647,-0.037486527842856,18.051941305860343,3.699314086719796,5.924803596410344,4.2748299060829,1.705322709611079,19.99445910978679,5.176414826069786,17.472784905832974,8.110897839497987,2.23959427831506,4.198426604087779,2.8997924090033544,2.355465902461318,15.129189321527537,6.4336803479907445,3.5136834074232848,5.608805400694616,4.993256412849956
2021-06-01,One month,6.857865607828684,6.086283025508221,6.573507731088801,9.652737987870562,5.4551391476538535,16.191508635195785,58.89890333337022,6.366968795813643,-5.171739874063352,-8.115781847920967,6.121178181157094,8.037900880704264,6.733451005653501,37.944023068475815,-3.1942363882435765,4.9433448152155,3.7528704315774153,-1.2550024774353186,22.576376448815093,8.264706233632047,17.66688910873906,7.033683506793675,1.5546746324788918,17.831712648409592,3.5439418018879065,-0.7663797312389087,22.653408093577433,6.038762315747048,3.834800226711388,5.729753815768013,4.673070962732084
2021-05-01,One month,5.91153161036444,5.679811548793912,6.16659222706859,9.910578265251102,3.8786149874149745,21.248297027010455,40.7047543867034,15.559658829053147,8.286370922526022,11.84685962747567,3.7940968118395535,4.0546193425247345,10.930891698292267,19.330022399474412,-2.58481855794348,3.743619486126093,3.7982392646831453,1.148629960174663,6.109020935259535,4.030659737503539,5.088169026171152,6.409033877607873,4.571842904250678,6.685973085125729,2.770249617904308,1.3640061119822855,15.80589162882713,3.8359371680659837,3.4019550286531697,5.294579754081785,4.9155395045089145
2021-04-01,One month,6.154811280173389,7.2843373647889065,8.262009222228395,8.833903569672664,4.783094008242128,20.50578127776863,40.47459548033287,10.070598825559474,11.190732869900376,9.3710692473298,2.5320914270691386,3.9271559108414733,12.460792849272728,-31.82972781453579,8.79146346277302,4.074154291978793,4.283421169380852,1.0941284828803521,25.258529506501205,6.7476428137918765,10.564112410909733,-0.37988329400073795,2.289956227333456,21.673212856948876,6.2959127952652905,1.398578916371651,-12.862777262208036,4.915943142867896,2.8343740009449725,5.18735075383856,6.345830483413084
2021-03-01,One month,6.714469588991245,4.9572171389877795,5.481747035881623,7.540743578877129,6.325157095710154,3.1300552633508616,3.581091324571628,9.023759558904022,-4.896909211737411,12.942016157468172,10.282138832322207,1.0697013488863538,1.770294826656471,145.46067114321124,0.23551336045015692,5.91348351556229,3.2616650307537576,1.989570466819135,21.535306485076045,4.101615922365243,5.500691256108081,24.953557323219265,-0.15850249551329076,14.995467310109367,5.956654158168617,2.7769397149417507,73.86577426511055,7.413479639265375,2.608396440003369,6.397712051454074,4.307982922591935
2021-02-01,One month,4.337925330111947,3.059952972117763,3.136156337677942,3.031868475020816,5.03644284607041,1.2575997206147216,-0.47924598464722523,3.466141923790844,3.8842587972911513,-3.2983583390188365,4.088720109163058,1.4379623877027514,-9.419569438622688,80.88323985200981,-2.551941492323828,5.521672825817392,3.8569856983189155,7.814981768777862,3.7735390133263325,2.7850183625673264,1.560501700311634,13.145614965843233,2.0968349882018122,-5.388599324360399,4.62966796459956,8.130391058550535,47.51172277643035,5.481117762658072,2.8028167182065244,4.342450308734347,2.836829445822042
2021-01-01,One month,4.235250177167216,3.1261878021361156,3.463469259522922,7.389898980741738,2.6713501163143416,0,-2.8040663531315624,0.30643490013353425,-0.6027944870000135,9.532296430383447,11.780626981460074,0.05670675368376621,11.294557229643075,116.42678396017807,6.901513223875622,2.001303972453261,1.1397554793653342,10.27720799040579,-1.385046053437089,-3.3475156900231395,2.8225452124319483,-10.410231435810068,3.386070091671578,17.104472244471935,7.879702464538574,4.532883674047183,47.620819930611006,3.3159803421845435,1.6799000042849732,3.8824180166482813,2.52721643302789
2020-12-01,One month,5.145133650757483,3.3572390078814074,3.7350578489260045,7.500203674023509,3.9755693661370106,3.3573129154799153,2.7438793877012424,-7.418155906613699,15.071386616502004,-0.5107124205422697,9.881893259398833,3.2417652447396916,4.344949623445804,167.3215417483258,-1.4288120243827418,3.464819533778507,1.8610183672994607,0.9660585704540647,-9.09325000617568,1.0312943912634154,3.7417605637880103,19.746039238732216,2.316178081712872,14.746211200860193,4.957505465611356,1.4402723743499157,69.32028029682724,4.780039038766026,1.6381742595201754,4.528058215709141,2.333492526481784
2020-11-01,One month,1.2279584701225366,1.1203298652914473,1.2594985399909664,1.6234693415302148,1.0517092564974906,1.511962191465499,-2.759389465182016,7.076238864604245,12.262364063280163,-18.42787474553136,1.6769092545573905,0.250448115601154,2.7962323808778056,3.664255086210666,2.098368379845983,0.9492584373381519,1.3417945233166417,1.2271225586723666,10.875459017068634,3.593901296185331,5.610974750280984,-5.77622689621885,-0.7608304199532179,2.646216174074345,2.6048127316972147,2.363150081693788,6.106284273918328,0.9788906396023034,0.576312457283823,0.8175714599961248,0.6423162777931424
2020-10-01,One month,1.079002477825508,1.1098656037206167,0.8077345643912937,0.09625989435690929,1.6060984924032518,2.9763352666989373,7.499378391195188,0.5899224024848992,2.0113428772170483,-1.2051393836330693,-1.4856611170639522,3.1923933774496316,-1.293948249289234,-11.545027585607626,-3.5779873814568153,1.8530735678781163,2.526300653848379,1.3646087034964394,3.5659291563531204,4.012528672972637,0.24449412802824977,2.740642938840665,0.44549505058526506,-3.839917436273066,0.4244381042029177,1.871430265974805,-4.466746176108593,1.263129449652567,2.4281986304673486,0.6215807525606687,0.5620836024682108
2020-09-01,One month,2.1609031176988758,1.920871309987504,2.1515711970167883,-0.4080198377404254,3.5103967204570985,0.7930320402733892,27.730684151515874,-2.0133643517375344,-23.182286537096942,7.203655884787841,-1.0505872161670315,-2.6407029923961822,1.7695206138992114,25.78768401211262,-5.093543727208594,3.2867920707373655,2.2506793585177265,1.3775367367105051,17.124179132878048,5.680490457502718,6.122711569336015,3.7525461886696254,2.3901770544177525,7.6633050353734244,3.2901789629923073,1.413437129826356,21.48215108201452,3.9742331738037207,0.9063753923578055,1.294542887704897,0.8967777092687257
2020-08-01,One month,3.402546207777135,3.5559130360533597,3.9640642633388845,5.738237648736488,2.252216112002836,12.215272945209698,20.84844009919098,28.321963904714732,0.7018620397977182,-7.043681803911017,2.366577775775114,-0.17047306920189298,5.460330801520685,20.382868669171383,0.741474789351293,2.5584744014729877,1.6497520770621499,3.4516528709152894,-5.321548662069297,5.947345919862568,4.268207672261859,2.507754465555845,2.841312236216309,-4.411141343990432,2.1026879790891018,4.449833621660537,8.666941460723843,2.566218866139902,1.8230409619581112,3.190836099358796,3.3335822096882683
2020-07-01,One month,3.6028018049852006,4.353646283642609,4.76385264807444,4.02308673062457,3.411117870768332,7.534738808202612,10.029260544920305,0.3243906089946291,15.836389362264569,-4.328899138565956,2.2737817774532765,-9.873820630384234,11.443700927212031,51.61933581462665,4.542146721316187,3.1986253637376727,2.381946126736234,2.9260673127378345,-10.105006107015468,-6.70309932857106,5.166117398758008,11.799906267661342,4.406848112402506,7.2612233927395575,3.6769342683630413,2.1897258070181946,22.34260466685891,3.843258413482231,2.640138011255133,2.41583934032934,3.081473562709114
2020-06-01,One month,3.8531452589260162,1.8896993272884632,2.076081713873834,6.301940329697109,2.6549791133974487,-4.107218772501831,-11.953579831731131,5.052213048369536,-3.0932422487377598,-0.7672433228539721,12.319533986592468,4.871398507468383,16.19110748779471,215.46483303713563,2.0112694178108237,2.928945502049718,1.3308124858911974,2.399361437674652,9.979920471543524,-1.652639559548319,7.1193304889658915,8.763603494463968,-0.9942443983839588,-2.803248445074147,0.8348484473341244,2.0345056627465885,69.44172880634736,3.20977879765747,1.2970179295380024,3.985413656216874,1.6959416945225847
2020-05-01,One month,1.208514909697711,1.2613933226949703,0.9107565403627671,-1.749428697509392,2.7535776289555836,0.12505860505285238,0.7746625894263559,2.539910460915684,-2.967033849121903,1.8010826453624063,-2.6892642483280715,9.379389626708278,-26.382483786661336,-29.378929406661513,-0.7867387509971069,3.331489811996513,2.1634456526521184,6.503001044336432,4.438278500948445,9.097062953139389,4.102517734078992,0.4359138283302588,0.44882755265012175,-5.638555161338655,2.1832836702531333,6.119433814790298,-16.7153368006267,3.019107413074651,2.7725717732845157,1.165408908247989,1.2182769077490274
2020-04-01,One month,-4.8709164490034045,-3.819373690868344,-5.284789921856503,-10.031875729771256,-2.240448357396485,-8.314067975753892,-7.252853497713108,-0.060336373474079164,-16.27875429663358,-5.400609005861867,-10.913184454614722,29.238612445158175,-38.39989567005851,-90.82316423346309,1.6407373649170554,-2.3930618696161865,2.3710125079967836,4.873463314879456,-20.126050000926654,-1.0480598057238666,-5.906326343371148,-21.292826005848443,2.078854042521483,-0.8541886746983862,4.627256229826204,7.098590680176353,-67.63078537095085,-4.024541310782903,2.407419148596368,-3.624924609838598,-2.143935502775096
2020-03-01,One month,-3.411003051807937,-0.9016016794688442,-1.7541648945184285,-10.538607857215709,0.15781164556543104,-3.6605147545734407,0.984741376141951,-4.313916937990092,-6.029415126507043,-8.952089069604918,-13.71192004166345,4.69476068856598,-12.877464144968243,-74.69666518153399,-0.5529804336788291,0.3608476046490283,2.8649900700103315,2.076171001351068,-16.944585205040486,2.2232146440723577,-9.001576091226472,5.946530383115101,-0.8132170625362645,-3.455408365943713,1.0341944286225369,2.6372002687135687,-54.62015900955405,-0.7446304117934233,3.13569072296207,-3.3582288300990637,-0.3907666731351567
2020-02-01,One month,0.9573766923575588,2.3677397616925555,2.2934837449194223,-2.300115851713569,2.500122001465588,5.018012718061415,5.308716101024058,5.970075383053386,6.929093467784764,-1.1353121766562335,-5.861474416933721,3.9905223824292957,3.790591914247643,-42.82371414448761,-1.868122312570164,2.2446765265355717,2.666224350865787,2.4661185362733207,-2.384119068365964,-1.0266203741320146,7.320364095305165,1.027506570939729,1.3316348786594823,8.336339204015907,4.542369237788213,3.1083109436564227,-29.280551366828178,2.466404747176143,2.769203443254553,0.821829987697531,2.4498593663278223
2020-01-01,One month,2.1257580947157795,2.14890548171911,1.7416875713802238,0.8022188205252245,2.7258838532894236,0.5106557487533303,1.470642695116453,10.38167860894994,-6.218837916812092,-2.5879612538150965,0.9270738666417921,5.708525359694705,-2.1152509009118914,-5.814311010556694,0.7211969364569581,3.189394161415371,3.7996253100131883,1.8151459839619966,-8.06376072777143,2.306698036860677,7.6455007215112225,4.022094606656457,5.96265202881221,-7.082325688193059,0.8439731482128954,3.8087085976721946,-3.5441322030673184,2.3899832463423643,4.021837389330285,2.158222546325539,2.1946581426433243
2019-12-01,One month,3.3139252679898368,2.6839620311516876,2.586927125903582,1.9408001069946668,3.9748370005527445,-5.379138408610629,3.7315163783026017,-6.860172876120996,-9.993386809324223,-15.453184787018582,5.882666154083593,0.09436001585421128,-4.6074891140768575,48.19622124017056,5.059691052864768,3.667066749671255,2.7150246635792685,1.1189663932804184,26.243372278173325,3.789379360638012,0.9684649437763815,4.65950759463174,4.162099022911958,11.205547868474053,2.8727591715755896,0.18169596918082842,26.43355803548124,4.350531222444021,3.081673964576148,2.683763513564119,1.8561321707604383
2019-11-01,One month,1.2426229877372075,0.7407659683494439,0.22107474160517615,0.6835974593447425,1.5218915675842437,-3.3634223039723854,0.8376831369845794,-4.628215463120888,-10.263014961321149,3.56065244284105,2.7767064126819063,1.198496599621146,-0.924661378004521,26.004506939822768,0.047342412993445215,1.8790095126549389,2.7672082142724985,1.329338790781165,-3.3234775804788175,6.593215954902454,0.261268234869827,0.35507845952484907,3.7891937919358076,-6.203705771976475,-0.14792546047039945,2.0071693492123677,13.873066416218727,1.101569652024459,3.204305650567729,1.3410945602785551,0.767163088176348
2019-10-01,One month,2.149430473314884,1.8054176361874674,1.7009308329904993,1.871842123905676,2.289330472844142,-0.43066918295809886,1.3448810876409922,-5.771974082228404,-1.2959061901337332,6.206648990323371,3.0745540965294804,1.7151801960861635,-14.638954695722205,18.07081176663763,7.99601057116579,2.3933748307791047,2.577684517204837,4.966293544192957,3.6523225363100265,7.678755429115824,-1.4632512473662374,-3.988155731169729,3.0286125508250494,-0.21723690824234643,5.112698844831454,6.980057687213503,11.499506144686533,2.2300381165942795,2.2966808827105334,2.2999649966058078,1.919305376891467
2019-09-01,One month,0.7316793013054657,0.882185117030021,0.3381805975473329,-1.1068954752090798,1.6077752398595102,0.3211162237809706,0.25096463967964056,5.474714870321296,0.8512863144442218,-8.910902389989438,-1.8338196234028326,2.115744786134788,3.5390274805557898,-6.62158321470443,-5.184251020786268,1.6073599189346144,3.1618880159084872,1.629276597133189,1.6848236136350225,-2.1524442248465614,5.711311878053293,0.2764300060856151,-1.974066125374918,1.9312373085061285,1.9760824135324873,1.9519379687510385,-4.516466891940196,1.11619804588865,3.5656182049665697,0.7345014521420445,0.8976435400818605
2019-08-01,One month,0.5572848969055411,1.386069637112386,1.0420994898320712,-1.9412267449316456,1.737611410167017,-2.084961618391168,2.11280075307394,-6.948261801584643,-2.5346171886133417,-3.5850069944896257,-1.854111094873978,0.1421772634114804,-0.5666418815057361,-22.447377607135355,3.3556941719409705,1.6327111964082208,2.4975322889380536,2.2329672954707114,2.0754663043616617,3.1823578249987383,-1.052716203557491,1.1668534751395399,0.3267780276259513,3.969066918447295,2.7782082054459867,2.353436976030965,-14.922625730839256,1.4538768242214894,3.05532699039448,0.33758680727917767,1.2742096108839363
2019-07-01,One month,1.612036672325723,1.3759247962245924,1.007656468151974,-0.34570933090010136,2.534454716893997,-7.925053441157292,-3.138193525224975,-3.7686471255302,-14.321260692999271,-13.150992196504596,3.731298004554162,-0.5783599982361554,2.2635365897355486,19.440190822793156,4.2316323200711325,2.627432747343672,2.932239297261563,1.9648884132719147,2.73090254751005,3.286320988982161,2.8410063291187893,4.5641001063180475,1.0194179963017191,0.5883891376240014,1.2829909611607793,1.5032243269672785,11.46274191590444,2.403520931740566,3.1557647165379565,1.606164109392516,1.3344974317518687
2019-06-01,One month,0.569956452278686,2.216237249346209,1.8613072143350395,-3.145124471889449,2.3401830623432263,3.9456374690150398,-2.2849189277595716,5.777542531418822,4.582540852416428,17.708428496671225,-6.562573438476793,-0.7543205386221441,6.129217374898421,-39.710530340279334,-3.015744210141358,1.8482702956612806,3.3368026968627618,1.3544868129593768,-6.087909316705353,-0.11556461673948304,1.5172853578713674,0.3668649775524502,5.7098385556160425,14.071859538162457,4.652562642761104,1.5985300733181829,-26.99040962269028,1.9967615129957483,3.8987504726354594,0.08150472813237553,1.9280298189927825
2019-05-01,One month,0.8742265062391841,1.2387603925125168,0.8566724552610427,-0.42770095008142217,1.4905914300637813,-0.4527255297899768,-3.1930665589067764,5.933179547021683,-4.737387615468435,6.0217984936565605,-0.3979861330297152,2.6755358730243373,-1.3770531638215178,-10.825233967675874,0.956911504984026,1.489587406667403,2.236798935317763,0.9213435099425737,4.1681239422481475,-5.582521192987389,2.8866905344409277,2.1557074507262852,1.9178395921875868,1.3711462087615978,0.31196266022053276,-0.05747979667377612,-8.869331640991074,1.2625134334486754,3.0928081031990295,0.7361894446834993,1.137356409442103
2019-04-01,One month,3.4411305688075267,2.4370992521756785,2.056544788249415,3.5299282087326134,3.400950950861925,-3.9354459945660447,-2.609653327519079,-5.464781376780081,-13.61321651571017,18.927054526263596,7.5018544985463675,-5.9072821438141965,-0.085055103528342,102.11485012567843,2.510684444142375,3.708326573860954,3.4701416566669696,3.3699933288144024,7.063732137900258,5.680191109524979,4.392364774319302,9.326100832824501,-2.8309657238021146,-3.2827195670912857,1.5590753027876048,3.2289604994272914,50.452656219322776,3.4009074389940164,4.228278861755497,3.597217195596558,2.446459846147886
2019-03-01,One month,2.753031135160322,1.1128297709842805,0.5166480784056349,4.0624342915588585,2.1538882319726227,-4.354498447284172,0.45120294616318724,-6.6853197314143635,-2.6888074519643257,-15.629965750417995,8.588444863029432,0.8768409576721536,-7.851628994159299,89.9565496891219,4.135653420017693,2.070597633820581,4.215681254745007,1.0776516406180159,-1.5213214130205155,7.6037705142262935,1.6685436766035178,3.7364876549052406,-2.6538935315173817,4.02235529759849,1.9731891606709517,1.3354621371669761,49.11988510406218,1.466625229207863,3.994561263308416,2.750111739377159,0.8218086979493444
2019-02-01,One month,2.220076948471905,1.0902749466836559,0.5640021620053393,2.882943110631575,1.9338462001231793,-0.7879980967131828,1.2405902846189143,5.366727107619673,-8.314509174514473,0.23835025265819265,4.801201632891017,4.409892836690266,2.0383700494834622,53.92975406966964,-5.347277445485387,2.274696744164162,2.618852603546662,2.2175892509005424,-8.381751781577762,-2.0359626238990347,6.128904223625664,7.114972641980644,0.6682501655530082,-5.460072856147047,0.6502783588468342,2.8597427452268454,25.074316750360914,1.6918677863384302,3.6643950230005995,2.1674675266182497,0.8223718884674103
2019-01-01,One month,-0.617518738517886,1.5883191854278333,1.2863395408442502,-2.7439274104721023,0.34708127661913224,4.5879855600019726,8.287191181435173,11.097904723171492,-3.041431931925498,0.22583502424355917,-6.242939378081569,2.862478639899124,1.597892858903971,-57.45239925878518,5.3209998142485615,-0.034629202655556135,1.1290529332058208,0.04672169359623002,2.937828149296795,1.2037547342068633,5.178923234485411,-10.035256994204467,1.4607456167511135,9.313731912136092,3.876748225541826,2.0115507901480534,-42.079990857850866,-0.011577814964036648,3.107992730125275,-0.3628538623418276,2.286778776214926
