date,Period,Headline,FT core,geo,"All items excluding energy, food, alcohol and tobacco","Excluding energy, food, alcoholic beverages & tobacco","All items, less fresh food and energy"
2026-05-01,One year,4.072638075644874,3.2228179431910577,US,NA,NA,NA
2026-04-01,One year,3.795481569560034,3.236626584342696,US,NA,NA,NA
2026-03-01,One year,3.542928831754543,3.1320793754852025,US,NA,NA,NA
2026-02-01,One year,2.873230041057473,3.014063954996292,US,NA,NA,NA
2026-01-01,One year,2.8752083050942012,3.027512072241597,US,NA,NA,NA
2025-12-01,One year,2.878083518031025,2.9834772000938026,US,NA,NA,NA
2025-11-01,One year,2.8201898312699973,2.813562833635956,US,NA,NA,NA
2025-10-01,One year,2.7125805259691194,2.778523032756336,US,NA,NA,NA
2025-09-01,One year,2.787442414870654,2.8512514119669152,US,NA,NA,NA
2025-08-01,One year,2.747620854151709,2.845498613082275,US,NA,NA,NA
2025-07-01,One year,2.60554729423934,2.8246244448882596,US,NA,NA,NA
2025-06-01,One year,2.5935129797068077,2.735904245053874,US,NA,NA,NA
2025-05-01,One year,2.4580860654408636,2.6242971942958295,US,NA,NA,NA
2025-04-01,One year,2.277425997843387,2.569043815867397,US,NA,NA,NA
2025-03-01,One year,2.3594336708984263,2.5856473521093637,US,NA,NA,NA
2025-02-01,One year,2.7104846734857073,2.7635174668028695,US,NA,NA,NA
2025-01-01,One year,2.6073795303935183,2.5892531440572326,US,NA,NA,NA
2024-12-01,One year,2.7280946901200087,2.8199702529587216,US,NA,NA,NA
2024-11-01,One year,2.587803412542291,2.781235704658579,US,NA,NA,NA
2024-10-01,One year,2.477692535642558,2.7694598667174364,US,NA,NA,NA
2024-09-01,One year,2.260766436883852,2.795926162525616,US,NA,NA,NA
2024-08-01,One year,2.412994957427459,2.737274035566144,US,NA,NA,NA
2024-07-01,One year,2.594376777467315,2.6301117346571443,US,NA,NA,NA
2024-06-01,One year,2.548373440470169,2.651834248581019,US,NA,NA,NA
2024-05-01,One year,2.661672908863914,2.6776453390441546,US,NA,NA,NA
2024-04-01,One year,2.826154012888597,2.8008261779452024,US,NA,NA,NA
2024-03-01,One year,2.9279392327126104,2.971755261609351,US,NA,NA,NA
2024-02-01,One year,2.705057426970151,3.071818350498132,US,NA,NA,NA
2024-01-01,One year,2.6987514493606035,3.0829071358482114,US,NA,NA,NA
2023-12-01,One year,2.7672658467360423,3.0663591649329245,US,NA,NA,NA
2023-11-01,One year,2.7650899986466295,3.189720971294089,US,NA,NA,NA
2023-10-01,One year,3.0232617305099243,3.363097151669428,US,NA,NA,NA
2023-09-01,One year,3.448892827018601,3.6964890446758303,US,NA,NA,NA
2023-08-01,One year,3.4320599199698996,3.6841233140311336,US,NA,NA,NA
2023-07-01,One year,3.4090421928989714,4.058783686508505,US,NA,NA,NA
2023-06-01,One year,3.2845213395291317,4.1993350607182345,US,NA,NA,NA
2023-05-01,One year,4.003462454014282,4.51637088058966,US,NA,NA,NA
2023-04-01,One year,4.476012960317733,4.737583030186965,US,NA,NA,NA
2023-03-01,One year,4.428273156924584,4.851438702609806,US,NA,NA,NA
2023-02-01,One year,5.197803844154009,5.070254529999028,US,NA,NA,NA
2023-01-01,One year,5.507734586232874,5.192656028631558,US,NA,NA,NA
2022-12-01,One year,5.520050627946981,5.180007511913361,US,NA,NA,NA
2022-11-01,One year,6.0304932735426044,5.495414912456037,US,NA,NA,NA
2022-10-01,One year,6.461602354598144,5.617859328083966,US,NA,NA,NA
2022-09-01,One year,6.66793900067251,5.692261168583496,US,NA,NA,NA
2022-08-01,One year,6.6396775899483895,5.518115547102108,US,NA,NA,NA
2022-07-01,One year,6.750201361938932,5.267015990026422,US,NA,NA,NA
2022-06-01,One year,7.243471864656123,5.293367463270581,US,NA,NA,NA
2022-05-01,One year,6.794545874740013,5.113714054051817,US,NA,NA,NA
2022-04-01,One year,6.684755338326305,5.1174454358414865,US,NA,NA,NA
2022-03-01,One year,6.926410970164583,5.178090201953314,US,NA,NA,NA
2022-02-01,One year,6.54553990610329,5.086449686864926,US,NA,NA,NA
2022-01-01,One year,6.272433512016355,4.882131820388958,US,NA,NA,NA
2021-12-01,One year,6.141969176624191,4.745882616811791,US,NA,NA,NA
2021-11-01,One year,5.930190579338392,4.51607749939239,US,NA,NA,NA
2021-10-01,One year,5.336135652537783,4.100446828371448,US,NA,NA,NA
2021-09-01,One year,4.737428253233962,3.729011767665979,US,NA,NA,NA
2021-08-01,One year,4.5809096977209895,3.62897251255625,US,NA,NA,NA
2021-07-01,One year,4.473216164011549,3.611177863388898,US,NA,NA,NA
2021-06-01,One year,4.306128320705869,3.4658590358039207,US,NA,NA,NA
2021-05-01,One year,4.072463489253626,3.273973419782047,US,NA,NA,NA
2021-04-01,One year,3.6402858298503458,2.8666404017249594,US,NA,NA,NA
2021-03-01,One year,2.6690067228663783,2.3433282420517156,US,NA,NA,NA
2021-02-01,One year,1.8427318715155985,1.922159889846811,US,NA,NA,NA
2021-01-01,One year,1.5857976839889087,1.949665618477224,US,NA,NA,NA
2020-12-01,One year,1.3345221317840563,1.8261916689519864,US,NA,NA,NA
2020-11-01,One year,1.1862647081442694,1.729535737552328,US,NA,NA,NA
2020-10-01,One year,1.187486166844688,1.8638232413483564,US,NA,NA,NA
2020-09-01,One year,1.2763537157895732,1.870481366778629,US,NA,NA,NA
2020-08-01,One year,1.1575190508343811,1.715420723650512,US,NA,NA,NA
2020-07-01,One year,0.9225840072571492,1.535557672839401,US,NA,NA,NA
2020-06-01,One year,0.7595377063120882,1.5506037794984118,US,NA,NA,NA
2020-05-01,One year,0.49016290423936854,1.5093214520679603,US,NA,NA,NA
2020-04-01,One year,0.46246130030959215,1.4883064887089592,US,NA,NA,NA
2020-03-01,One year,1.1662090444265474,1.6022396970212704,US,NA,NA,NA
2020-02-01,One year,1.6890972033140097,1.9019385817811616,US,NA,NA,NA
2020-01-01,One year,1.7944821136310487,1.772490106094407,US,NA,NA,NA
2019-12-01,One year,1.5637627676458932,1.754213857634097,US,NA,NA,NA
2019-11-01,One year,1.3582773068303668,1.7405129463300932,US,NA,NA,NA
2019-10-01,One year,1.2885618207515013,1.7969307043623726,US,NA,NA,NA
2019-09-01,One year,1.28395399246226,1.7948153700024456,US,NA,NA,NA
2019-08-01,One year,1.4304164057608049,1.924983170352372,US,NA,NA,NA
2019-07-01,One year,1.4539295260287648,1.7247458794210453,US,NA,NA,NA
2019-06-01,One year,1.4260651383430183,1.8053818551424063,US,NA,NA,NA
2019-05-01,One year,1.465553604535957,1.7660760752910327,US,NA,NA,NA
2019-04-01,One year,1.5663384627478665,1.749161729798118,US,NA,NA,NA
2019-03-01,One year,1.521807651392776,1.7393084468613038,US,NA,NA,NA
2019-02-01,One year,1.400173542636272,1.7950400380299132,US,NA,NA,NA
2019-01-01,One year,1.4318323303589937,1.923015472557958,US,NA,NA,NA
2026-05-01,Six months,5.336540755047725,3.670828196816639,US,NA,NA,NA
2026-04-01,Six months,4.854550548873915,3.5026379403200885,US,NA,NA,NA
2026-03-01,Six months,4.40075881282489,3.402529942856001,US,NA,NA,NA
2026-02-01,Six months,3.55999871987962,3.1752541970486745,US,NA,NA,NA
2026-01-01,Six months,3.27624616026998,3.0633461655705205,US,NA,NA,NA
2025-12-01,Six months,2.913383353742227,2.8514657851483394,US,NA,NA,NA
2025-11-01,Six months,2.8239005988540455,2.8177145842768656,US,NA,NA,NA
2025-10-01,Six months,2.7471095709405757,2.8793795027135625,US,NA,NA,NA
2025-09-01,Six months,2.6921473844764066,2.729841326938071,US,NA,NA,NA
2025-08-01,Six months,2.1910157386744844,2.675681926173781,US,NA,NA,NA
2025-07-01,Six months,2.475727742783551,2.8790644646298347,US,NA,NA,NA
2025-06-01,Six months,2.842795790350472,2.999695020008165,US,NA,NA,NA
2025-05-01,Six months,2.8164791976022396,2.8033799356919777,US,NA,NA,NA
2025-04-01,Six months,2.678063084778559,2.7319286050607214,US,NA,NA,NA
2025-03-01,Six months,2.882825876007145,2.917379080642909,US,NA,NA,NA
2025-02-01,Six months,3.3072576378468943,3.07477378468334,US,NA,NA,NA
2025-01-01,Six months,2.735531305282879,2.649035945802929,US,NA,NA,NA
2024-12-01,Six months,2.3448344108985,2.4753757466193287,US,NA,NA,NA
2024-11-01,Six months,2.1009422041958103,2.5375406651758654,US,NA,NA,NA
2024-10-01,Six months,1.878352147208262,2.46558730612323,US,NA,NA,NA
2024-09-01,Six months,1.8387041006661553,2.304692844562644,US,NA,NA,NA
2024-08-01,Six months,2.1171590755452163,2.46039333287453,US,NA,NA,NA
2024-07-01,Six months,2.4793876113709423,2.576232417133068,US,NA,NA,NA
2024-06-01,Six months,3.112790199976012,3.314243934071722,US,NA,NA,NA
2024-05-01,Six months,3.0769861845401314,3.044869469695094,US,NA,NA,NA
2024-04-01,Six months,3.0805587850045058,2.945226280889909,US,NA,NA,NA
2024-03-01,Six months,2.6845779765819477,3.079267956940507,US,NA,NA,NA
2024-02-01,Six months,2.7096878830210613,3.1548130378036587,US,NA,NA,NA
2024-01-01,Six months,2.7094949695915194,2.9495719882888674,US,NA,NA,NA
2023-12-01,Six months,1.9870461743025647,2.1504187158628003,US,NA,NA,NA
2023-11-01,Six months,2.248032995238103,2.3709385404881536,US,NA,NA,NA
2023-10-01,Six months,2.57237711657039,2.748737485056705,US,NA,NA,NA
2023-09-01,Six months,3.171877252191324,2.9652900976316037,US,NA,NA,NA
2023-08-01,Six months,2.70042717967387,3.1056679341135993,US,NA,NA,NA
2023-07-01,Six months,2.6880090529131095,3.556968437289222,US,NA,NA,NA
2023-06-01,Six months,3.553454343251472,4.04123639187962,US,NA,NA,NA
2023-05-01,Six months,3.2847617021813047,4.232138513237688,US,NA,NA,NA
2023-04-01,Six months,3.476128329666195,4.4292800377798756,US,NA,NA,NA
2023-03-01,Six months,3.726652186205937,4.317676644597139,US,NA,NA,NA
2023-02-01,Six months,4.168904775554783,4.516858734459216,US,NA,NA,NA
2023-01-01,Six months,4.13513813226869,4.969098611276611,US,NA,NA,NA
2022-12-01,Six months,3.016286766978893,4.868968424415214,US,NA,NA,NA
2022-11-01,Six months,4.727164241451853,5.124094998002116,US,NA,NA,NA
2022-10-01,Six months,5.485559425933095,5.390948170289356,US,NA,NA,NA
2022-09-01,Six months,5.1346399858790415,5.4377733574293,US,NA,NA,NA
2022-08-01,Six months,6.236865574016148,5.3869368757931575,US,NA,NA,NA
2022-07-01,Six months,6.898423118041586,5.110047634972016,US,NA,NA,NA
2022-06-01,Six months,8.08466732751205,5.36279105327706,US,NA,NA,NA
2022-05-01,Six months,7.350042228880538,5.072978815490716,US,NA,NA,NA
2022-04-01,Six months,7.446676470126912,5.169724257165816,US,NA,NA,NA
2022-03-01,Six months,8.223599873261689,5.33369744300858,US,NA,NA,NA
2022-02-01,Six months,7.044016924286556,5.047728580906668,US,NA,NA,NA
2022-01-01,Six months,6.602185125135285,4.775913957801398,US,NA,NA,NA
2021-12-01,Six months,6.408823212039105,4.599308102672991,US,NA,NA,NA
2021-11-01,Six months,6.241924006655153,4.459817591322633,US,NA,NA,NA
2021-10-01,Six months,5.928237108040757,4.411596395638588,US,NA,NA,NA
2021-09-01,Six months,5.64477042299254,4.393262800252122,US,NA,NA,NA
2021-08-01,Six months,6.049384169807559,4.56283315552742,US,NA,NA,NA
2021-07-01,Six months,5.943701916697508,4.472690946196136,US,NA,NA,NA
2021-06-01,Six months,5.87578436274625,4.277534902806745,US,NA,NA,NA
2021-05-01,Six months,5.619371835472764,4.2565421846774125,US,NA,NA,NA
2021-04-01,Six months,4.747343835174567,3.702015396744757,US,NA,NA,NA
2021-03-01,Six months,3.837878895270297,2.788438754896344,US,NA,NA,NA
2021-02-01,Six months,3.1327693114195476,2.661852432901629,US,NA,NA,NA
2021-01-01,Six months,3.0231405754951757,2.6135424579904054,US,NA,NA,NA
2020-12-01,Six months,2.7597431342737178,2.4005553420569345,US,NA,NA,NA
2020-11-01,Six months,2.5482112655810907,2.208368413514747,US,NA,NA,NA
2020-10-01,Six months,2.54492814438414,2.234427449490271,US,NA,NA,NA
2020-09-01,Six months,1.5132921974594593,1.8377062190709677,US,NA,NA,NA
2020-08-01,Six months,0.5688308798760477,1.765880788647681,US,NA,NA,NA
2020-07-01,Six months,0.1685080987225973,1.557000714242534,US,NA,NA,NA
2020-06-01,Six months,-0.07093184089430604,1.4889379893827464,US,NA,NA,NA
2020-05-01,Six months,-0.1575937870785027,1.411108610226276,US,NA,NA,NA
2020-04-01,Six months,-0.15198662630183657,1.4400192086770367,US,NA,NA,NA
2020-03-01,Six months,1.0399682636085483,2.0088844800278065,US,NA,NA,NA
2020-02-01,Six months,1.749653157870501,2.2300011458515323,US,NA,NA,NA
2020-01-01,Six months,1.682336654785077,2.0202805309200755,US,NA,NA,NA
2019-12-01,Six months,1.5969089457041896,1.9075690227879956,US,NA,NA,NA
2019-11-01,Six months,1.1421221057636988,1.7933487010171276,US,NA,NA,NA
2019-10-01,Six months,1.0806904363989345,1.785928682274625,US,NA,NA,NA
2019-09-01,Six months,1.2926075522808222,1.7522325721887966,US,NA,NA,NA
2019-08-01,Six months,1.628577288424693,1.7714652318895427,US,NA,NA,NA
2019-07-01,Six months,1.9067512577143564,1.7758584793428531,US,NA,NA,NA
2019-06-01,Six months,1.5306274035890466,1.802304018685272,US,NA,NA,NA
2019-05-01,Six months,1.5748944625206596,1.8537143331392416,US,NA,NA,NA
2019-04-01,Six months,1.496860690435331,2.1301348960103614,US,NA,NA,NA
2019-03-01,Six months,1.2753011719286,2.0988202062714905,US,NA,NA,NA
2019-02-01,Six months,1.2326419078763529,2.161939670637957,US,NA,NA,NA
2019-01-01,Six months,1.0031199036309113,2.0318755811299356,US,NA,NA,NA
2026-05-01,Three months,6.281456432090593,2.8763535772222917,US,NA,NA,NA
2026-04-01,Three months,6.07041528602128,3.009336463472208,US,NA,NA,NA
2026-03-01,Three months,5.806095445361126,2.9814020286462473,US,NA,NA,NA
2026-02-01,Three months,4.400026032100701,3.3970145010598145,US,NA,NA,NA
2026-01-01,Three months,3.6526230349857913,2.6383567695151906,US,NA,NA,NA
2025-12-01,Three months,3.014088128053194,2.382683145299861,US,NA,NA,NA
2025-11-01,Three months,2.726730466177018,2.072765505824254,US,NA,NA,NA
2025-10-01,Three months,2.9012359615501415,2.316322578805034,US,NA,NA,NA
2025-09-01,Three months,2.812777026660762,2.5760744531192934,US,NA,NA,NA
2025-08-01,Three months,2.921162645628228,2.9071400833886925,US,NA,NA,NA
2025-07-01,Three months,2.5932140322159514,2.503085226308002,US,NA,NA,NA
2025-06-01,Three months,2.571659276360072,2.6661572217996414,US,NA,NA,NA
2025-05-01,Three months,1.466048665411246,2.334388773128187,US,NA,NA,NA
2025-04-01,Three months,2.358375994688422,2.6607806005310612,US,NA,NA,NA
2025-03-01,Three months,3.1146490228744383,2.997834757001214,US,NA,NA,NA
2025-02-01,Three months,4.1848828611634525,3.0254828951509114,US,NA,NA,NA
2025-01-01,Three months,2.9987486259927643,2.8249707090832494,US,NA,NA,NA
2024-12-01,Three months,2.651523915721321,2.4774798942970366,US,NA,NA,NA
2024-11-01,Three months,2.437025291610495,2.6979458067398037,US,NA,NA,NA
2024-10-01,Three months,2.472986646705833,2.575602300793701,US,NA,NA,NA
2024-09-01,Three months,2.0390611949799187,2.2092191745889176,US,NA,NA,NA
2024-08-01,Three months,1.7659617634201208,2.136418361973087,US,NA,NA,NA
2024-07-01,Three months,1.2871682174614207,2.246199679609589,US,NA,NA,NA
2024-06-01,Three months,1.6387404141785744,2.38113118654933,US,NA,NA,NA
2024-05-01,Three months,2.469568379871867,2.1253419377831815,US,NA,NA,NA
2024-04-01,Three months,3.685640244714694,2.5978833245415833,US,NA,NA,NA
2024-03-01,Three months,4.60821788520589,3.545893037475664,US,NA,NA,NA
2024-02-01,Three months,3.6880046327483873,3.402571524584835,US,NA,NA,NA
2024-01-01,Three months,2.479008417661843,3.246449668775603,US,NA,NA,NA
2023-12-01,Three months,0.7963118710192063,2.4082270913001693,US,NA,NA,NA
2023-11-01,Three months,1.7406017445509514,2.4313806454574345,US,NA,NA,NA
2023-10-01,Three months,2.9404999111060093,2.275316885437867,US,NA,NA,NA
2023-09-01,Three months,3.19184694643484,2.5836966358157745,US,NA,NA,NA
2023-08-01,Three months,2.757995059285512,2.6071426091022114,US,NA,NA,NA
2023-07-01,Three months,2.2055707562075977,2.403033255496774,US,NA,NA,NA
2023-06-01,Three months,3.1519114224845435,3.0147504827625875,US,NA,NA,NA
2023-05-01,Three months,2.6428915511854445,3.395390637908404,US,NA,NA,NA
2023-04-01,Three months,3.1727245905595725,3.135983257821382,US,NA,NA,NA
2023-03-01,Three months,3.956560363674,3.8876460066710488,US,NA,NA,NA
2023-02-01,Three months,3.9306457433211377,4.35580502869616,US,NA,NA,NA
2023-01-01,Three months,3.780424299052276,4.127139104960529,US,NA,NA,NA
2022-12-01,Three months,3.4972524689051543,3.891045637423111,US,NA,NA,NA
2022-11-01,Three months,4.407710012096477,4.061598474742489,US,NA,NA,NA
2022-10-01,Three months,4.491064351195728,4.7226074346860525,US,NA,NA,NA
2022-09-01,Three months,2.5375561775885735,4.785036965063886,US,NA,NA,NA
2022-08-01,Three months,5.047595898668056,5.121192718524599,US,NA,NA,NA
2022-07-01,Three months,6.489519620581041,4.862613093911056,US,NA,NA,NA
2022-06-01,Three months,7.797503051631072,5.194154505172155,US,NA,NA,NA
2022-05-01,Three months,7.43959926392459,4.653387923601857,US,NA,NA,NA
2022-04-01,Three months,7.308896742504545,4.751434837422428,US,NA,NA,NA
2022-03-01,Three months,8.372596586987346,4.679553132164026,US,NA,NA,NA
2022-02-01,Three months,7.260559844734127,5.060485078797738,US,NA,NA,NA
2022-01-01,Three months,7.584633100633531,5.040162524634583,US,NA,NA,NA
2021-12-01,Three months,8.074808008560574,4.536914049401435,US,NA,NA,NA
2021-11-01,Three months,6.827911171391143,4.086059968167367,US,NA,NA,NA
2021-10-01,Three months,5.628708728539511,3.716360208758136,US,NA,NA,NA
2021-09-01,Three months,4.768519750450229,3.369080253913016,US,NA,NA,NA
2021-08-01,Three months,5.659151179384647,3.496669970762703,US,NA,NA,NA
2021-07-01,Three months,6.228614851802883,4.059513611945565,US,NA,NA,NA
2021-06-01,Three months,6.528349778262865,4.144902729912496,US,NA,NA,NA
2021-05-01,Three months,6.441058415295697,3.692164365600818,US,NA,NA,NA
2021-04-01,Three months,5.659553138977613,3.2907462543579924,US,NA,NA,NA
2021-03-01,Three months,5.2272163960066065,2.865180866701815,US,NA,NA,NA
2021-02-01,Three months,4.804028379680281,2.5597250846100006,US,NA,NA,NA
2021-01-01,Three months,3.8430100692592895,2.4145234781371077,US,NA,NA,NA
2020-12-01,Three months,2.4668851154558524,2.12463813982836,US,NA,NA,NA
2020-11-01,Three months,1.488161001878896,1.6613903002407024,US,NA,NA,NA
2020-10-01,Three months,2.2097441797888973,2.095554348937712,US,NA,NA,NA
2020-09-01,Three months,3.0534381632055574,2.2475189450836215,US,NA,NA,NA
2020-08-01,Three months,3.619333821366344,2.2751462527513637,US,NA,NA,NA
2020-07-01,Three months,2.8812113025154407,2.023547973377488,US,NA,NA,NA
2020-06-01,Three months,-0.00383610251942778,1.586894799695163,US,NA,NA,NA
2020-05-01,Three months,-2.391866734240855,1.582795350218305,US,NA,NA,NA
2020-04-01,Three months,-2.472668355154395,1.5599887808977857,US,NA,NA,NA
2020-03-01,Three months,-0.13798255916109836,2.2869450404175735,US,NA,NA,NA
2020-02-01,Three months,2.127822189208617,2.249506334683992,US,NA,NA,NA
2020-01-01,Three months,2.223916173360241,2.057520290328451,US,NA,NA,NA
2019-12-01,Three months,2.231813940261884,2.2766396709761367,US,NA,NA,NA
2019-11-01,Three months,1.3728844483368974,1.976091140363177,US,NA,NA,NA
2019-10-01,Three months,1.1436264097215654,2.177812903931931,US,NA,NA,NA
2019-09-01,Three months,0.965946993303124,1.8310561427572516,US,NA,NA,NA
2019-08-01,Three months,0.9118850640048136,1.740050167686389,US,NA,NA,NA
2019-07-01,Three months,1.017793624582386,1.6923202843059633,US,NA,NA,NA
2019-06-01,Three months,1.6203249737351433,1.8381049683688195,US,NA,NA,NA
2019-05-01,Three months,2.3503595747754957,1.5592029042975244,US,NA,NA,NA
2019-04-01,Three months,2.803531727251185,2.158480764479667,US,NA,NA,NA
2019-03-01,Three months,1.4410090071131254,2.0672929473291175,US,NA,NA,NA
2019-02-01,Three months,0.8053047193687268,2.4034509013131347,US,NA,NA,NA
2019-01-01,Three months,0.20679792737972047,2.4965749941184567,US,NA,NA,NA
2026-05-01,One month,5.5335472855022605,2.2978001381399147,US,NA,NA,NA
2026-04-01,One month,5.035823307978693,2.269012057289189,US,NA,NA,NA
2026-03-01,One month,8.304003612604639,2.4368020027928745,US,NA,NA,NA
2026-02-01,One month,4.906126684387391,2.486538473063427,US,NA,NA,NA
2026-01-01,One month,4.252553271421222,2.275520800389476,US,NA,NA,NA
2025-12-01,One month,4.043335880412391,2.853790766141989,US,NA,NA,NA
2025-11-01,One month,2.6691394899695187,1.8425089167041273,US,NA,NA,NA
2025-10-01,One month,2.337705932851364,1.9345209166499704,US,NA,NA,NA
2025-09-01,One month,3.1750761588284604,1.6225295289502009,US,NA,NA,NA
2025-08-01,One month,3.1932518011736244,2.804770199690264,US,NA,NA,NA
2025-07-01,One month,2.07400925862784,2.329727414948254,US,NA,NA,NA
2025-06-01,One month,3.501722937470464,2.6492519114532893,US,NA,NA,NA
2025-05-01,One month,2.2099448828650337,2.6056508098123685,US,NA,NA,NA
2025-04-01,One month,2.009685760849189,2.525271856824667,US,NA,NA,NA
2025-03-01,One month,0.19076227658447745,2.6535503918892047,US,NA,NA,NA
2025-02-01,One month,4.9303375274295735,2.4969681748565367,US,NA,NA,NA
2025-01-01,One month,4.2875231393430635,2.65808995403493,US,NA,NA,NA
2024-12-01,One month,3.342913323411345,2.3277100816464955,US,NA,NA,NA
2024-11-01,One month,1.3871211238046133,2.3362013036615963,US,NA,NA,NA
2024-10-01,One month,3.236366622610576,2.8660050737339624,US,NA,NA,NA
2024-09-01,One month,2.696436059666718,2.391186457803706,US,NA,NA,NA
2024-08-01,One month,1.4939369465620578,2.1390631805473497,US,NA,NA,NA
2024-07-01,One month,1.93043823361172,1.8734395836712523,US,NA,NA,NA
2024-06-01,One month,1.8740644749867252,2.3665400406785766,US,NA,NA,NA
2024-05-01,One month,0.06812513677738607,1.971092809246645,US,NA,NA,NA
2024-04-01,One month,2.9955417597571365,2.4152504693296732,US,NA,NA,NA
2024-03-01,One month,4.392796404292443,2.4127979569922897,US,NA,NA,NA
2024-02-01,One month,3.673290646583794,2.78768691744088,US,NA,NA,NA
2024-01-01,One month,5.7693890115734,4.29902919587289,US,NA,NA,NA
2023-12-01,One month,1.6620052890916837,1.5912273631119969,US,NA,NA,NA
2023-11-01,One month,0.08893682844142159,1.9692166273438076,US,NA,NA,NA
2023-10-01,One month,0.6442984177895905,2.228400782813878,US,NA,NA,NA
2023-09-01,One month,4.546055817666006,3.2332110447968025,US,NA,NA,NA
2023-08-01,One month,3.672122312229753,2.154285778550432,US,NA,NA,NA
2023-07-01,One month,1.3833213230453945,2.4604433122857516,US,NA,NA,NA
2023-06-01,One month,3.2329557640577544,2.464364326861603,US,NA,NA,NA
2023-05-01,One month,2.0090790362443434,2.8168456544093066,US,NA,NA,NA
2023-04-01,One month,4.225659273132765,3.2121519952631004,US,NA,NA,NA
2023-03-01,One month,1.712225410259327,2.874162497768906,US,NA,NA,NA
2023-02-01,One month,3.596931323319019,2.941999641498195,US,NA,NA,NA
2023-01-01,One month,6.619258195989275,4.606532199992277,US,NA,NA,NA
2022-12-01,One month,1.6361789342169253,3.303812403719239,US,NA,NA,NA
2022-11-01,One month,3.1483630300446652,3.916640997649547,US,NA,NA,NA
2022-10-01,One month,5.748884060920889,4.448091757057005,US,NA,NA,NA
2022-09-01,One month,4.342101198876014,3.3770425624007454,US,NA,NA,NA
2022-08-01,One month,3.395607115645194,4.854799902454801,US,NA,NA,NA
2022-07-01,One month,-0.07199392885099964,4.065468594568905,US,NA,NA,NA
2022-06-01,One month,12.193848003314043,5.4336754053821315,US,NA,NA,NA
2022-05-01,One month,7.712061613812882,4.302950089550377,US,NA,NA,NA
2022-04-01,One month,3.655588526627218,4.724354888825036,US,NA,NA,NA
2022-03-01,One month,11.080053240911791,3.637301596793419,US,NA,NA,NA
2022-02-01,One month,7.319437703906617,4.125309364715511,US,NA,NA,NA
2022-01-01,One month,6.768703612926874,4.7159390672160315,US,NA,NA,NA
2021-12-01,One month,7.695565289010209,3.5738498159976424,US,NA,NA,NA
2021-11-01,One month,8.295133148803323,3.837673236109919,US,NA,NA,NA
2021-10-01,One month,8.234735032794195,4.456960213652833,US,NA,NA,NA
2021-09-01,One month,4.010841962883238,3.0805918218844592,US,NA,NA,NA
2021-08-01,One month,4.688901294015602,2.7193020564299157,US,NA,NA,NA
2021-07-01,One month,5.611976358825821,2.842257574804648,US,NA,NA,NA
2021-06-01,One month,6.686026578268667,3.5261778571555062,US,NA,NA,NA
2021-05-01,One month,6.390743881922845,3.2621599958864476,US,NA,NA,NA
2021-04-01,One month,6.508486254985124,2.999045060723815,US,NA,NA,NA
2021-03-01,One month,6.423979722772866,2.15313380806907,US,NA,NA,NA
2021-02-01,One month,4.064499822719014,2.756905275345214,US,NA,NA,NA
2021-01-01,One month,5.206397494735904,2.2888291196778474,US,NA,NA,NA
2020-12-01,One month,5.145133650757483,1.615466679333257,US,NA,NA,NA
2020-11-01,One month,1.2279584701225366,1.4382322216524777,US,NA,NA,NA
2020-10-01,One month,1.079002477825508,2.185916442300702,US,NA,NA,NA
2020-09-01,One month,2.160903117698876,1.2607345162390995,US,NA,NA,NA
2020-08-01,One month,3.402546207777135,2.20339537120997,US,NA,NA,NA
2020-07-01,One month,3.6028018049852006,2.253330732082905,US,NA,NA,NA
2020-06-01,One month,3.853145258926016,1.771946088981073,US,NA,NA,NA
2020-05-01,One month,1.208514909697711,2.0715502197449536,US,NA,NA,NA
2020-04-01,One month,-4.8709164490034045,1.269851187493693,US,NA,NA,NA
2020-03-01,One month,-3.411003051807937,1.7976313977740026,US,NA,NA,NA
2020-02-01,One month,0.9573766923575588,1.9410998827417885,US,NA,NA,NA
2020-01-01,One month,2.1257580947157795,2.8355221633456953,US,NA,NA,NA
2019-12-01,One month,3.3139252679898368,2.207016704675341,US,NA,NA,NA
2019-11-01,One month,1.2426229877372077,1.9528166432308105,US,NA,NA,NA
2019-10-01,One month,2.149430473314884,2.4123510027144066,US,NA,NA,NA
2019-09-01,One month,0.7316793013054657,1.6518171644389401,US,NA,NA,NA
2019-08-01,One month,0.5572848969055411,1.938150219506021,US,NA,NA,NA
2019-07-01,One month,1.612036672325723,2.0326266564865914,US,NA,NA,NA
2019-06-01,One month,0.569956452278686,1.9976365904150664,US,NA,NA,NA
2019-05-01,One month,0.8742265062391841,2.0166904346575865,US,NA,NA,NA
2019-04-01,One month,3.4411305688075267,2.638084175940159,US,NA,NA,NA
2019-03-01,One month,2.753031135160322,1.9305738114101512,US,NA,NA,NA
2019-02-01,One month,2.220076948471905,2.1619725595124315,US,NA,NA,NA
2019-01-01,One month,-0.617518738517886,2.162145516288141,US,NA,NA,NA
2026-06-01,One year,2.767194706236219,2.3964628337864053,Eurozone,2.35376602564102,NA,NA
2026-05-01,One year,3.1664656212303894,2.715578311028045,Eurozone,2.5514816675037735,NA,NA
2026-04-01,One year,3.062556481574452,2.4375264088112036,Eurozone,2.23738336510485,NA,NA
2026-03-01,One year,2.540415704387992,2.1996977662657136,Eurozone,2.253974642785278,NA,NA
2026-02-01,One year,1.880152825256389,2.1839886412630873,Eurozone,2.39176506206478,NA,NA
2026-01-01,One year,1.6809260191243096,2.038583003288743,Eurozone,2.1925836111953134,NA,NA
2025-12-01,One year,1.951663464455448,2.0187843666882683,Eurozone,2.308860759493672,NA,NA
2025-11-01,One year,2.1082505574700976,2.0951554534715786,Eurozone,2.3751522533495772,NA,NA
2025-10-01,One year,2.1127475876079207,2.2404954897086604,Eurozone,2.410006101281259,NA,NA
2025-09-01,One year,2.2613833146582447,2.36696943506923,Eurozone,2.3942944472745737,NA,NA
2025-08-01,One year,2.098400733421618,2.41403841571913,Eurozone,2.346699316396283,NA,NA
2025-07-01,One year,2.059963287782986,2.4737421029877034,Eurozone,2.341992227449368,NA,NA
2025-06-01,One year,1.9836400817995887,2.261660205421026,Eurozone,2.316048370567745,NA,NA
2025-05-01,One year,1.8740399385560655,2.2512887036729454,Eurozone,2.249383730484796,NA,NA
2025-04-01,One year,2.1017018659011657,2.3822111222103963,Eurozone,2.6573282521371904,NA,NA
2025-03-01,One year,2.227468692260318,2.4771483299414507,Eurozone,2.4958745874587476,NA,NA
2025-02-01,One year,2.261978202755489,2.2244824818451208,Eurozone,2.460965773963406,NA,NA
2025-01-01,One year,2.475502836513658,2.299630464204762,Eurozone,2.6233927830775623,NA,NA
2024-12-01,One year,2.4554496477414056,2.3435841000998305,Eurozone,2.7468525647695357,NA,NA
2024-11-01,One year,2.259535655058035,2.389182630039489,Eurozone,2.7427260402544533,NA,NA
2024-10-01,One year,1.9890189578369435,2.315318020717126,Eurozone,2.683512582228263,NA,NA
2024-09-01,One year,1.7411130687117908,2.161394302443631,Eurozone,2.6673640167364137,NA,NA
2024-08-01,One year,2.079650618696059,2.347208759735736,Eurozone,2.725081228382778,NA,NA
2024-07-01,One year,2.541043605563115,2.6765252672754185,Eurozone,2.7964676198486087,NA,NA
2024-06-01,One year,2.515723270440242,2.6019267113018634,Eurozone,2.845699831365939,NA,NA
2024-05-01,One year,2.5412160033602875,2.657249474163212,Eurozone,2.819727531946353,NA,NA
2024-04-01,One year,2.4257061850257293,2.616088973044109,Eurozone,2.719001269572585,NA,NA
2024-03-01,One year,2.3857067787703583,2.850379640783257,Eurozone,2.875331564986731,NA,NA
2024-02-01,One year,2.5192368504269003,2.9480739446015427,Eurozone,3.003514751304711,NA,NA
2024-01-01,One year,2.7448071216617245,3.179500942162827,Eurozone,3.2106164383561646,NA,NA
2023-12-01,One year,2.9766350154699586,3.3264727737975885,Eurozone,3.4998923110058153,NA,NA
2023-11-01,One year,2.5401211605909237,3.3520879915887045,Eurozone,3.7545985717377177,NA,NA
2023-10-01,One year,2.822752449936095,3.762367106776714,Eurozone,4.086512335615684,NA,NA
2023-09-01,One year,4.234633250513127,4.158328258263557,Eurozone,4.401004695861092,NA,NA
2023-08-01,One year,5.023479305449393,4.668507437263946,Eurozone,4.949950500494995,NA,NA
2023-07-01,One year,5.076365234589594,5.127858152251642,Eurozone,5.15144815388018,NA,NA
2023-06-01,One year,5.449320216646409,5.130447995025341,Eurozone,5.387093191158496,NA,NA
2023-05-01,One year,6.0822100924585145,5.292918333135649,Eurozone,5.304715302491099,NA,NA
2023-04-01,One year,6.939921392476145,5.91376852747543,Eurozone,5.597139984359279,NA,NA
2023-03-01,One year,6.958183453237424,6.102777845186568,Eurozone,5.768151722590058,NA,NA
2023-02-01,One year,8.571755550469225,6.390836850315415,Eurozone,5.67248171074846,NA,NA
2023-01-01,One year,8.809963099630998,6.435453091510313,Eurozone,5.486565816211334,NA,NA
2022-12-01,One year,9.242424242424253,6.51560018763721,Eurozone,5.247648192224862,NA,NA
2022-11-01,One year,10.085410085410093,6.923005093896487,Eurozone,5.034663029889768,NA,NA
2022-10-01,One year,10.61623659714857,7.045251087110909,Eurozone,5.01027162748231,NA,NA
2022-09-01,One year,9.940617577197138,6.7755257772126125,Eurozone,4.7591808717538,NA,NA
2022-08-01,One year,9.076831447290042,6.1628050532059655,Eurozone,4.218732087584538,NA,NA
2022-07-01,One year,8.772558862196728,5.633826513614064,Eurozone,3.9053526303698503,NA,NA
2022-06-01,One year,8.646571394259642,5.642902644348723,Eurozone,3.721198156682033,NA,NA
2022-05-01,One year,8.06548693872638,5.485663668153175,Eurozone,3.773802654356602,NA,NA
2022-04-01,One year,7.418576598311208,5.0902339524368845,Eurozone,3.443892291690748,NA,NA
2022-03-01,One year,7.504531722054374,4.56664738832468,Eurozone,3.041165587419051,NA,NA
2022-02-01,One year,5.838178294573635,3.8719624826053898,Eurozone,2.681151045880034,NA,NA
2022-01-01,One year,5.10241182886922,3.297809188209073,Eurozone,2.2627568690833453,NA,NA
2021-12-01,One year,5.018359853121169,3.44222077386533,Eurozone,2.676597230303732,NA,NA
2021-11-01,One year,4.768325569992646,3.0889349717997434,Eurozone,2.492719860221317,NA,NA
2021-10-01,One year,4.1094210009813645,2.6891915006574574,Eurozone,2.12121212121213,NA,NA
2021-09-01,One year,3.465224870975679,2.4924189178958827,Eurozone,1.995332555425897,NA,NA
2021-08-01,One year,3.1580240845416654,2.3509556623506818,Eurozone,1.8566090611863657,NA,NA
2021-07-01,One year,2.348623853211011,1.6417315543362392,Eurozone,0.98596450527782,NA,NA
2021-06-01,One year,2.009065294622076,1.5376898922366715,Eurozone,1.0242085661080025,NA,NA
2021-05-01,One year,1.976430149766756,1.5123519894817976,Eurozone,0.9201024924295438,NA,NA
2021-04-01,One year,1.655426118945443,1.4408050056576451,Eurozone,0.8038210624417494,NA,NA
2021-03-01,One year,1.2356251529239115,1.2303149781978382,Eurozone,0.8160410352063451,NA,NA
2021-02-01,One year,0.8058608058608017,1.1142664721130902,Eurozone,0.9684947491248522,NA,NA
2021-01-01,One year,0.7325112928824423,1.2119783805423383,Eurozone,1.215237204954436,NA,NA
2020-12-01,One year,-0.25637895250884357,0.3573594209269081,Eurozone,0.256679500641714,NA,NA
2020-11-01,One year,-0.2811392250336193,0.26974090885028246,Eurozone,0.2569193039822479,NA,NA
2020-10-01,One year,-0.23252967812996908,0.30354027692346786,Eurozone,0.25706940874035855,NA,NA
2020-09-01,One year,-0.28182820732753827,0.409431088414743,Eurozone,0.2573701450631713,NA,NA
2020-08-01,One year,-0.2206964198136425,0.5139402658628175,Eurozone,0.31627035258286984,NA,NA
2020-07-01,One year,0.3683241252301991,1.2385742704283276,Eurozone,1.1498298721107472,NA,NA
2020-06-01,One year,0.25792188651436226,1.0834653237142962,Eurozone,0.8450704225352099,NA,NA
2020-05-01,One year,0.07371007371005904,1.0114058887505777,Eurozone,0.9049241979080924,NA,NA
2020-04-01,One year,0.29516664616897664,1.0157412019827905,Eurozone,0.8577135471742497,NA,NA
2020-03-01,One year,0.7767229688077862,1.185372047123021,Eurozone,1.0603204524033998,NA,NA
2020-02-01,One year,1.1735639283508374,1.2958500552651937,Eurozone,1.144812935205947,NA,NA
2020-01-01,One year,1.3110698824984568,1.3018201789513566,Eurozone,1.015108593012275,NA,NA
2019-12-01,One year,1.3236021771400213,1.3836154126489266,Eurozone,1.2641776937618068,NA,NA
2019-11-01,One year,0.9127914148267045,1.2657885354112115,Eurozone,1.2174940898345168,NA,NA
2019-10-01,One year,0.8018751542067499,1.2077096671915029,Eurozone,1.1583924349881844,NA,NA
2019-09-01,One year,0.9025717111770576,1.227125215263858,Eurozone,1.1238613509996485,NA,NA
2019-08-01,One year,1.1157946937763523,1.447854048480734,Eurozone,1.089402013025461,NA,NA
2019-07-01,One year,1.1047666335650452,1.321363720395174,Eurozone,0.9834123222748794,NA,NA
2019-06-01,One year,1.2308839985080129,1.3390001953298902,Eurozone,1.067615658362996,NA,NA
2019-05-01,One year,1.2815727261415963,1.2753772029287886,Eurozone,0.8772969768820499,NA,NA
2019-04-01,One year,1.5613290032475642,1.3989422835257206,Eurozone,1.0807600950118723,NA,NA
2019-03-01,One year,1.5016894005756514,1.2592208045209603,Eurozone,0.9154678397336774,NA,NA
2019-02-01,One year,1.3902805611222435,1.3539514275647992,Eurozone,0.8450368959771578,NA,NA
2019-01-01,One year,1.2650300601202291,1.3248403315233497,Eurozone,0.9051929490233508,NA,NA
2026-06-01,Six months,3.360438847001146,2.9200188031785994,Eurozone,2.309530650493108,NA,NA
2026-05-01,Six months,3.787431612381642,2.7698734399425957,Eurozone,2.453896490184415,NA,NA
2026-04-01,Six months,4.241804717697861,2.5177873009081133,Eurozone,2.3771831652501296,NA,NA
2026-03-01,Six months,3.476255334546896,2.225867582224064,Eurozone,2.2412752159600258,NA,NA
2026-02-01,Six months,2.2069961427338303,2.2637753063137613,Eurozone,2.3060354193993104,NA,NA
2026-01-01,Six months,1.8873190815852148,1.817877367559187,Eurozone,2.149936036080824,NA,NA
2025-12-01,Six months,2.1773555298317593,1.6522695137229657,Eurozone,2.398020526753064,NA,NA
2025-11-01,Six months,2.549214904232966,1.7380165793865645,Eurozone,2.649159792648037,NA,NA
2025-10-01,Six months,1.8966486361528645,1.847596763721563,Eurozone,2.097774466716351,NA,NA
2025-09-01,Six months,1.6130398112530475,1.921618513001846,Eurozone,2.266675647011085,NA,NA
2025-08-01,Six months,1.5543547058398888,2.2090699505875655,Eurozone,2.4775665438119043,NA,NA
2025-07-01,Six months,1.474951046928319,2.423953830724084,Eurozone,2.2352489916627194,NA,NA
2025-06-01,Six months,1.7264699137266248,2.588168078767075,Eurozone,2.2197786252203144,NA,NA
2025-05-01,Six months,1.669182369105826,2.3977528019793164,Eurozone,2.1018761387577856,NA,NA
2025-04-01,Six months,2.32930483437932,2.713144930243886,Eurozone,2.7231925910732313,NA,NA
2025-03-01,Six months,2.9138635833761306,2.808457511654314,Eurozone,2.522072503308115,NA,NA
2025-02-01,Six months,2.645361319231654,2.4501352198288187,Eurozone,2.215999210739983,NA,NA
2025-01-01,Six months,2.648348176945614,2.260055992916567,Eurozone,2.448846913234881,NA,NA
2024-12-01,Six months,2.241460390346295,1.958718402850547,Eurozone,2.4124087819682005,NA,NA
2024-11-01,Six months,2.079310284255498,2.1581344747528175,Eurozone,2.3971044278905618,NA,NA
2024-10-01,Six months,1.8746051366801408,2.358654589951687,Eurozone,2.59150614427901,NA,NA
2024-09-01,Six months,1.5456517844224082,1.912004808238834,Eurozone,2.4696833660779793,NA,NA
2024-08-01,Six months,1.8800270322738568,1.866775687924996,Eurozone,2.706519413745867,NA,NA
2024-07-01,Six months,2.302948543256278,2.5271954113320003,Eurozone,2.798236033140644,NA,NA
2024-06-01,Six months,2.669886780216779,2.873786327158973,Eurozone,3.082388526196378,NA,NA
2024-05-01,Six months,2.440079221430169,2.625756931297894,Eurozone,3.089514231493795,NA,NA
2024-04-01,Six months,2.103561275417909,2.51008437563694,Eurozone,2.7756015336812156,NA,NA
2024-03-01,Six months,1.9369505888417349,2.6491846711844325,Eurozone,2.8654260254547204,NA,NA
2024-02-01,Six months,2.279665347302018,2.6226273024595432,Eurozone,2.7436463976359793,NA,NA
2024-01-01,Six months,2.779692799099842,2.822287542440522,Eurozone,2.7946992369781487,NA,NA
2023-12-01,Six months,2.3617912441930233,2.345731930469519,Eurozone,2.609554600254804,NA,NA
2023-11-01,Six months,2.642452635356274,2.568173869816055,Eurozone,2.550646867962203,NA,NA
2023-10-01,Six months,2.7488674876123165,2.973364445468148,Eurozone,2.662432176187801,NA,NA
2023-09-01,Six months,2.836438524342322,3.0687752434250015,Eurozone,2.8852380583835657,NA,NA
2023-08-01,Six months,2.759369506200393,3.396648029034428,Eurozone,3.2640403870887624,NA,NA
2023-07-01,Six months,2.7099332851861613,3.554063529306484,Eurozone,3.628216480578006,NA,NA
2023-06-01,Six months,3.595171891942494,4.393497908020693,Eurozone,4.397955435265111,NA,NA
2023-05-01,Six months,2.437891707264628,4.657122782058377,Eurozone,4.972684751982115,NA,NA
2023-04-01,Six months,2.896690541679092,5.132693190502746,Eurozone,5.53034659844327,NA,NA
2023-03-01,Six months,5.651838246976704,5.129334669370376,Eurozone,5.939102510703309,NA,NA
2023-02-01,Six months,7.337474513763187,5.878248720704733,Eurozone,6.66338513163105,NA,NA
2023-01-01,Six months,7.497319662900792,5.951473976554247,Eurozone,6.69706981718079,NA,NA
2022-12-01,Six months,7.336654122755459,5.8164403949184464,Eurozone,6.385602715838501,NA,NA
2022-11-01,Six months,9.856178319828146,5.1863972648849135,Eurozone,5.637796071794932,NA,NA
2022-10-01,Six months,11.142027282176524,5.687010329316219,Eurozone,5.663975645853281,NA,NA
2022-09-01,Six months,8.280681126187162,5.803042654698672,Eurozone,5.597476792694067,NA,NA
2022-08-01,Six months,9.820229670108096,5.432538950681767,Eurozone,4.690783787969144,NA,NA
2022-07-01,Six months,10.13863514802702,5.486773772318132,Eurozone,4.2897952752035895,NA,NA
2022-06-01,Six months,11.182031449513952,5.3807600964499605,Eurozone,4.121865809058356,NA,NA
2022-05-01,Six months,10.31512017823002,5.559296981618799,Eurozone,4.434973542088949,NA,NA
2022-04-01,Six months,10.092933322609875,5.346536840005509,Eurozone,4.360611834600858,NA,NA
2022-03-01,Six months,11.626000756032706,4.293123718376257,Eurozone,3.9275398451577015,NA,NA
2022-02-01,Six months,8.338465456869892,3.6897609799159783,Eurozone,3.7488088726288504,NA,NA
2022-01-01,Six months,7.423426352873186,3.17448041818022,Eurozone,3.5223271534073897,NA,NA
2021-12-01,Six months,6.1689314526332195,3.063766643545476,Eurozone,3.3220722992631124,NA,NA
2021-11-01,Six months,5.8617300007134165,2.499100401400165,Eurozone,3.116817595642618,NA,NA
2021-10-01,Six months,4.809184841998659,2.2716205404474588,Eurozone,2.5352253531643942,NA,NA
2021-09-01,Six months,3.5352360785315895,2.2054758262421656,Eurozone,2.1623510133403023,NA,NA
2021-08-01,Six months,3.395593960793364,2.124518526615912,Eurozone,1.6244802680178694,NA,NA
2021-07-01,Six months,2.831545662663304,1.797590853445126,Eurozone,1.018511948328471,NA,NA
2021-06-01,Six months,3.880257202740389,2.750092389562967,Eurozone,2.035154582059251,NA,NA
2021-05-01,Six months,3.68621448625488,2.5579865567806475,Eurozone,1.8723993746457832,NA,NA
2021-04-01,Six months,3.414329168757324,2.3497684362445113,Eurozone,1.7088705777517088,NA,NA
2021-03-01,Six months,3.3952610054587495,2.078350778978926,Eurozone,1.82858714492089,NA,NA
2021-02-01,Six months,2.92100006758571,2.0146504619959984,Eurozone,2.0892680787306883,NA,NA
2021-01-01,Six months,1.867969961376259,1.2506092250009997,Eurozone,0.953427548780872,NA,NA
2020-12-01,Six months,0.17157910933589535,-0.07285463396454474,Eurozone,0.02327882201278441,NA,NA
2020-11-01,Six months,0.29484013488429994,-0.16426941575414075,Eurozone,-0.02329237749046919,NA,NA
2020-10-01,Six months,-0.07356096115986865,-0.1275052673884685,Eurozone,-0.09317493088424332,NA,NA
2020-09-01,Six months,-0.8789019879524074,-0.1915533478432529,Eurozone,-0.18643668749581677,NA,NA
2020-08-01,Six months,-1.2658100277148088,0.05809821407595694,Eurozone,-0.1399743208854498,NA,NA
2020-07-01,Six months,-0.390291126661424,1.3179727978704507,Eurozone,1.4777258306066132,NA,NA
2020-06-01,Six months,-0.6825086703828975,1.0347081784970786,Eurozone,0.4906248112545697,NA,NA
2020-05-01,Six months,-0.853810815353373,1.0984145093474036,Eurozone,0.537916354250334,NA,NA
2020-04-01,Six months,-0.39124549853716273,1.0974336299790677,Eurozone,0.6085416033924096,NA,NA
2020-03-01,Six months,0.31884215471802424,1.207035769964501,Eurozone,0.7031503016684315,NA,NA
2020-02-01,Six months,0.8354798448402478,1.2967513183669248,Eurozone,0.7745995358503066,NA,NA
2020-01-01,Six months,1.1327168972743218,1.130647211088057,Eurozone,0.8229934146898321,NA,NA
2019-12-01,Six months,1.2072573162643874,1.2155398584932886,Eurozone,1.200766217020388,NA,NA
2019-11-01,Six months,1.0099079982372141,1.1021094786683268,Eurozone,1.2732717824535555,NA,NA
2019-10-01,Six months,0.986308913591305,1.2222727895211176,Eurozone,1.1075026021533765,NA,NA
2019-09-01,Six months,1.2366936678624096,1.382442475241823,Eurozone,1.4187574008124535,NA,NA
2019-08-01,Six months,1.5127815498552133,1.4459779916031057,Eurozone,1.5163863792722054,NA,NA
2019-07-01,Six months,1.489737402803959,1.3579995524888573,Eurozone,1.207589841022738,NA,NA
2019-06-01,Six months,1.4400807846165264,1.6607657655496828,Eurozone,1.327628903555933,NA,NA
2019-05-01,Six months,0.8157682047392534,1.5628628650431935,Eurozone,1.1617471175717764,NA,NA
2019-04-01,Six months,0.6177782306959534,1.5034681333401028,Eurozone,1.2093078818973035,NA,NA
2019-03-01,Six months,0.5695524918282624,1.2986669923719754,Eurozone,0.829822772550326,NA,NA
2019-02-01,Six months,0.720360337407322,1.1561689895861766,Eurozone,0.6642135701318219,NA,NA
2019-01-01,Six months,0.7212561350585567,1.1874446471133278,Eurozone,0.759731362727667,NA,NA
2026-06-01,Three months,1.4967736024674272,2.677362471313368,Eurozone,2.2626009313376994,NA,NA
2026-05-01,Three months,5.231350743575369,2.6767207282840313,Eurozone,2.5069669136222217,NA,NA
2026-04-01,Three months,6.570527823880612,3.005504166102601,Eurozone,3.0397838160642676,NA,NA
2026-03-01,Three months,5.258324372834489,2.4294091954708925,Eurozone,2.3564819063444986,NA,NA
2026-02-01,Three months,2.3633250412539164,2.2121252208859787,Eurozone,2.400853542633663,NA,NA
2026-01-01,Three months,1.963967643666864,1.4517751731357582,Eurozone,1.718843389276703,NA,NA
2025-12-01,Three months,1.7243574972179545,1.1182441265388308,Eurozone,2.1261981957367393,NA,NA
2025-11-01,Three months,2.0509059891402615,1.20697297257132,Eurozone,2.211305093055249,NA,NA
2025-10-01,Three months,1.8107281379173832,1.6246298498491356,Eurozone,2.5828556882257825,NA,NA
2025-09-01,Three months,2.632370849382504,1.2215178381831318,Eurozone,2.6705663487143427,NA,NA
2025-08-01,Three months,3.0499570341262716,1.0367805823693923,Eurozone,3.088890182388604,NA,NA
2025-07-01,Three months,1.9826416447431772,1.2869736675684391,Eurozone,1.6149870377699438,NA,NA
2025-06-01,Three months,0.6038326332341359,1.9845300816015896,Eurozone,1.864373791115548,NA,NA
2025-05-01,Three months,0.08045861003285193,2.6573701289662193,Eurozone,1.8698680930746336,NA,NA
2025-04-01,Three months,0.9697878374901768,3.0052423797867274,Eurozone,2.859297049383902,NA,NA
2025-03-01,Three months,2.8616346937245796,2.872007987773483,Eurozone,2.5764234669097164,NA,NA
2025-02-01,Three months,3.2831262682311735,2.2305527494897217,Eurozone,2.3344125814465544,NA,NA
2025-01-01,Three months,3.707127172939595,1.8591196291095424,Eurozone,2.587268227553241,NA,NA
2024-12-01,Three months,2.966118992700739,2.326627667691997,Eurozone,2.4677503380126975,NA,NA
2024-11-01,Three months,2.011534517196445,2.2865939890916587,Eurozone,2.097722858715767,NA,NA
2024-10-01,Three months,1.600378591962337,2.28654069800872,Eurozone,2.310612371218701,NA,NA
2024-09-01,Three months,1.5219018159924325,1.225575811830346,Eurozone,2.357097115209017,NA,NA
2024-08-01,Three months,2.147131081071496,1.649441480642821,Eurozone,2.697363874861747,NA,NA
2024-07-01,Three months,2.1495718380673656,1.35746640871366,Eurozone,2.8731711111569913,NA,NA
2024-06-01,Three months,1.5694073089047578,1.993351874875346,Eurozone,2.582393454611731,NA,NA
2024-05-01,Three months,1.61362143258712,2.308086207031686,Eurozone,2.7156757688524102,NA,NA
2024-04-01,Three months,2.456555542251304,2.99548749310408,Eurozone,2.7233555394815534,NA,NA
2024-03-01,Three months,3.782289675115358,2.7800081163201757,Eurozone,3.584820615120776,NA,NA
2024-02-01,Three months,3.2732588696765763,2.4138173678692736,Eurozone,3.4647132965467176,NA,NA
2024-01-01,Three months,1.7517831821299623,2.215920588383998,Eurozone,2.827874100649086,NA,NA
2023-12-01,Three months,0.12442323137071833,2.135937173044429,Eurozone,2.1510276173967835,NA,NA
2023-11-01,Three months,1.2956312026261465,2.0494783570069637,Eurozone,2.0276047624711246,NA,NA
2023-10-01,Three months,3.817986491391157,2.2709926468732364,Eurozone,2.7615350763542823,NA,NA
2023-09-01,Three months,4.64915520668725,2.133636020956488,Eurozone,3.070139780655312,NA,NA
2023-08-01,Three months,4.007181335656851,2.1665482811301287,Eurozone,3.076370336450718,NA,NA
2023-07-01,Three months,1.6907582855342218,2.307855021228945,Eurozone,2.5634248505455037,NA,NA
2023-06-01,Three months,1.0551214434940004,2.827746144303208,Eurozone,2.700668038843279,NA,NA
2023-05-01,Three months,1.5265281272621722,3.900496519069996,Eurozone,3.452052126591032,NA,NA
2023-04-01,Three months,3.7393227595595713,4.567525579607668,Eurozone,4.7040625505049505,NA,NA
2023-03-01,Three months,6.199067261741886,5.55593595166664,Eurozone,6.1232931312717565,NA,NA
2023-02-01,Three months,3.357436238495093,5.181917686390962,Eurozone,6.515669022738058,NA,NA
2023-01-01,Three months,2.060902681711574,4.324613412211193,Eurozone,6.36315136115857,NA,NA
2022-12-01,Three months,5.107429027171273,5.003911175080362,Eurozone,5.755231576640152,NA,NA
2022-11-01,Three months,11.470774182203304,5.363176869414824,Eurozone,6.811306093472136,NA,NA
2022-10-01,Three months,13.223315011680237,5.661964449994336,Eurozone,7.032036583015633,NA,NA
2022-09-01,Three months,9.61315888803349,5.649266119018709,Eurozone,7.019731284028441,NA,NA
2022-08-01,Three months,8.264969034050562,3.814975274248267,Eurozone,4.477179121285402,NA,NA
2022-07-01,Three months,9.098998091671916,5.056291266970099,Eurozone,4.313400975303683,NA,NA
2022-06-01,Three months,6.9644012095980035,4.729382041960838,Eurozone,4.194123562032348,NA,NA
2022-05-01,Three months,11.397832118735728,6.793310061288123,Eurozone,4.904825171589744,NA,NA
2022-04-01,Three months,11.1881792175339,6.795489605513944,Eurozone,4.266194916977795,NA,NA
2022-03-01,Three months,15.565963792180916,5.529490053269553,Eurozone,4.049658166231462,NA,NA
2022-02-01,Three months,9.242931468956185,4.703027180687574,Eurozone,3.9672263015273046,NA,NA
2022-01-01,Three months,9.008476016713796,3.7988435092098327,Eurozone,4.455114250254644,NA,NA
2021-12-01,Three months,7.820361946644949,3.61752476110658,Eurozone,3.805564848767573,NA,NA
2021-11-01,Three months,7.441487881390208,2.354596525510648,Eurozone,3.5308503015354376,NA,NA
2021-10-01,Three months,5.861424276969296,1.8718825206926384,Eurozone,2.597869871469527,NA,NA
2021-09-01,Three months,4.542795092561569,1.7277839595081803,Eurozone,2.840831700757307,NA,NA
2021-08-01,Three months,4.305199971872797,1.4421130344502824,Eurozone,2.704440657871565,NA,NA
2021-07-01,Three months,3.7674044371805993,1.4663601134297468,Eurozone,2.4726190845390628,NA,NA
2021-06-01,Three months,2.537387682682968,2.1690592995666576,Eurozone,1.4883465250708827,NA,NA
2021-05-01,Three months,2.493920278069739,2.432664151486856,Eurozone,0.5558759055781959,NA,NA
2021-04-01,Three months,1.9041272230525983,2.0117590422490053,Eurozone,-0.41496111428795945,NA,NA
2021-03-01,Three months,5.240713464460045,2.9343830686435908,Eurozone,2.584908780761719,NA,NA
2021-02-01,Three months,4.892378448616785,2.2066400103933113,Eurozone,3.2061593704602487,NA,NA
2021-01-01,Three months,4.946912052103758,2.0843666838892654,Eurozone,3.877996835185771,NA,NA
2020-12-01,Three months,1.5821695469326214,0.9524147754318554,Eurozone,1.0778415964757482,NA,NA
2020-11-01,Three months,0.9866723548555,0.7608638295450549,Eurozone,0.984463722171891,NA,NA
2020-10-01,Three months,-1.1206418450895206,-0.02509385393460594,Eurozone,-1.8888037471778696,NA,NA
2020-09-01,Three months,-1.219423585731649,-0.6860517165150012,Eurozone,-1.0202815148464994,NA,NA
2020-08-01,Three months,-0.3922525307533453,-0.33180187644167175,Eurozone,-1.020991758337153,NA,NA
2020-07-01,Three months,0.9846079637720218,0.26961052698512994,Eurozone,1.7353174419559192,NA,NA
2020-06-01,Three months,-0.5372065262135739,1.180021613991501,Eurozone,0.6544327829508756,NA,NA
2020-05-01,Three months,-2.131706446899817,1.3782048567259015,Eurozone,0.7488850998198959,NA,NA
2020-04-01,Three months,-1.746471052392462,1.6442333883286917,Eurozone,1.2207864356154283,NA,NA
2020-03-01,Three months,-0.8275985471066338,1.4087983033044968,Eurozone,0.3270834254487376,NA,NA
2020-02-01,Three months,0.4407706823284396,0.9394434032365993,Eurozone,0.3273893784489612,NA,NA
2020-01-01,Three months,0.9826728831635156,0.9688500946388616,Eurozone,0,NA,NA
2019-12-01,Three months,1.4785358005426907,1.2024535012396371,Eurozone,1.080626830103193,NA,NA
2019-11-01,Three months,1.231740123715519,1.271626279196493,Eurozone,1.2238031361801127,NA,NA
2019-10-01,Three months,1.282983852663344,1.7753599667391116,Eurozone,1.6527600109858875,NA,NA
2019-09-01,Three months,0.9367040298366324,1.2454291698044129,Eurozone,1.321048395615354,NA,NA
2019-08-01,Three months,0.7885619800987342,1.1066401657700062,Eurozone,1.3227646043347807,NA,NA
2019-07-01,Three months,0.6905029854441969,0.5484977769272346,Eurozone,0.5651699111726805,NA,NA
2019-06-01,Three months,1.5375748921925725,1.416767201869734,Eurozone,1.5165606317391278,NA,NA
2019-05-01,Three months,2.242205023456645,1.396536628865574,Eurozone,1.7103781539018703,NA,NA
2019-04-01,Three months,2.2953157715290384,2.1954973759293543,Eurozone,1.8541136108666032,NA,NA
2019-03-01,Three months,1.3426802887012368,1.878111784409145,Eurozone,1.1390487948296668,NA,NA
2019-02-01,Three months,-0.5907676151946761,1.396798033342824,Eurozone,0.6160754254058709,NA,NA
2019-01-01,Three months,-1.0322494268186988,0.9247079300278496,Eurozone,0.5685842112109096,NA,NA
2026-06-01,One month,-1.5094783112158394,0.9751022721967906,Eurozone,1.1817866969997537,NA,NA
2026-05-01,One month,-0.1168508558671788,1.8913418249948952,Eurozone,2.260576723808816,NA,NA
2026-04-01,One month,6.284527656923933,3.6242229229292615,Eurozone,3.357006191079104,NA,NA
2026-03-01,One month,9.767345491140844,1.6663898202088288,Eurozone,1.9088711972824024,NA,NA
2026-02-01,One month,3.745230921429687,2.299132079788687,Eurozone,3.8634882395086168,NA,NA
2026-01-01,One month,2.406624880685837,3.0807275638890985,Eurozone,1.314395071941754,NA,NA
2025-12-01,One month,0.9571213926833576,0.5448731746675095,Eurozone,2.041461448490378,NA,NA
2025-11-01,One month,2.53571580778933,0.528601664241194,Eurozone,1.8020243878474451,NA,NA
2025-10-01,One month,1.686368994754206,2.278383304717827,Eurozone,2.536481458061157,NA,NA
2025-09-01,One month,1.9325024945472613,1.1382556170384404,Eurozone,2.2967829483530044,NA,NA
2025-08-01,One month,1.8134617420391352,0.989374884713914,Eurozone,2.9162533778714694,NA,NA
2025-07-01,One month,4.1682081330610465,1.10677328482187,Eurozone,2.7997194326597308,NA,NA
2025-06-01,One month,3.1817875434499987,1.955283104294429,Eurozone,3.552287183548386,NA,NA
2025-05-01,One month,-1.3174119620018132,1.24548579812777,Eurozone,-1.435238986299936,NA,NA
2025-04-01,One month,0,2.1205792327050546,Eurozone,3.558461603501195,NA,NA
2025-03-01,One month,1.579794452921579,2.6431565009788187,Eurozone,3.5690441183222177,NA,NA
2025-02-01,One month,1.3367569089700604,3.08002648583352,Eurozone,1.4647285313296845,NA,NA
2025-01-01,One month,5.727006174237448,2.8461256361752985,Eurozone,2.70642003742958,NA,NA
2024-12-01,One month,2.833635357996367,1.2823615659413046,Eurozone,2.837713885745119,NA,NA
2024-11-01,One month,2.5899192138907567,1.1144894646969898,Eurozone,2.2187087518764637,NA,NA
2024-10-01,One month,3.476839069420934,2.690096226111383,Eurozone,2.3478679710624784,NA,NA
2024-09-01,One month,0,1.322356912278576,Eurozone,1.7276417712037695,NA,NA
2024-08-01,One month,1.354450869418078,1.952798380986918,Eurozone,2.8594683394688625,NA,NA
2024-07-01,One month,3.237245730381355,1.8905982378989692,Eurozone,2.487436377777752,NA,NA
2024-06-01,One month,1.8589713361941265,1.17025473589981,Eurozone,2.7455408610996157,NA,NA
2024-05-01,One month,1.3617164918641622,1.5855817406875157,Eurozone,3.3886273989333304,NA,NA
2024-04-01,One month,1.4881911973479545,2.2737091597067978,Eurozone,1.620828466025892,NA,NA
2024-03-01,One month,1.9920497706140683,2.844681993465147,Eurozone,3.1465442828955137,NA,NA
2024-02-01,One month,3.905233297032251,3.80571092425426,Eurozone,3.411819389004167,NA,NA
2024-01-01,One month,5.478999599194223,1.9717641376233512,Eurozone,4.198986180836273,NA,NA
2023-12-01,One month,0.498648467442786,1.087665188912259,Eurozone,2.7881627478052673,NA,NA
2023-11-01,One month,-0.6198007196317024,0.8304892410513613,Eurozone,1.514007874250467,NA,NA
2023-10-01,One month,0.4985966707853118,2.2544932492093697,Eurozone,2.154885587524946,NA,NA
2023-09-01,One month,4.066820089112366,1.6636654117497836,Eurozone,2.416034730465344,NA,NA
2023-08-01,One month,6.990575414399913,2.4735868326683073,Eurozone,3.7205117445784808,NA,NA
2023-07-01,One month,2.9317538738120152,1.4681518842336558,Eurozone,3.078000865379815,NA,NA
2023-06-01,One month,2.1633404049803184,2.5443962833624676,Eurozone,2.434608899307822,NA,NA
2023-05-01,One month,0,2.90544935749518,Eurozone,2.1797517239363184,NA,NA
2023-04-01,One month,1.0136119511220398,3.44782210464469,Eurozone,3.4923500977892097,NA,NA
2023-03-01,One month,3.599749310182032,4.266031584398154,Eurozone,4.699410834191209,NA,NA
2023-02-01,One month,6.68211581161029,4.751373045536414,Eurozone,5.934668402602794,NA,NA
2023-01-01,One month,8.3706759519794,5.9191112125308685,Eurozone,7.758070223578128,NA,NA
2022-12-01,One month,-4.49595153758705,3.4188367433700684,Eurozone,5.865043857343655,NA,NA
2022-11-01,One month,2.717549795305607,2.572967813622947,Eurozone,5.48026246380664,NA,NA
2022-10-01,One month,18.367862833167713,6.6649501149486134,Eurozone,5.920933148182939,NA,NA
2022-09-01,One month,13.92121141328584,5.4762014373075205,Eurozone,9.068333409818251,NA,NA
2022-08-01,One month,7.638886846039528,3.8258796077529023,Eurozone,6.135554270313137,NA,NA
2022-07-01,One month,7.402474796524183,4.00052454814699,Eurozone,5.884404676420929,NA,NA
2022-06-01,One month,9.76917030851212,4.725637419661194,Eurozone,1.4778887262056006,NA,NA
2022-05-01,One month,10.145717576252956,5.663018900644447,Eurozone,5.637202870429725,NA,NA
2022-04-01,One month,1.2208068281331697,4.860185988149248,Eurozone,5.521598500574454,NA,NA
2022-03-01,One month,23.991754786363884,5.15195774696079,Eurozone,3.568607787749034,NA,NA
2022-02-01,One month,9.5249980582941,6.065860194529756,Eurozone,3.7196575777938663,NA,NA
2022-01-01,One month,13.653751655077784,5.239134405715344,Eurozone,4.865531088931108,NA,NA
2021-12-01,One month,4.73287047864448,2.313111297326448,Eurozone,3.3226504687879466,NA,NA
2021-11-01,One month,8.821327969729253,3.357036485314512,Eurozone,5.1866990315480255,NA,NA
2021-10-01,One month,9.97787605464351,2.4151101752417596,Eurozone,2.9213663847487803,NA,NA
2021-09-01,One month,3.632671148322952,1.6476559082607487,Eurozone,2.5045098098369856,NA,NA
2021-08-01,One month,4.090519936388626,2.05924555360886,Eurozone,2.3685415355937156,NA,NA
2021-07-01,One month,5.919141470693168,1.6055655985997423,Eurozone,3.6542829687251865,NA,NA
2021-06-01,One month,2.927695753559112,1.7167416576499508,Eurozone,2.097215451781076,NA,NA
2021-05-01,One month,2.4887411908462997,1.987823920313159,Eurozone,1.6769148338622308,NA,NA
2021-04-01,One month,2.197044707690954,2.077852408928992,Eurozone,0.6960125317410526,NA,NA
2021-03-01,One month,2.7968526466986665,1.3406938751556576,Eurozone,-0.6912016814188404,NA,NA
2021-02-01,One month,0.7296131408833562,1.3442941926301366,Eurozone,-1.2397247064012906,NA,NA
2021-01-01,One month,12.567848878200127,4.991461388288399,Eurozone,10.072900656681336,NA,NA
2020-12-01,One month,1.7794891212482788,0.7835290720517284,Eurozone,1.1239784797677066,NA,NA
2020-11-01,One month,0.8868029743947625,0.7834639104958917,Eurozone,0.7015464072333888,NA,NA
2020-10-01,One month,2.0840345347626688,1.2282587658209907,Eurozone,1.4092547453513182,NA,NA
2020-09-01,One month,0,0.7816810788616944,Eurozone,0.8439758219696447,NA,NA
2020-08-01,One month,-5.298013234692678,-0.2783319649485074,Eurozone,-7.651857939688355,NA,NA
2020-07-01,One month,1.7783903209691363,-1.1003373771144502,Eurozone,4.126320213038137,NA,NA
2020-06-01,One month,2.533241867559455,0.6681389345968377,Eurozone,0.8418049753190715,NA,NA
2020-05-01,One month,-1.3163317824956833,0.6979245633602612,Eurozone,0.2799484947667574,NA,NA
2020-04-01,One month,-2.753946844199573,1.5691069018447747,Eurozone,0.8425930807845594,NA,NA
2020-03-01,One month,-2.3192963585179194,1.7749133471660443,Eurozone,1.1259558814447512,NA,NA
2020-02-01,One month,-0.14640392691884774,1.80556738979817,Eurozone,1.695673602595038,NA,NA
2020-01-01,One month,0,1.088233187463109,Eurozone,-1.8049841556995627,NA,NA
2019-12-01,One month,1.4767148695344234,0.2359557536811337,Eurozone,1.12688105188401,NA,NA
2019-11-01,One month,1.4785343151458186,0.832297609304566,Eurozone,0.7033556675828168,NA,NA
2019-10-01,One month,1.480358249649716,0.8807478294073777,Eurozone,1.4129051153099814,NA,NA
2019-09-01,One month,0.7381402529390568,1.935722772442008,Eurozone,1.557215496194431,NA,NA
2019-08-01,One month,1.6327183072157192,1.6696494628817726,Eurozone,1.9890427856867676,NA,NA
2019-07-01,One month,0.44304894037805465,0.603194391011348,Eurozone,0.4233544624851371,NA,NA
2019-06-01,One month,0.2952390541683281,0.3723607149602066,Eurozone,1.5623762105900552,NA,NA
2019-05-01,One month,1.3363659524940674,1.1255740770546392,Eurozone,-0.2816238468144716,NA,NA
2019-04-01,One month,2.9994050127805316,1.737848550518408,Eurozone,3.300550390085122,NA,NA
2019-03-01,One month,2.397789093793712,2.1950669489870087,Eurozone,2.145202522350109,NA,NA
2019-02-01,One month,1.494368602553453,1.522434710374014,Eurozone,0.14173504997920805,NA,NA
2019-01-01,One month,0.14854240032748933,2.197328408871015,Eurozone,1.1401303224323869,NA,NA
2026-06-01,One year,2.646455190292718,2.8399654232600895,UK,NA,2.5734073860996203,NA
2026-05-01,One year,2.8478955049198853,2.8670096189801297,UK,NA,2.61069741965091,NA
2026-04-01,One year,2.8079316833116192,2.8399643056902306,UK,NA,2.4529323219065784,NA
2026-03-01,One year,3.3162125130970685,3.347595801665533,UK,NA,3.1459019103876225,NA
2026-02-01,One year,2.9851624193050323,3.1103257597073988,UK,NA,3.225075699798375,NA
2026-01-01,One year,3.0124886450078714,3.0284213630798353,UK,NA,3.0858720299714,NA
2025-12-01,One year,3.373613078375832,3.2304192394933,UK,NA,3.2483369451135196,NA
2025-11-01,One year,3.247743081249083,3.266001009923888,UK,NA,3.1809130075945315,NA
2025-10-01,One year,3.5588638299448263,3.509999783157401,UK,NA,3.38469922194303,NA
2025-09-01,One year,3.782736653876242,3.5666573539125266,UK,NA,3.5200133777230502,NA
2025-08-01,One year,3.788256850666993,3.661675768692935,UK,NA,3.589029843935379,NA
2025-07-01,One year,3.8294851677501303,3.748879812265362,UK,NA,3.762155390385696,NA
2025-06-01,One year,3.5764898933393123,3.6340961373715785,UK,NA,3.660009786531291,NA
2025-05-01,One year,3.357949836097411,3.5564317249562953,UK,NA,3.538446210559406,NA
2025-04-01,One year,3.5273315751618304,3.637363311552881,UK,NA,3.8255446916621936,NA
2025-03-01,One year,2.5941516951063623,3.1480908244339565,UK,NA,3.384457601044258,NA
2025-02-01,One year,2.836187667763037,3.431578114491434,UK,NA,3.5296600894337025,NA
2025-01-01,One year,2.9829405009088745,3.615388450811986,UK,NA,3.7402147830533847,NA
2024-12-01,One year,2.50298694817078,3.1566242807337725,UK,NA,3.2067767023581375,NA
2024-11-01,One year,2.622126709546101,3.358569216285872,UK,NA,3.5291258711108635,NA
2024-10-01,One year,2.2809914851065085,3.307393702078792,UK,NA,3.30581097141427,NA
2024-09-01,One year,1.680341219876201,2.978405906321223,UK,NA,3.160800119186712,NA
2024-08-01,One year,2.216283708677844,3.413315968544586,UK,NA,3.5878043015835512,NA
2024-07-01,One year,2.2344448264008334,3.349133679601339,UK,NA,3.2861516126996086,NA
2024-06-01,One year,1.9753105200307133,3.6148945095431095,UK,NA,3.519727729629192,NA
2024-05-01,One year,1.9899777622079384,3.6584137398274112,UK,NA,3.485716098535917,NA
2024-04-01,One year,2.33307009944108,3.941837803454371,UK,NA,3.8555026065820104,NA
2024-03-01,One year,3.2280592845503193,4.376199771973712,UK,NA,4.237329316293296,NA
2024-02-01,One year,3.411472179651581,4.66295544733148,UK,NA,4.478367760326047,NA
2024-01-01,One year,3.981114617191386,5.229427298521832,UK,NA,5.0532684249241715,NA
2023-12-01,One year,3.9932685351199937,5.324157929470568,UK,NA,5.136293249653844,NA
2023-11-01,One year,3.940991680742583,5.384798513846997,UK,NA,5.086826149993408,NA
2023-10-01,One year,4.599877970506892,5.769992462654045,UK,NA,5.660751462278183,NA
2023-09-01,One year,6.6521767234414035,6.337130812710715,UK,NA,6.061059687466224,NA
2023-08-01,One year,6.657030564848807,6.3889647451124425,UK,NA,6.227351471683588,NA
2023-07-01,One year,6.827214193032422,6.774839724489465,UK,NA,6.901030684367675,NA
2023-06-01,One year,7.949684295227083,7.208053521330434,UK,NA,6.885437287447334,NA
2023-05-01,One year,8.680682006290349,7.425529093078679,UK,NA,7.123983653494877,NA
2023-04-01,One year,8.658235862574562,7.267655560263719,UK,NA,6.773438967336552,NA
2023-03-01,One year,10.056877380566052,7.057144290942221,UK,NA,6.187703712622234,NA
2023-02-01,One year,10.416396867742408,7.193838228614222,UK,NA,6.196601583845818,NA
2023-01-01,One year,10.05152396038226,6.9309210820799745,UK,NA,5.803907165468633,NA
2022-12-01,One year,10.5283743731041,7.042037028915335,UK,NA,6.350368143597784,NA
2022-11-01,One year,10.672012718712054,7.278163403829603,UK,NA,6.312618230224899,NA
2022-10-01,One year,11.0515663498768,7.5059935694976,UK,NA,6.48907344195375,NA
2022-09-01,One year,10.095627807676902,7.327563061745579,UK,NA,6.535125413096822,NA
2022-08-01,One year,9.87018780389883,7.139951015636553,UK,NA,6.259670964873278,NA
2022-07-01,One year,10.100901192305276,7.10043767335287,UK,NA,6.158447047025536,NA
2022-06-01,One year,9.412113480784091,6.781152174534423,UK,NA,5.8160040820345715,NA
2022-05-01,One year,9.082701336222453,6.734583513603681,UK,NA,5.90622384984298,NA
2022-04-01,One year,9.010661677897447,6.793956533736988,UK,NA,6.188127787649122,NA
2022-03-01,One year,7.023124028882184,6.001085795660378,UK,NA,5.711064847223104,NA
2022-02-01,One year,6.176608090641586,5.254793803222066,UK,NA,5.191653208514674,NA
2022-01-01,One year,5.455513335903229,4.822764488362997,UK,NA,4.3728265929191394,NA
2021-12-01,One year,5.386045744749059,4.609616010880915,UK,NA,4.195416908773964,NA
2021-11-01,One year,5.129900542744577,4.304121427227177,UK,NA,3.976615642386884,NA
2021-10-01,One year,4.206211658551349,3.5495055380190816,UK,NA,3.383417615600114,NA
2021-09-01,One year,3.0800689553990694,3.1196967518239633,UK,NA,2.901034781419521,NA
2021-08-01,One year,3.196670748437106,3.1180275638107204,UK,NA,3.121618399574488,NA
2021-07-01,One year,2.0399369223998773,2.1214334419652445,UK,NA,1.8484912043918773,NA
2021-06-01,One year,2.514182568334183,2.5544119230393125,UK,NA,2.317295450590316,NA
2021-05-01,One year,2.114948463112875,2.144164011414853,UK,NA,2.0064065497333727,NA
2021-04-01,One year,1.525922237896349,1.6759818306020056,UK,NA,1.25480764817654,NA
2021-03-01,One year,0.7143251652337171,1.4287187790645282,UK,NA,1.1187718330575462,NA
2021-02-01,One year,0.41421588932151704,1.2563442162340466,UK,NA,0.8762322015334046,NA
2021-01-01,One year,0.7005804281119409,1.6038626858215654,UK,NA,1.4368906870596576,NA
2020-12-01,One year,0.5887664467622544,1.5505210325699244,UK,NA,1.404923677475198,NA
2020-11-01,One year,0.3150650858137788,1.3368785154101122,UK,NA,1.1094538356719317,NA
2020-10-01,One year,0.6971504552253924,1.709054075323922,UK,NA,1.4551863505919465,NA
2020-09-01,One year,0.5319001834456422,1.5721014174721215,UK,NA,1.2713742290504813,NA
2020-08-01,One year,0.21960784313725443,1.5087318001876922,UK,NA,0.8583214635860925,NA
2020-07-01,One year,1.0403060704592026,2.066773825043473,UK,NA,1.8237025619121008,NA
2020-06-01,One year,0.6031519553797228,1.7800755666227213,UK,NA,1.442017337656914,NA
2020-05-01,One year,0.4798606736576877,1.710170101338481,UK,NA,1.2057258042042374,NA
2020-04-01,One year,0.7674226306058622,1.8003509646334528,UK,NA,1.4291566579148245,NA
2020-03-01,One year,1.523307539905046,2.0173270862492467,UK,NA,1.6084739113377735,NA
2020-02-01,One year,1.7095297388894548,2.020716209064908,UK,NA,1.679893684722796,NA
2020-01-01,One year,1.7692705638903263,2.0407944191309815,UK,NA,1.5885705686499434,NA
2019-12-01,One year,1.3020711798911635,1.7978376477223943,UK,NA,1.367203904697012,NA
2019-11-01,One year,1.474217552256677,1.9806849946558036,UK,NA,1.6899641409270856,NA
2019-10-01,One year,1.4643743851595097,1.9992291287396484,UK,NA,1.7186033414679829,NA
2019-09-01,One year,1.7149554617908986,2.101687595034443,UK,NA,1.6699678021947175,NA
2019-08-01,One year,1.7242673975482958,1.920557153574736,UK,NA,1.516389209693619,NA
2019-07-01,One year,2.0610954060263333,2.2538385608317864,UK,NA,1.9443576709359252,NA
2019-06-01,One year,2.005462570054153,2.177935540108207,UK,NA,1.7759033182346882,NA
2019-05-01,One year,2.0206029675833954,2.166291269564757,UK,NA,1.6822200392927362,NA
2019-04-01,One year,2.1176269674860766,2.1586241194058555,UK,NA,1.7796224698658176,NA
2019-03-01,One year,1.907600879991619,2.202787942334376,UK,NA,1.83876337693223,NA
2019-02-01,One year,1.8692836637959889,2.2518212045792567,UK,NA,1.8394616953546508,NA
2019-01-01,One year,1.847948958672621,2.2758583707061693,UK,NA,1.893699806413278,NA
2026-06-01,Six months,2.7457610288743384,2.955833947345762,UK,NA,2.6451580918751105,NA
2026-05-01,Six months,3.1118884073907394,2.918940331459062,UK,NA,2.6467453961807275,NA
2026-04-01,Six months,2.819927324103544,2.7993332072262533,UK,NA,2.4204498798233276,NA
2026-03-01,Six months,2.846489216805459,2.8925697576202127,UK,NA,2.7086505121759252,NA
2026-02-01,Six months,2.1192924077581443,2.5994534424117894,UK,NA,2.63874317865449,NA
2026-01-01,Six months,2.265482715109446,2.6214432280533413,UK,NA,2.5607591634110527,NA
2025-12-01,Six months,2.5487325410666672,2.6067224977648413,UK,NA,2.687317722336502,NA
2025-11-01,Six months,2.586217524405221,2.805054637204111,UK,NA,2.8215325072540987,NA
2025-10-01,Six months,2.783638380653586,2.9194035621054972,UK,NA,2.7508930867011117,NA
2025-09-01,Six months,3.780293800900081,3.2797100120528713,UK,NA,3.490488518375545,NA
2025-08-01,Six months,3.873976119036371,3.445433934200387,UK,NA,3.6252187389511192,NA
2025-07-01,Six months,3.7708005457611327,3.172490795352746,UK,NA,3.5272525236095698,NA
2025-06-01,Six months,4.2212605249500434,3.7068638465202017,UK,NA,3.848400681004516,NA
2025-05-01,Six months,3.946681354041681,3.6509214540090738,UK,NA,3.5653131248156944,NA
2025-04-01,Six months,4.347095005629575,3.6606631559948024,UK,NA,4.027671081907513,NA
2025-03-01,Six months,3.784919603038039,3.4362569720735094,UK,NA,3.513341962205186,NA
2025-02-01,Six months,3.6724699305304087,3.2326538587367644,UK,NA,3.3754514491075804,NA
2025-01-01,Six months,3.8578032409170904,3.532935811080172,UK,NA,3.835646734066933,NA
2024-12-01,Six months,2.919460874969837,2.949586362487058,UK,NA,3.3444644471495533,NA
2024-11-01,Six months,2.763080831817377,3.1759242800736063,UK,NA,3.5408665300753928,NA
2024-10-01,Six months,2.6816286214935925,3.2159342217253353,UK,NA,3.4886760268966643,NA
2024-09-01,Six months,1.4098394720117424,2.82634724100666,UK,NA,3.231662785863354,NA
2024-08-01,Six months,2.0184944294293405,3.207823867861614,UK,NA,3.564574342541005,NA
2024-07-01,Six months,2.1064056004333365,3.2709145868201146,UK,NA,3.337684095792137,NA
2024-06-01,Six months,2.1181984757922656,3.2069348117393717,UK,NA,3.166035176396087,NA
2024-05-01,Six months,2.539121687918078,3.5164328943127536,UK,NA,3.563041004410983,NA
2024-04-01,Six months,1.908129577858575,3.2072861042337353,UK,NA,3.220187915353301,NA
2024-03-01,Six months,1.9708896359692083,3.3799609660776335,UK,NA,3.29109530387095,NA
2024-02-01,Six months,2.3922509152364047,3.881444067946037,UK,NA,3.6005919943915554,NA
2024-01-01,Six months,2.3429392569970675,3.6141983118754855,UK,NA,3.3458901659839,NA
2023-12-01,Six months,1.8101672732779408,4.212749591389882,UK,NA,4.068725570736587,NA
2023-11-01,Six months,1.4298558934923822,3.818590951273637,UK,NA,3.735152664078156,NA
2023-10-01,Six months,2.728446564380449,4.702600898015481,UK,NA,4.660001016698545,NA
2023-09-01,Six months,4.469002634565822,5.458334162232733,UK,NA,5.4947086120388455,NA
2023-08-01,Six months,4.443189905110079,5.454702874911988,UK,NA,5.51182883752217,NA
2023-07-01,Six months,5.655770452329434,6.382912763131683,UK,NA,6.717105959937775,NA
2023-06-01,Six months,6.270964578785576,6.186902497156004,UK,NA,6.2888912211915615,NA
2023-05-01,Six months,6.61022940665057,6.7818784216285675,UK,NA,6.68604357671978,NA
2023-04-01,Six months,6.535929711771216,6.571276456563572,UK,NA,6.618609270297671,NA
2023-03-01,Six months,8.892979983012662,6.457488160489188,UK,NA,6.407789421758081,NA
2023-02-01,Six months,8.909624861064147,6.506541083491752,UK,NA,6.579113141821269,NA
2023-01-01,Six months,8.007361828237114,6.17928203169763,UK,NA,6.398330913202077,NA
2022-12-01,Six months,9.59382051809099,6.379531879794108,UK,NA,6.8805839981182615,NA
2022-11-01,Six months,10.720851761968865,6.355341594252309,UK,NA,6.938114970152132,NA
2022-10-01,Six months,10.753297389050244,6.324360781616713,UK,NA,6.580296239045813,NA
2022-09-01,Six months,11.206496808090094,6.128366516656831,UK,NA,6.321761401641401,NA
2022-08-01,Six months,11.97092579755088,6.420345520680362,UK,NA,6.387168235158236,NA
2022-07-01,Six months,12.201129270762312,6.338698960892174,UK,NA,6.105956526395762,NA
2022-06-01,Six months,11.518398183233192,6.448654195127405,UK,NA,6.24711851374935,NA
2022-05-01,Six months,10.670282902493922,6.21396045394884,UK,NA,6.044901885647813,NA
2022-04-01,Six months,11.32086472325835,6.281487565907688,UK,NA,6.451294709718569,NA
2022-03-01,Six months,9.051872252175386,6.054851300811874,UK,NA,6.673172491804369,NA
2022-02-01,Six months,7.823743908403102,5.498637770587274,UK,NA,5.992960966094207,NA
2022-01-01,Six months,8.01431133605195,5.582650708897059,UK,NA,6.217581485405077,NA
2021-12-01,Six months,7.2481665588093325,4.82303656939286,UK,NA,5.2894438123545,NA
2021-11-01,Six months,7.406551123651228,4.9523699558860725,UK,NA,5.311468089783,NA
2021-10-01,Six months,6.6238528367318805,4.759518239924908,UK,NA,5.230771708713067,NA
2021-09-01,Six months,5.066273777923325,4.090786767937643,UK,NA,4.348052009134973,NA
2021-08-01,Six months,4.653005462628368,4.015925694637342,UK,NA,4.2804928871120085,NA
2021-07-01,Six months,3.0559696013143123,3.212014639369962,UK,NA,2.811605115246474,NA
2021-06-01,Six months,3.607079671078139,3.467976522168877,UK,NA,3.114190732267641,NA
2021-05-01,Six months,2.9197455065357536,2.987524246324332,UK,NA,2.669293540763351,NA
2021-04-01,Six months,1.8017090422305817,1.9489044934809865,UK,NA,1.5791847705618922,NA
2021-03-01,Six months,1.2153131514583526,1.9107672953002437,UK,NA,1.5984184406200086,NA
2021-02-01,Six months,1.7891399442574674,2.028600100389098,UK,NA,1.934868964918235,NA
2021-01-01,Six months,1.0029775573072497,1.6309394799724166,UK,NA,1.2000072730487863,NA
2020-12-01,Six months,1.3327171091864989,1.7171727197403135,UK,NA,1.4971122538836037,NA
2020-11-01,Six months,1.2206081375614408,1.5409311309291385,UK,NA,1.3636842054857157,NA
2020-10-01,Six months,1.148589001586564,1.6900828404908923,UK,NA,1.2238201274982874,NA
2020-09-01,Six months,0.2661952854744909,1.3547208227614658,UK,NA,1.0214818594278752,NA
2020-08-01,Six months,-0.8523813407958603,1.113424506816274,UK,NA,0.2387074243801024,NA
2020-07-01,Six months,0.4552351340434191,2.051111776314074,UK,NA,1.6600880813661956,NA
2020-06-01,Six months,-0.09897206774575062,1.503567232010243,UK,NA,1.2198088584916,NA
2020-05-01,Six months,-0.561033931922994,1.410592840120296,UK,NA,0.7996446915391253,NA
2020-04-01,Six months,0.20662202847689937,1.7407724207660067,UK,NA,1.4340873718130531,NA
2020-03-01,Six months,0.8632160763014207,1.977802831094848,UK,NA,1.5133730169671678,NA
2020-02-01,Six months,1.338286258454957,2.0402262415393646,UK,NA,1.6447040393120729,NA
2020-01-01,Six months,1.5643213515776688,2.089003064627447,UK,NA,1.6093985785486042,NA
2019-12-01,Six months,1.2352660147542327,1.8063033605394263,UK,NA,1.4201374549549062,NA
2019-11-01,Six months,1.489919452902777,2.2028843034336374,UK,NA,1.6976090575224312,NA
2019-10-01,Six months,1.273889593550348,1.9579070258636084,UK,NA,1.5109471949605435,NA
2019-09-01,Six months,2.2165944034810092,2.001289151792405,UK,NA,1.6361179315470098,NA
2019-08-01,Six months,2.126417335732156,1.9372405472596157,UK,NA,1.6913399670897888,NA
2019-07-01,Six months,1.9920259174519117,1.946821163793148,UK,NA,1.4921410007544766,NA
2019-06-01,Six months,1.4209544624721238,1.9805392185662216,UK,NA,1.4749989416466214,NA
2019-05-01,Six months,1.473418063581544,2.0513335213063004,UK,NA,1.719168040721364,NA
2019-04-01,Six months,1.6300712539991211,2.049051737553245,UK,NA,1.8206179895531305,NA
2019-03-01,Six months,1.2545208757024584,2.0086651166419474,UK,NA,1.741966585163368,NA
2019-02-01,Six months,1.3422296868471628,2.0732436913404997,UK,NA,1.5858176228610965,NA
2019-01-01,Six months,2.0578284682231107,2.1372753722926823,UK,NA,2.096624012849313,NA
2026-06-01,Three months,2.1250519890518405,2.788760739327503,UK,NA,2.4508424484160463,NA
2026-05-01,Three months,3.1103356446966934,2.677451749052503,UK,NA,2.2637013249860116,NA
2026-04-01,Three months,3.0737394473405732,2.756202119428945,UK,NA,2.2519913421848337,NA
2026-03-01,Three months,3.3702426955363407,2.8245698207085277,UK,NA,2.839842288372751,NA
2026-02-01,Three months,3.113441193468214,2.7642623446623555,UK,NA,3.031224216544315,NA
2026-01-01,Three months,2.5667401960811187,2.587787152866833,UK,NA,2.5891859502368053,NA
2025-12-01,Three months,2.3253894776744,2.7209760235912923,UK,NA,2.5776260960387987,NA
2025-11-01,Three months,1.1347285199691417,2.2746341212414287,UK,NA,2.247757234764358,NA
2025-10-01,Three months,1.9651100830631485,2.7080932088560914,UK,NA,2.5323402534604744,NA
2025-09-01,Three months,2.7725630897665443,2.4307229828683257,UK,NA,2.7971266476333856,NA
2025-08-01,Three months,4.058538347553031,2.8495548080945854,UK,NA,3.398527586928135,NA
2025-07-01,Three months,3.608737441257137,3.0153096308655347,UK,NA,2.969911776283296,NA
2025-06-01,Three months,4.7979057600597175,3.790093796043073,UK,NA,4.188527082907467,NA
2025-05-01,Three months,3.6897412371913902,3.2038892552205107,UK,NA,3.85240688913846,NA
2025-04-01,Three months,3.933117146741316,3.617285565076049,UK,NA,4.087609964873695,NA
2025-03-01,Three months,3.647788251406326,3.324715258548952,UK,NA,3.509384631388124,NA
2025-02-01,Three months,4.204258160914143,3.4245640401773603,UK,NA,3.279013014024734,NA
2025-01-01,Three months,4.762721787136082,3.2673568798331907,UK,NA,3.967766714765952,NA
2024-12-01,Three months,3.922232386496849,3.27105486771112,UK,NA,3.517299444317401,NA
2024-11-01,Three months,3.143395588494058,3.0524032986179077,UK,NA,3.471979935126157,NA
2024-10-01,Three months,2.960701192411408,2.8639618221036125,UK,NA,3.703694648570943,NA
2024-09-01,Three months,1.9263653555884996,2.873553014956285,UK,NA,3.171918019490416,NA
2024-08-01,Three months,2.3841683880402753,2.6920802555157395,UK,NA,3.609798986358004,NA
2024-07-01,Three months,2.4033124702479647,2.6111475715739187,UK,NA,3.274103223549485,NA
2024-06-01,Three months,0.8959311544345372,3.009689257925609,UK,NA,3.2914421492193924,NA
2024-05-01,Three months,1.654126507153042,3.323145479721931,UK,NA,3.51936943883,NA
2024-04-01,Three months,1.810359578644305,3.427331163030106,UK,NA,3.4013041117037623,NA
2024-03-01,Three months,3.355272513216434,3.3456438341218924,UK,NA,3.040780461189785,NA
2024-02-01,Three months,3.431821587585193,3.198699583831791,UK,NA,3.6067309936517855,NA
2024-01-01,Three months,2.005993467054057,2.830902094185449,UK,NA,3.039388959456013,NA
2023-12-01,Three months,0.6050497503295782,3.4863003320992445,UK,NA,3.5420182312365434,NA
2023-11-01,Three months,1.3631287409050952,3.747231943156965,UK,NA,3.5944533588849303,NA
2023-10-01,Three months,2.680998044926808,3.6686846880755377,UK,NA,3.6533030917149656,NA
2023-09-01,Three months,3.0297205352644685,3.991853801928992,UK,NA,4.598112214988648,NA
2023-08-01,Three months,1.4966269724357772,3.5152648965059092,UK,NA,3.8760430634259713,NA
2023-07-01,Three months,2.7759170096240293,4.747379921461939,UK,NA,5.676476157476817,NA
2023-06-01,Three months,5.928390902753278,5.26814190067886,UK,NA,6.398990473789934,NA
2023-05-01,Three months,7.475294923025921,5.696324174663774,UK,NA,7.173374113230335,NA
2023-04-01,Three months,8.616319412941852,7.285765582784569,UK,NA,7.767983174359716,NA
2023-03-01,Three months,6.614646142160541,5.540480872763552,UK,NA,6.178905896792819,NA
2023-02-01,Three months,5.752126777403399,5.410142997303663,UK,NA,6.20092899220086,NA
2023-01-01,Three months,4.4953868893397475,4.484356973301109,UK,NA,5.481493741426724,NA
2022-12-01,Three months,11.22000136613217,5.0991020657447415,UK,NA,6.637166337266054,NA
2022-11-01,Three months,12.161398061945938,5.909803797326703,UK,NA,6.958644014604931,NA
2022-10-01,Three months,11.637370379321666,6.042411305983167,UK,NA,7.323137164383997,NA
2022-09-01,Three months,7.99141654577411,5.494069830790828,UK,NA,7.1245573016197605,NA
2022-08-01,Three months,9.298807136170574,5.2898998996777955,UK,NA,6.917589865929452,NA
2022-07-01,Three months,9.87622550467606,5.494195066047446,UK,NA,5.842596913691889,NA
2022-06-01,Three months,14.517295243421714,4.507853049705314,UK,NA,5.524981687617703,NA
2022-05-01,Three months,14.7083719618343,5.850573902060641,UK,NA,5.859378043299479,NA
2022-04-01,Three months,14.575226367769131,5.483009411997444,UK,NA,6.369971435621347,NA
2022-03-01,Three months,8.598034095365549,5.663208068674564,UK,NA,6.974197123213499,NA
2022-02-01,Three months,6.774347052830199,4.264315114216757,UK,NA,6.23075086778746,NA
2022-01-01,Three months,8.158939027154632,5.036428069277244,UK,NA,6.532680158081905,NA
2021-12-01,Three months,9.507607027780352,5.208299787255932,UK,NA,6.372994941571353,NA
2021-11-01,Three months,8.88345441880869,4.247164680948526,UK,NA,5.755703340007545,NA
2021-10-01,Three months,7.869877037832174,4.282477834248259,UK,NA,5.903414800671936,NA
2021-09-01,Three months,5.035344506324435,3.700612984483504,UK,NA,4.216930099638638,NA
2021-08-01,Three months,5.949680654921674,3.9396221858013782,UK,NA,4.869098885088952,NA
2021-07-01,Three months,5.392221683555243,3.4472769546943347,UK,NA,4.562400893809726,NA
2021-06-01,Three months,5.097212157121667,3.6120299917819825,UK,NA,4.479338891396623,NA
2021-05-01,Three months,3.372199752375149,3.2032421449867416,UK,NA,3.6951905984692113,NA
2021-04-01,Three months,0.7715057222688948,2.044936836548299,UK,NA,1.0901247103934697,NA
2021-03-01,Three months,2.138075193859867,2.1671262495978634,UK,NA,1.7668798749071124,NA
2021-02-01,Three months,2.469271627226899,2.3303164389549225,UK,NA,1.6535460836989202,NA
2021-01-01,Three months,2.8424442965208296,2.0259819421538467,UK,NA,2.070610835749509,NA
2020-12-01,Three months,0.30088776299594944,1.8457000462444024,UK,NA,1.4302358716658858,NA
2020-11-01,Three months,1.1135225815211536,1.8558822789099627,UK,NA,2.2169703980577715,NA
2020-10-01,Three months,-0.8035880008052776,1.1730328539942667,UK,NA,0.33682945765363126,NA
2020-09-01,Three months,2.3751612348013262,1.999331561099866,UK,NA,1.5640327299600854,NA
2020-08-01,Three months,1.3278071039153794,2.125427017250579,UK,NA,0.5175210701086286,NA
2020-07-01,Three months,3.13918468235459,2.749718231365625,UK,NA,2.11865191064744,NA
2020-06-01,Three months,-1.7993251901478158,1.0236771742036304,UK,NA,0.48182927325082225,NA
2020-05-01,Three months,-2.9856604346556237,1.125012184559472,UK,NA,-0.03933285320104618,NA
2020-04-01,Three months,-2.158871073930424,1.5922938940991962,UK,NA,1.20358343306306,NA
2020-03-01,Three months,1.630822815076649,2.483211207486124,UK,NA,1.963208467155253,NA
2020-02-01,Three months,1.9241899392408832,2.1572950862665383,UK,NA,1.6456638391484146,NA
2020-01-01,Three months,2.629305370601931,2.232721431279098,UK,NA,1.665116312385928,NA
2019-12-01,Three months,0.10140698915479528,1.8964889643175264,UK,NA,1.0655221250847946,NA
2019-11-01,Three months,0.7557506017206839,2.229771431640794,UK,NA,1.64374424853877,NA
2019-10-01,Three months,0.5103886687840786,1.8368319869161964,UK,NA,1.5537113809068082,NA
2019-09-01,Three months,2.381968379209698,2.163157897556156,UK,NA,1.7759970472552844,NA
2019-08-01,Three months,2.2294379134007114,2.185459871295796,UK,NA,1.7515024114763025,NA
2019-07-01,Three months,2.0431902537453084,2.130240583198738,UK,NA,1.4682010169785986,NA
2019-06-01,Three months,2.051487550491604,2.269700359236498,UK,NA,1.4964310632014088,NA
2019-05-01,Three months,2.023500575903525,1.963699349863924,UK,NA,1.6312130948534342,NA
2019-04-01,Three months,1.9408872348969377,1.6138510602375613,UK,NA,1.5160866328302935,NA
2019-03-01,Three months,0.794317172393777,2.0545843251964353,UK,NA,1.4535713457271893,NA
2019-02-01,Three months,0.9263014441043717,2.2497948216909744,UK,NA,1.8071991056501924,NA
2019-01-01,Three months,1.3202029455868791,2.1738492841711374,UK,NA,2.1260628896394573,NA
2026-06-01,One month,2.333712578577818,2.8843853206982852,UK,NA,3.05757084069751,NA
2026-05-01,One month,2.1137934769018374,2.579301186482475,UK,NA,3.0867316485798213,NA
2026-04-01,One month,1.9280536574296512,2.5905307312118935,UK,NA,1.2194398708444742,NA
2026-03-01,One month,5.324270571281087,2.8757763856211502,UK,NA,2.4938536070089112,NA
2026-02-01,One month,2.005104556397286,2.8203695388983094,UK,NA,3.051323025080266,NA
2026-01-01,One month,2.8102090786154887,1.9791328732128544,UK,NA,2.9752397551115584,NA
2025-12-01,One month,4.541251429442905,3.1990371263973634,UK,NA,3.0671333015036772,NA
2025-11-01,One month,0.3912176107183418,2.2997330106844847,UK,NA,1.7306319802655512,NA
2025-10-01,One month,2.086144675372137,3.5905782088386977,UK,NA,2.9404336119932983,NA
2025-09-01,One month,0.9342161189355824,1.4040771008755153,UK,NA,2.075998382904398,NA
2025-08-01,One month,2.8844072904872675,3.4719672675760154,UK,NA,2.5824295290573396,NA
2025-07-01,One month,4.530635002500971,2.3042171178652926,UK,NA,3.740015801774721,NA
2025-06-01,One month,4.770740948057806,3.747122457368135,UK,NA,3.878046248229072,NA
2025-05-01,One month,1.5559891537235917,3.4472439285533643,UK,NA,1.312011781471445,NA
2025-04-01,One month,8.17135155458324,3.6203238167005054,UK,NA,7.466964791069608,NA
2025-03-01,One month,1.482130328739184,3.275718648267734,UK,NA,2.8759304388963347,NA
2025-02-01,One month,2.2727719116905076,2.881574498241165,UK,NA,2.00192082151407,NA
2025-01-01,One month,7.282902574016847,2.9974570792102995,UK,NA,5.685900898577123,NA
2024-12-01,One month,3.125449999844787,2.753343385687926,UK,NA,2.19057266001157,NA
2024-11-01,One month,3.925936713915723,2.696852155672014,UK,NA,4.056271136879808,NA
2024-10-01,One month,4.721438170267311,3.429626574416019,UK,NA,4.318109768072098,NA
2024-09-01,One month,0.8241869929339396,2.980628464175923,UK,NA,2.0564153921065476,NA
2024-08-01,One month,3.3746728490699596,3.079337027508383,UK,NA,4.756907316842041,NA
2024-07-01,One month,1.596965451470389,2.5003430175945285,UK,NA,2.7215430103215255,NA
2024-06-01,One month,2.188855871279749,3.251685840917737,UK,NA,3.361377953775313,NA
2024-05-01,One month,3.4326715611057157,3.49143468285405,UK,NA,3.7419656605681473,NA
2024-04-01,One month,-2.8238521480672074,2.6833401860239077,UK,NA,2.7732901625079354,NA
2024-03-01,One month,4.509944536716115,3.558420190571295,UK,NA,4.047133786926094,NA
2024-02-01,One month,3.910304484028382,3.543053131161183,UK,NA,3.387412736966166,NA
2024-01-01,One month,1.6673900056442426,2.710862989504162,UK,NA,1.7020319904290426,NA
2023-12-01,One month,4.742329378148469,3.2689703143753404,UK,NA,5.771001294842626,NA
2023-11-01,One month,-0.3280012788698716,2.74950080874068,UK,NA,1.698272992384675,NA
2023-10-01,One month,-2.4642236325978284,4.361604193048005,UK,NA,3.1976206614915847,NA
2023-09-01,One month,7.127978390002521,4.78509988553364,UK,NA,5.931774432764603,NA
2023-08-01,One month,3.610409280464344,4.130507471312317,UK,NA,1.871689132262233,NA
2023-07-01,One month,-1.4670996069609976,3.957942166208408,UK,NA,6.045387905206745,NA
2023-06-01,One month,2.4165572454219353,3.962511813917562,UK,NA,3.753056817976242,NA
2023-05-01,One month,7.57779580987048,5.17589301582195,UK,NA,7.261109053380443,NA
2023-04-01,One month,7.880837956049214,5.561217208143532,UK,NA,8.235402852182471,NA
2023-03-01,One month,6.969258125993627,4.9420896670559795,UK,NA,6.034963218535072,NA
2023-02-01,One month,11.040638783071644,6.282686336157699,UK,NA,9.056319803643875,NA
2023-01-01,One month,2.025721373638323,4.180285556213916,UK,NA,3.517746623734941,NA
2022-12-01,One month,4.394040030384616,4.261792640900507,UK,NA,6.100956623284826,NA
2022-11-01,One month,7.128734738557796,5.439709632045757,UK,NA,6.854964549117382,NA
2022-10-01,One month,23.017531342992072,5.697992234559055,UK,NA,6.957633190464274,NA
2022-09-01,One month,7.0674005841863785,4.773576493489543,UK,NA,7.063435892915626,NA
2022-08-01,One month,5.634195213036874,5.009059627005693,UK,NA,7.951111013960976,NA
2022-07-01,One month,11.35402688945173,4.3749030877629735,UK,NA,6.3650203413978534,NA
2022-06-01,One month,11.00327994236643,4.706563021455559,UK,NA,6.444085993180915,NA
2022-05-01,One month,7.317230744335723,5.2712091360117075,UK,NA,4.727586797092664,NA
2022-04-01,One month,26.068903901130568,4.624869393865639,UK,NA,5.4103421207647,NA
2022-03-01,One month,11.559847893414531,5.179533233626922,UK,NA,7.45922272792614,NA
2022-02-01,One month,6.943964945043457,3.616252803776072,UK,NA,6.2503110309297005,NA
2022-01-01,One month,7.349912663615399,4.922254298260976,UK,NA,7.21688908948499,NA
2021-12-01,One month,6.033426493183991,4.154227031773761,UK,NA,5.234306063747818,NA
2021-11-01,One month,11.15852208867507,4.901050588878516,UK,NA,7.158843029554252,NA
2021-10-01,One month,11.4159343079423,4.195921440769873,UK,NA,6.735479014956458,NA
2021-09-01,One month,4.230687370717789,2.801273715622612,UK,NA,3.412865970422607,NA
2021-08-01,One month,8.083062723349311,4.320115460115344,UK,NA,7.608484245478486,NA
2021-07-01,One month,2.8615698561554437,2.1772516047294137,UK,NA,1.71704617236077,NA
2021-06-01,One month,6.976445925267383,3.9430707311440023,UK,NA,5.366451614687029,NA
2021-05-01,One month,6.38597187754919,4.262145355848956,UK,NA,6.6671141100596465,NA
2021-04-01,One month,2.000207957164557,2.4744316644336704,UK,NA,1.4748335312811056,NA
2021-03-01,One month,1.7948605565539788,2.204972006645358,UK,NA,3.0117937665778083,NA
2021-02-01,One month,-1.4432589278361996,2.7504623663588874,UK,NA,-1.171796754354526,NA
2021-01-01,One month,6.206432622684477,2.406785461787752,UK,NA,3.52649933809992,NA
2020-12-01,One month,2.7883255890795766,3.0896554894064483,UK,NA,2.668016293238651,NA
2020-11-01,One month,-0.36256074046178144,1.2400870985251924,UK,NA,0.0496195585724335,NA
2020-10-01,One month,-1.4746509713860934,2.276823389476971,UK,NA,1.5901715854377274,NA
2020-09-01,One month,5.3069858232073885,2.266921356293033,UK,NA,5.0756000889191855,NA
2020-08-01,One month,-5.923158775412074,1.7740570156803532,UK,NA,-5.370281509619835,NA
2020-07-01,One month,8.303847981494883,4.5951848045293255,UK,NA,5.3635471813324065,NA
2020-06-01,One month,2.1078937379182427,2.1649318824347703,UK,NA,1.860869143089472,NA
2020-05-01,One month,-0.787161053158203,2.12312869916987,UK,NA,-0.7758338005487642,NA
2020-04-01,One month,-6.520534240705633,1.910016177116442,UK,NA,0.3778207567778358,NA
2020-03-01,One month,-1.5481920527111614,2.2442503570721968,UK,NA,0.2841313599254436,NA
2020-02-01,One month,1.771095106948306,2.502807916507788,UK,NA,2.9716545889320267,NA
2020-01-01,One month,4.767886155494772,2.679624881475702,UK,NA,2.655109469317618,NA
2019-12-01,One month,-0.6931568765291662,1.829385350367898,UK,NA,-0.6499001359030587,NA
2019-11-01,One month,3.8979098142698954,3.510057187636965,UK,NA,3.030784609010939,NA
2019-10-01,One month,-2.784713924984794,1.8681319635318547,UK,NA,0.84950174202858,NA
2019-09-01,One month,1.267050066110853,2.0393695660495004,UK,NA,1.0650977354588864,NA
2019-08-01,One month,3.140715442513442,2.697489676983899,UK,NA,2.757242652567649,NA
2019-07-01,One month,2.7477040814220643,2.3157618265725555,UK,NA,1.5131851015740103,NA
2019-06-01,One month,0.8151157127158415,2.5832670459170974,UK,NA,0.9921446694425295,NA
2019-05-01,One month,2.5780182065181068,2.1878050694289195,UK,NA,1.9013252945471624,NA
2019-04-01,One month,2.772769865164104,2.7589313141558978,UK,NA,1.5979363608356278,NA
2019-03-01,One month,0.732194735118008,1.927335825860064,UK,NA,1.3950162847800485,NA
2019-02-01,One month,2.3290328489344647,2.0067665860321173,UK,NA,1.5554201029471804,NA
2019-01-01,One month,-0.6561525947377578,2.706078744346432,UK,NA,1.4103548495126184,NA
2026-06-01,One year,1.700984780662481,1.4948584251164432,Japan,NA,NA,1.7225747960108846
2026-05-01,One year,1.5205724508050114,1.367132419654285,Japan,NA,NA,1.818181818181818
2026-04-01,One year,1.345291479820628,1.380987653389326,Japan,NA,NA,1.9143117593436592
2026-03-01,One year,1.440144014401448,1.629433947794385,Japan,NA,NA,2.4725274725274753
2026-02-01,One year,1.2635379061371892,1.7545046392128705,Japan,NA,NA,2.5758969641214327
2026-01-01,One year,1.528776978417269,1.8997843658336868,Japan,NA,NA,2.6728110599078394
2025-12-01,One year,2.0776874435410995,2.076837413186317,Japan,NA,NA,2.859778597785972
2025-11-01,One year,2.9090909090909114,2.2653397252725007,Japan,NA,NA,2.9520295202951923
2025-10-01,One year,3.0136986301369837,2.4245871752220256,Japan,NA,NA,3.1452358926919577
2025-09-01,One year,2.8466483011937505,2.246158544074162,Japan,NA,NA,3.0697674418604626
2025-08-01,One year,2.749770852428965,2.281493093218473,Japan,NA,NA,3.2588454376163876
2025-07-01,One year,3.038674033149182,2.4641305453104208,Japan,NA,NA,3.367633302151538
2025-06-01,One year,3.234750462107209,2.4780625917901435,Japan,NA,NA,3.470919324577864
2025-05-01,One year,3.422756706753009,2.475116147385422,Japan,NA,NA,3.1894934333958775
2025-04-01,One year,3.528319405756729,2.370744588629442,Japan,NA,NA,3.0046948356807537
2025-03-01,One year,3.638059701492529,2.2597634505529944,Japan,NA,NA,2.824858757062147
2025-02-01,One year,3.648269410664165,2.1690678751942674,Japan,NA,NA,2.6440037771482503
2025-01-01,One year,4.022450888681008,2.0621437770327984,Japan,NA,NA,2.551984877126657
2024-12-01,One year,3.651685393258433,1.858963274497896,Japan,NA,NA,2.360717658168083
2024-11-01,One year,2.8999064546304902,1.8640222095076584,Japan,NA,NA,2.360717658168083
2024-10-01,One year,2.2408963585434227,1.7121153461399246,Japan,NA,NA,2.1739130434782585
2024-09-01,One year,2.5423728813559348,1.6247808455993975,Japan,NA,NA,1.99240986717267
2024-08-01,One year,3.0217186024551355,1.7208084669724255,Japan,NA,NA,2.0912547528517136
2024-07-01,One year,2.7436140018921393,1.73291346523132,Japan,NA,NA,1.9065776930409912
2024-06-01,One year,2.8517110266159698,1.979522240278489,Japan,NA,NA,2.107279693486579
2024-05-01,One year,2.8544243577545196,1.9660892520929067,Japan,NA,NA,2.205177372962605
2024-04-01,One year,2.4738344433872586,2.051035781916281,Japan,NA,NA,2.403846153846154
2024-03-01,One year,2.6819923371647483,2.3658060946912713,Japan,NA,NA,2.9069767441860463
2024-02-01,One year,2.7884615384615437,2.5033718310862283,Japan,NA,NA,3.216374269005859
2024-01-01,One year,2.1012416427889233,2.7831798776054306,Japan,NA,NA,3.5225048923679
2023-12-01,One year,2.5936599423631153,2.89953052744713,Japan,NA,NA,3.7218413320274353
2023-11-01,One year,2.8873917228103942,2.949188306196711,Japan,NA,NA,3.823529411764712
2023-10-01,One year,3.2786885245901556,3.225089371378396,Japan,NA,NA,4.031465093411991
2023-09-01,One year,3.0067895247332768,3.3994972897849056,Japan,NA,NA,4.253214638971327
2023-08-01,One year,3.1158714703018524,3.338117362549146,Japan,NA,NA,4.261645193260652
2023-07-01,One year,3.323558162267845,3.29107559745678,Japan,NA,NA,4.274353876739574
2023-06-01,One year,3.3398821218074715,3.281354895876914,Japan,NA,NA,4.295704295704307
2023-05-01,One year,3.2416502946954786,3.272415870554137,Japan,NA,NA,4.1958041958041985
2023-04-01,One year,3.546798029556645,3.0695779946250723,Japan,NA,NA,4.104104104104098
2023-03-01,One year,3.2640949554896257,2.8532230030310712,Japan,NA,NA,3.718592964824124
2023-02-01,One year,3.277060575968219,2.529965023632864,Japan,NA,NA,3.427419354838701
2023-01-01,One year,4.38683948155534,2.4912173473101795,Japan,NA,NA,3.232323232323235
2022-12-01,One year,3.996003996003996,2.47392531633366,Japan,NA,NA,3.027245206861756
2022-11-01,One year,3.796203796203808,2.265787979980561,Japan,NA,NA,2.8225806451612874
2022-10-01,One year,3.8038038038038007,2.1297625884946525,Japan,NA,NA,2.5201612903225805
2022-09-01,One year,2.997002997002997,1.609715205328197,Japan,NA,NA,1.812688821752263
2022-08-01,One year,3.009027081243731,1.4779374198396211,Japan,NA,NA,1.6112789526686897
2022-07-01,One year,2.607823470411228,1.179865442332948,Japan,NA,NA,1.207243460764576
2022-06-01,One year,2.3115577889447207,0.9950435439503704,Japan,NA,NA,0.9072580645161205
2022-05-01,One year,2.4144869215291664,0.8566887578325741,Japan,NA,NA,0.8056394763343376
2022-04-01,One year,2.4217961654894102,0.8965184201154502,Japan,NA,NA,0.8072653884964797
2022-03-01,One year,1.2012012012011897,0.04612648550658588,Japan,NA,NA,-0.69860279441118045
2022-02-01,One year,0.9018036072144346,0.12461071365943632,Japan,NA,NA,-0.8991008991008906
2022-01-01,One year,0.501002004008016,-0.2652107944221357,Japan,NA,NA,-1.1976047904191645
2021-12-01,One year,0.8056394763343376,-0.03015162253248449,Japan,NA,NA,-0.8008008008008121
2021-11-01,One year,0.6030150753768787,-0.07897920278739762,Japan,NA,NA,-0.7007007007007034
2021-10-01,One year,0.10020040080161176,-0.17361820221400182,Japan,NA,NA,-0.7007007007007034
2021-09-01,One year,0.2002002002001888,-0.07506524385527938,Japan,NA,NA,-0.501002004008016
2021-08-01,One year,-0.3996003996003911,-0.15779451406396408,Japan,NA,NA,-0.501002004008016
2021-07-01,One year,-0.29999999999999716,-0.22773855919098265,Japan,NA,NA,-0.5999999999999943
2021-06-01,One year,-0.400400400400406,-0.32661242453218264,Japan,NA,NA,-0.7999999999999973
2021-05-01,One year,-0.6993006993006881,-0.338078294186968,Japan,NA,NA,-0.898203592814377
2021-04-01,One year,-1.0978043912175734,-0.4950134466998295,Japan,NA,NA,-0.999000999000999
2021-03-01,One year,-0.3988035892322946,-0.11559967690482154,Japan,NA,NA,0
2021-02-01,One year,-0.4985044865403789,-0.1415362829637548,Japan,NA,NA,0
2021-01-01,One year,-0.6965174129353262,-0.05721698053528284,Japan,NA,NA,0
2020-12-01,One year,-1.1940298507462714,-0.3429384767585268,Japan,NA,NA,-0.3988035892322946
2020-11-01,One year,-0.9950248756218906,-0.2434250478834968,Japan,NA,NA,-0.3988035892322946
2020-10-01,One year,-0.5976095617529965,-0.05351982374116143,Japan,NA,NA,-0.29940119760478756
2020-09-01,One year,-0.19980019980018843,0.36250043253940945,Japan,NA,NA,-0.10010010010010864
2020-08-01,One year,0.09999999999999432,0.47580731896835504,Japan,NA,NA,-0.10010010010010864
2020-07-01,One year,0.20040080160320925,0.7027635513155548,Japan,NA,NA,0.4016064257028169
2020-06-01,One year,0.10020040080161176,0.7387284472198004,Japan,NA,NA,0.4016064257028169
2020-05-01,One year,0.09999999999999432,0.7833357493406214,Japan,NA,NA,0.4008016032064185
2020-04-01,One year,0.2000000000000028,0.639925501410294,Japan,NA,NA,0.3006012024048068
2020-03-01,One year,0.6018054162487405,0.9519355394923849,Japan,NA,NA,0.7035175879397014
2020-02-01,One year,0.6018054162487405,0.9201859163990784,Japan,NA,NA,0.7042253521126646
2020-01-01,One year,0.802407221664992,1.0429302179957731,Japan,NA,NA,0.9063444108761388
2019-12-01,One year,0.802407221664992,1.088944469836884,Japan,NA,NA,0.905432595573432
2019-11-01,One year,0.5,0.962424405029336,Japan,NA,NA,0.8040201005025097
2019-10-01,One year,0.19960079840319644,0.8040099356363428,Japan,NA,NA,0.7035175879397014
2019-09-01,One year,0.2002002002001888,0.3636071917270961,Japan,NA,NA,0.6042296072507639
2019-08-01,One year,0.20040080160320925,0.3984411159535043,Japan,NA,NA,0.5030181086519114
2019-07-01,One year,0.6048387096774136,0.4663539469837909,Japan,NA,NA,0.5045408678102926
2019-06-01,One year,0.6048387096774136,0.4348451653737008,Japan,NA,NA,0.5045408678102926
2019-05-01,One year,0.7049345417925507,0.5065025045483099,Japan,NA,NA,0.5035246727089627
2019-04-01,One year,0.9081735620585324,0.5509711015966581,Japan,NA,NA,0.6048387096774136
2019-03-01,One year,0.5040322580645161,0.41119320393695413,Japan,NA,NA,0.5050505050505051
2019-02-01,One year,0.20100502512563095,0.34735812563832114,Japan,NA,NA,0.40404040404040975
2019-01-01,One year,0.20100502512563095,0.3269716759120583,Japan,NA,NA,0.40444893832152823
2026-06-01,Six months,1.0647662307149863,1.1983088316260713,Japan,NA,NA,1.2595467433489382
2026-05-01,Six months,0.5307376793317387,0.666592946209724,Japan,NA,NA,0.7181305481687383
2026-04-01,Six months,0.35492429958250415,0.5818283459364709,Japan,NA,NA,0.5388405155945408
2026-03-01,Six months,1.2539062500000142,1.1830778224950596,Japan,NA,NA,1.9954156837701744
2026-02-01,Six months,0.17849170924715274,0.7586872450158084,Japan,NA,NA,1.084983018682295
2026-01-01,Six months,1.795296291770776,1.027308666065654,Japan,NA,NA,1.635593046825412
2025-12-01,Six months,2.3412084261382304,1.3756298594494627,Japan,NA,NA,2.1877201302965776
2025-11-01,Six months,2.5201532253160908,1.7392189072805124,Japan,NA,NA,2.930247933884278
2025-10-01,Six months,2.345432242755763,1.9425582190081847,Japan,NA,NA,3.3086008165137404
2025-09-01,Six months,1.6267243285984725,1.8643878996582164,Japan,NA,NA,2.9518710837391993
2025-08-01,Six months,2.360336378683403,2.51581119885286,Japan,NA,NA,4.088800569412365
2025-07-01,Six months,1.2629554629677742,2.286259572652508,Japan,NA,NA,3.7206141561723305
2025-06-01,Six months,1.8148450078297795,2.333543339228596,Japan,NA,NA,3.5362569954112466
2025-05-01,Six months,3.2995041322314123,2.1375978555390027,Japan,NA,NA,2.9738157160169365
2025-04-01,Six months,3.686328475219458,2.1304522175428824,Japan,NA,NA,2.982129302620939
2025-03-01,Six months,4.081216202428295,2.0710196903088107,Japan,NA,NA,3.1877988101676635
2025-02-01,Six months,3.1406869470318233,1.7573739793855243,Japan,NA,NA,2.4355079776258837
2025-01-01,Six months,4.845531102360878,2.005559419349989,Japan,NA,NA,3.015853708693239
2024-12-01,Six months,4.674457856847547,1.986070609811735,Japan,NA,NA,3.4056228857858084
2024-11-01,Six months,3.5461563410040364,1.9212377701340129,Japan,NA,NA,3.4056228857858084
2024-10-01,Six months,3.3705511285604395,1.7514454891409554,Japan,NA,NA,3.027265313319649
2024-09-01,Six months,3.1967900701715513,1.5638124591752844,Japan,NA,NA,2.463195264593332
2024-08-01,Six months,4.158349821178686,1.713422708168362,Japan,NA,NA,2.8529239461033917
2024-07-01,Six months,3.2058321906329956,1.3694168256162134,Japan,NA,NA,2.0902047948656577
2024-06-01,Six months,2.638906423150855,1.0811840265247947,Japan,NA,NA,1.3263711110575782
2024-05-01,Six months,2.2576899281651963,1.0560262276167918,Japan,NA,NA,1.3263711110575782
2024-04-01,Six months,1.1235866895777935,1.034009960977105,Japan,NA,NA,1.327628903555933
2024-03-01,Six months,1.8921056458162775,1.0785753053787717,Japan,NA,NA,1.5237875770985454
2024-02-01,Six months,1.8974909071130197,1.018155337816205,Japan,NA,NA,1.3352260405672831
2024-01-01,Six months,2.2834659059887574,1.3029150185507303,Japan,NA,NA,1.723280876698574
2023-12-01,Six months,3.064956844829303,1.800344853478397,Japan,NA,NA,2.894206632316032
2023-11-01,Six months,3.4546410875963662,2.1684326496554336,Japan,NA,NA,3.0916055445195045
2023-10-01,Six months,3.8421113144021968,2.314801288913255,Japan,NA,NA,3.4914940828402186
2023-09-01,Six months,3.478002378121259,2.865448039507404,Japan,NA,NA,4.309010876750197
2023-08-01,Six months,3.6872226331361224,3.2510361468954256,Japan,NA,NA,5.132443410888077
2023-07-01,Six months,1.9193420232820335,3.5171134667656805,Japan,NA,NA,5.35355256758363
2023-06-01,Six months,2.1245181930845014,3.0105669451871973,Japan,NA,NA,4.556133152859498
2023-05-01,Six months,2.3232526277858323,2.926894625952226,Japan,NA,NA,4.560649750096091
2023-04-01,Six months,2.7183227338708704,2.9487776643450436,Japan,NA,NA,4.574253424333019
2023-03-01,Six months,2.5377224564212986,2.7551892612727107,Japan,NA,NA,4.197448247321045
2023-02-01,Six months,2.547668642845702,2.4465570502608003,Japan,NA,NA,3.398059682873922
2023-01-01,Six months,4.747121197788107,2.1756654448414783,Japan,NA,NA,3.2062100557687545
2022-12-01,Six months,4.56970985907883,2.6178633940704445,Japan,NA,NA,4.035924115844192
2022-11-01,Six months,4.168290997796076,2.530637010752833,Japan,NA,NA,3.832231704359601
2022-10-01,Six months,4.381955398092674,2.2800649686894356,Japan,NA,NA,3.636068500933365
2022-09-01,Six months,3.995613043856827,2.0773779520318074,Japan,NA,NA,3.241938334890526
2022-08-01,Six months,4.011640463133448,1.9935181962706543,Japan,NA,NA,3.456787363423519
2022-07-01,Six months,4.027796968019182,1.936949541369464,Japan,NA,NA,3.2584430160187416
2022-06-01,Six months,3.4254456831879443,1.40477577399122,Japan,NA,NA,2.028345930732778
2022-05-01,Six months,3.4254456831879443,1.1096420548889745,Japan,NA,NA,1.8227473009885475
2022-04-01,Six months,3.228854480105703,0.9676819698040572,Japan,NA,NA,1.4162696735171787
2022-03-01,Six months,2.007982027962063,0.30207256447234454,Japan,NA,NA,0.4032253975208233
2022-02-01,Six months,2.0160783252465286,0.16116383607752469,Japan,NA,NA,-0.20130845424515265
2022-01-01,Six months,1.207232530087765,-0.20990849748231172,Japan,NA,NA,-0.8032095996502231
2021-12-01,Six months,1.209666422565081,-0.10337075002289002,Japan,NA,NA,-0.2015112838189559
2021-11-01,Six months,1.413410037690932,-0.09423119405138106,Japan,NA,NA,-0.20130845424515265
2021-10-01,Six months,1.621047551067578,0.16228194809987784,Japan,NA,NA,0.20191817171906212
2021-09-01,Six months,0.4008012016019968,-0.6265326683016147,Japan,NA,NA,-1.788339488687296
2021-08-01,Six months,-0.20030040039998864,-0.6135938729414367,Japan,NA,NA,-1.592014379227158
2021-07-01,Six months,-0.20030040039998864,-0.549452100966106,Japan,NA,NA,-1.5904319106298417
2021-06-01,Six months,0.4032253975208233,-0.4523360052109846,Japan,NA,NA,-1.3964915866817915
2021-05-01,Six months,-0.20090401757529852,-0.3938013217352633,Japan,NA,NA,-1.1975939903868027
2021-04-01,Six months,-1.3978859522652654,-0.7247979681451984,Japan,NA,NA,-1.5951887823760005
2021-03-01,Six months,0,0.20665304489988112,Japan,NA,NA,0.8032096256641585
2021-02-01,Six months,-0.5985023967041925,0.23050368843552244,Japan,NA,NA,0.6021060156384817
2021-01-01,Six months,-0.3996,0.21565511796487347,Japan,NA,NA,0.40039999999998965
2020-12-01,Six months,-1.1975939903868027,-0.13164709362621402,Japan,NA,NA,-0.1998999999999751
2020-11-01,Six months,-1.1952083880155673,-0.13356973408704015,Japan,NA,NA,-0.5979059844383072
2020-10-01,Six months,-0.7968095744638637,-0.08719790416011594,Japan,NA,NA,-0.3992011984019883
2020-09-01,Six months,-0.7960167354367553,-0.19692611317788988,Japan,NA,NA,-0.7968095744638637
2020-08-01,Six months,-0.39840597847533576,-0.07233909856762849,Japan,NA,NA,-0.5985023967041925
2020-07-01,Six months,-0.9925496893641196,-0.02633607290811401,Japan,NA,NA,-0.3988031920191704
2020-06-01,Six months,-1.1904655825350718,-0.12022164358462728,Japan,NA,NA,-0.5973107596452865
2020-05-01,Six months,-0.7944357812925462,-0.01259111047362433,Japan,NA,NA,-0.19930239192691435
2020-04-01,Six months,-0.3980095554038776,-0.12088868059096192,Japan,NA,NA,-0.1995011972064087
2020-03-01,Six months,0.399999600798795,0.9141860423563516,Japan,NA,NA,0.6015024033042105
2020-02-01,Six months,0.6008999999999709,0.9221661283970476,Japan,NA,NA,0.4008012016019968
2020-01-01,Six months,1.4077252701796272,1.3491255213700364,Japan,NA,NA,1.2084482508346817
2019-12-01,Six months,1.4077252701796272,1.332333845447832,Japan,NA,NA,1.4105619264205504
2019-11-01,Six months,1.0024999999999729,1.0684202224331605,Japan,NA,NA,1.0045140380962492
2019-10-01,Six months,0.8016000000000023,0.9679055135592444,Japan,NA,NA,0.8032096256641585
2019-09-01,Six months,0.8040168650384372,0.549818012313822,Japan,NA,NA,0.8056362213075596
2019-08-01,Six months,0.6027108406463144,0.5276237436411931,Japan,NA,NA,1.008566489480156
2019-07-01,Six months,0.20070240812708473,0.3564491463814119,Japan,NA,NA,0.6051423407964274
2019-06-01,Six months,0.20070240812708473,0.3175682434412683,Japan,NA,NA,0.40281933046972807
2019-05-01,Six months,0,0.28844618949083134,Japan,NA,NA,0.603924143329726
2019-04-01,Six months,-0.3988031920191704,0.23357466151032424,Japan,NA,NA,0.603924143329726
2019-03-01,Six months,-0.3999995991988081,0.07630611819465485,Japan,NA,NA,0.4032253975208233
2019-02-01,Six months,-0.20030040039998864,0.04531842493200788,Japan,NA,NA,0
2019-01-01,Six months,1.0106050013007462,0.26848307991601034,Japan,NA,NA,0.4040399926279248
2026-06-01,Three months,3.2327891549436716,0.8914113587379273,Japan,NA,NA,1.0767063164747626
2026-05-01,Three months,4.715752613395852,0.9243282463962612,Japan,NA,NA,1.8058234779076976
2026-04-01,Three months,0.3547668358182543,0.8114030175884447,Japan,NA,NA,1.4440199653181107
2026-03-01,Three months,-1.0577253905384998,0.6592019594759346,Japan,NA,NA,1.442717915287206
2026-02-01,Three months,-3.4870211393797867,0.25547146816027433,Japan,NA,NA,-0.3579414755259247
2026-01-01,Three months,0.35508176359377863,0.03311278191220529,Japan,NA,NA,-0.35826206733612365
2025-12-01,Three months,3.619545551698833,0.7044908209856935,Japan,NA,NA,2.551124755869294
2025-11-01,Three months,3.9832188335297,0.9845883863797592,Japan,NA,NA,2.5488026160910504
2025-10-01,Three months,3.256179607723353,1.1036240683142906,Japan,NA,NA,3.669345680829017
2025-09-01,Three months,1.0786419334045894,0.7109638504918808,Japan,NA,NA,1.8256032811593048
2025-08-01,Three months,1.077673255804168,0.8855673124843622,Japan,NA,NA,3.3131120935045777
2025-07-01,Three months,1.442717915287206,0.7393230411820213,Japan,NA,NA,2.949111259215953
2025-06-01,Three months,2.1777786108912345,1.3123354561021787,Japan,NA,NA,4.09059625580428
2025-05-01,Three months,3.6592763373247017,1.8689037100076071,Japan,NA,NA,4.870313016735484
2025-04-01,Three months,1.083511560268513,1.5528255321915896,Japan,NA,NA,4.497898712753923
2025-03-01,Three months,1.453200538296473,1.2387963461779496,Japan,NA,NA,2.98486989425899
2025-02-01,Three months,2.940980595314558,0.6173612744213468,Japan,NA,NA,1.1116150804667324
2025-01-01,Three months,6.35616577547542,0.5291564547110529,Japan,NA,NA,1.4883465250709715
2024-12-01,Three months,6.777307257915743,0.858387521937371,Japan,NA,NA,3.39112759204645
2024-11-01,Three months,3.3407807307192394,1.3325285470278625,Japan,NA,NA,3.776735108856477
2024-10-01,Three months,3.35635279803308,1.6916115482339562,Japan,NA,NA,4.566351494447773
2024-09-01,Three months,2.6130215211312535,1.3081550718302242,Japan,NA,NA,3.4201202117454033
2024-08-01,Three months,3.7519401071107294,0.6642398964496822,Japan,NA,NA,3.035837783692408
2024-07-01,Three months,3.3847514095493247,0.34120038111070083,Japan,NA,NA,1.510832559791253
2024-06-01,Three months,3.783879695950354,0.6816220935206913,Japan,NA,NA,1.515124545734592
2024-05-01,Three months,4.566351494447773,1.306789210018223,Japan,NA,NA,2.6703348253576342
2024-04-01,Three months,3.027222612030722,1.1832247187308524,Japan,NA,NA,2.6728837921674575
2024-03-01,Three months,1.5065648210815352,0.5530897630413134,Japan,NA,NA,1.137968637473885
2024-02-01,Three months,0,0.1740702271031246,Japan,NA,NA,0
2024-01-01,Three months,-0.7448757162706987,0.2727770380546478,Japan,NA,NA,0
2023-12-01,Three months,2.2791108263568782,0.6698517943088628,Japan,NA,NA,1.9110783304858492
2023-11-01,Three months,3.830986531651792,1.316670831118914,Japan,NA,NA,2.688280366928675
2023-10-01,Three months,5.404204299168436,1.205711885069645,Japan,NA,NA,3.4762587231970787
2023-09-01,Three months,3.85684079186559,1.316203776313031,Japan,NA,NA,3.886819096944727
2023-08-01,Three months,3.079659743969887,1.011491416733063,Japan,NA,NA,3.496514848344612
2023-07-01,Three months,2.30316858734414,1.213417807024901,Japan,NA,NA,3.506731685666331
2023-06-01,Three months,3.1005458525861007,1.898140056040696,Japan,NA,NA,4.7329184266647895
2023-05-01,Three months,4.298366565014478,2.6374980083266624,Japan,NA,NA,6.794230450556804
2023-04-01,Three months,1.5369555204938212,2.571842191559906,Japan,NA,NA,7.233325387160749
2023-03-01,Three months,1.1577303487966706,1.7336864880887086,Japan,NA,NA,4.379646286026029
2023-02-01,Three months,0.3855417218175061,1.1078195124638643,Japan,NA,NA,2.3737839585253884
2023-01-01,Three months,3.913434977179975,0.756226856325924,Japan,NA,NA,1.9811186473379203
2022-12-01,Three months,3.936540393871635,1.629476256268917,Japan,NA,NA,4.015568241168244
2022-11-01,Three months,4.756363951536624,2.201273276374999,Japan,NA,NA,4.43258354613969
2022-10-01,Three months,5.587495992540514,1.8883572170166785,Japan,NA,NA,4.446018393950246
2022-09-01,Three months,5.2067365199377935,1.26227674411911,Japan,NA,NA,4.056283974170327
2022-08-01,Three months,3.583519321284667,0.9068053911864528,Japan,NA,NA,3.235331106642292
2022-07-01,Three months,3.1901790103929795,0.6718024135851544,Japan,NA,NA,2.8323995446079002
2022-06-01,Three months,2.79843183157793,0.948244656951142,Japan,NA,NA,2.433965773668967
2022-05-01,Three months,4.441531072879168,1.2000666841915244,Japan,NA,NA,3.678718679209702
2022-04-01,Three months,4.872214059532665,1.4756122181456628,Japan,NA,NA,3.686251622156944
2022-03-01,Three months,4.056283974170327,0.61676130983913,Japan,NA,NA,1.6243322684784012
2022-02-01,Three months,2.419245532716552,0.08169771640288151,Japan,NA,NA,0
2022-01-01,Three months,1.611246533096522,-0.16942453201546637,Japan,NA,NA,-0.8040160235315619
2021-12-01,Three months,0,0.0670879053416131,Japan,NA,NA,-0.8032087867188009
2021-11-01,Three months,1.6144981612695286,0.4828721031725307,Japan,NA,NA,-0.40221165755280897
2021-10-01,Three months,0.8048249173182143,0.17323929698869667,Japan,NA,NA,-0.8024031692129951
2021-09-01,Three months,2.433965773668967,3.509654750867841e-4,Japan,NA,NA,0.4038359327517505
2021-08-01,Three months,1.212719853719113,-0.25657145243242374,Japan,NA,NA,0
2021-07-01,Three months,2.4438791877927413,0.11009193641707528,Japan,NA,NA,1.2164077161970877
2021-06-01,Three months,-1.5920080240143577,-0.5963150122514045,Japan,NA,NA,-3.932651867507353
2021-05-01,Three months,-1.5935936257282624,-0.2603621867120178,Japan,NA,NA,-3.158683660617656
2021-04-01,Three months,-2.776231053175126,-0.6383385727622456,Japan,NA,NA,-4.3194348618772915
2021-03-01,Three months,2.438912407494098,0.33058149837615813,Japan,NA,NA,1.2066228580202454
2021-02-01,Three months,1.2114955303684338,-0.13926885902706235,Japan,NA,NA,0.8032088192360343
2021-01-01,Three months,0,0.21329233490924385,Japan,NA,NA,1.2066228580202454
2020-12-01,Three months,-2.3808456671154943,0.09250342886045022,Japan,NA,NA,0.40140441293612383
2020-11-01,Three months,-2.3761315451232945,0.4339673877654812,Japan,NA,NA,0.40140441293612383
2020-10-01,Three months,-0.7976031983999987,0.25998574414125875,Japan,NA,NA,-0.3994003998999518
2020-09-01,Three months,0,-0.02057635606224861,Japan,NA,NA,-0.7976031983999987
2020-08-01,Three months,0,-0.05611449168295746,Japan,NA,NA,-1.5872700939481676
2020-07-01,Three months,-0.7960159441786852,-0.02664450551786289,Japan,NA,NA,-0.3990019965055769
2020-06-01,Three months,-1.5856970444425578,-0.03783453659930766,Japan,NA,NA,-0.7960159441786852
2020-05-01,Three months,-0.7952246837138244,0.4195265179337061,Japan,NA,NA,0.4001996003000219
2020-04-01,Three months,-1.1886940800960533,0.3233354813824413,Japan,NA,NA,-0.398604387135959
2020-03-01,Three months,-0.7936468725977086,0.2970645828148271,Japan,NA,NA,-0.3982075694195397
2020-02-01,Three months,-0.7936468725977086,-0.02680833589138115,Japan,NA,NA,-0.7952246837138244
2020-01-01,Three months,0.39900199848572626,0.04162731844280851,Japan,NA,NA,0
2019-12-01,Three months,1.6080079760144803,1.571015580540204,Japan,NA,NA,1.611246533096522
2019-11-01,Three months,2.0150500624999568,1.7723412065609665,Japan,NA,NA,1.611246533096522
2019-10-01,Three months,2.426583330253984,1.6752882090634926,Japan,NA,NA,2.4314999734188047
2019-09-01,Three months,1.2078373478176418,0.4981213972149998,Japan,NA,NA,1.2102736765724489
2019-08-01,Three months,0,0.143860403354847,Japan,NA,NA,0.40140441293612383
2019-07-01,Three months,-0.7976031983999987,-0.071006173280978,Japan,NA,NA,-0.7991967952000301
2019-06-01,Three months,0.4018076308204277,0.4694753567083058,Japan,NA,NA,0.4026165017156913
2019-05-01,Three months,1.2090542848669503,0.7948379089802015,Japan,NA,NA,1.6194002854522216
2019-04-01,Three months,1.2090542848669503,0.6873862556836119,Japan,NA,NA,2.0293620457517925
2019-03-01,Three months,0,0.23885254708319653,Japan,NA,NA,0.40302215963348154
2019-02-01,Three months,-1.194610791899997,-0.14534653340231912,Japan,NA,NA,-0.401404410907813
2019-01-01,Three months,-1.981117443704272,-0.14802301242542848,Japan,NA,NA,-0.801599166146616
2026-06-01,One month,1.062407127434195,0.3027378991906101,Japan,NA,NA,2.1640288393194984
2026-05-01,One month,5.440878713554453,0.6188402148622009,Japan,NA,NA,2.167938258188107
2026-04-01,One month,3.2415055740415255,0.7813445546664051,Japan,NA,NA,-1.067130840950925
2026-03-01,One month,5.480628661473141,0.8661364985087956,Japan,NA,NA,4.390897087708301
2026-02-01,One month,-7.19166531419011,0.4558908170034768,Japan,NA,NA,1.082533536448138
2026-01-01,One month,-1.0567933513318084,0.729465680898029,Japan,NA,NA,-1.0709402490964637
2025-12-01,One month,-2.0996601130562453,0.288945131610181,Japan,NA,NA,-1.069985349602054
2025-11-01,One month,4.339301848301114,0.6092608896236759,Japan,NA,NA,1.0815578602541898
2025-10-01,One month,8.91631109552673,1.2126792911382709,Japan,NA,NA,7.850281725793629
2025-09-01,One month,-1.065236281483617,0.8617049786501664,Japan,NA,NA,-1.0767056304650358
2025-08-01,One month,2.1659817847764717,0.7169726856161276,Japan,NA,NA,4.431428223561462
2025-07-01,One month,2.169898269121595,0.7942358337728554,Japan,NA,NA,2.1977153035245944
2025-06-01,One month,-1.068080650063974,0.7445067026281209,Japan,NA,NA,3.322267213340435
2025-05-01,One month,3.276909629739966,0.784584444534199,Japan,NA,NA,3.331489811996513
2025-04-01,One month,4.407020258502814,1.189048150048716,Japan,NA,NA,5.635008226901861
2025-03-01,One month,3.2979214029532633,1.0885142240513908,Japan,NA,NA,5.661587495905618
2025-02-01,One month,-4.232163188586712,0.7089497522415509,Japan,NA,NA,2.2345455513930412
2025-01-01,One month,5.556746646141542,1.0231073377853974,Japan,NA,NA,1.1126451312879926
2024-12-01,One month,7.909387793618805,0.23537158867511568,Japan,NA,NA,0
2024-11-01,One month,5.61918008987039,0.8883475679564616,Japan,NA,NA,3.381554696451494
2024-10-01,One month,6.815646414033272,1.0371281862672972,Japan,NA,NA,6.907151088735319
2024-09-01,One month,-2.177772018916724,1.0331997964888535,Japan,NA,NA,1.1230580672236812
2024-08-01,One month,5.666933459402457,0.9103094089941292,Japan,NA,NA,5.759384310422466
2024-07-01,One month,4.527550628732535,0.4915567447987976,Japan,NA,NA,3.429876524248088
2024-06-01,One month,1.115748680598716,0.28892167351966025,Japan,NA,NA,0
2024-05-01,One month,4.549001124378194,0.699498826639635,Japan,NA,NA,1.1325977658618536
2024-04-01,One month,5.742850946224931,1.4088620247116663,Japan,NA,NA,3.442996454445524
2024-03-01,One month,3.420102002000913,0.8773084077825822,Japan,NA,NA,3.452902454840645
2024-02-01,One month,0,0.45002420260468423,Japan,NA,NA,1.140130322432653
2024-01-01,One month,1.1293999097981011,0.6663849397502987,Japan,NA,NA,-1.1272778854426124
2023-12-01,One month,-1.1167869193384083,0.3718329968531696,Japan,NA,NA,0
2023-11-01,One month,-2.218023282503201,0.7509431776844997,Japan,NA,NA,1.140130322432653
2023-10-01,One month,10.65714194014129,0.9256219048789762,Japan,NA,NA,4.650349207097082
2023-09-01,One month,3.452902454840645,1.2051525162134895,Japan,NA,NA,2.305375256799036
2023-08-01,One month,2.2943562446889887,0.4327083208253026,Japan,NA,NA,3.4863380840028713
2023-07-01,One month,5.8549008920512735,0.931900602569661,Japan,NA,NA,5.900954462499142
2023-06-01,One month,1.1477637421352105,0.4566440217800264,Japan,NA,NA,1.156613775049209
2023-05-01,One month,0,1.16949961320457,Japan,NA,NA,3.5169886076380052
2023-04-01,One month,8.349424361613277,1.6563686881397257,Japan,NA,NA,9.7093656899486
2023-03-01,One month,4.714280357390033,1.6257639254455754,Japan,NA,NA,7.247712586685484
2023-02-01,One month,-7.734382760011305,1.211644417157071,Japan,NA,NA,4.799106448190749
2023-01-01,One month,7.139946708801603,0.804372648985782,Japan,NA,NA,1.1816703248065386
2022-12-01,One month,2.334526266345094,0.5026089044923442,Japan,NA,NA,1.1828350790849873
2022-11-01,One month,2.339076595211931,1.097723171460583,Japan,NA,NA,3.597822238979731
2022-10-01,One month,7.211431120543121,1.3741965408130217,Japan,NA,NA,7.358780086178207
2022-09-01,One month,4.775239016960597,1.1490771361419274,Japan,NA,NA,2.4046959038973137
2022-08-01,One month,4.79431389745002,0.6659465957682784,Japan,NA,NA,3.63780975977277
2022-07-01,One month,6.055761966637041,0.8046103760429554,Japan,NA,NA,6.161449316585532
2022-06-01,One month,0,0.4600331847340999,Japan,NA,NA,0
2022-05-01,One month,3.605027185334908,0.7411406870104414,Japan,NA,NA,2.429032608494852
2022-04-01,One month,4.852463805273066,1.6307329294820103,Japan,NA,NA,4.932226921310923
2022-03-01,One month,4.872161787783735,0.8781148047388638,Japan,NA,NA,3.690006833434945
2022-02-01,One month,4.892020315616796,0.5011826448259845,Japan,NA,NA,2.4513606657246667
2022-01-01,One month,2.424125941118649,0.4551998912067338,Japan,NA,NA,-1.204200213094675
2021-12-01,One month,0,-0.08672599902454586,Japan,NA,NA,-1.2029930240298192
2021-11-01,One month,2.429032608494852,0.0856000535050758,Japan,NA,NA,0
2021-10-01,One month,-2.3714298052380234,0.6848552249377529,Japan,NA,NA,-1.201788252881908
2021-09-01,One month,4.922113448977861,0.5359845027864066,Japan,NA,NA,0
2021-08-01,One month,0,-0.3949570837081194,Japan,NA,NA,-1.200585892394623
2021-07-01,One month,2.438905772057076,0.05545776740270695,Japan,NA,NA,2.4463634751223484
2021-06-01,One month,1.213945830897578,-0.11171767484015624,Japan,NA,NA,-1.201788252881908
2021-05-01,One month,3.693792566043852,0.30827487881671883,Japan,NA,NA,2.448859521207125
2021-04-01,One month,-9.197460419414517,-0.05850453757980134,Japan,NA,NA,-12.406638053015651
2021-03-01,One month,1.209053471538879,0.3842088714029655,Japan,NA,NA,1.205410002088092
2021-02-01,One month,0,-0.38857228658360177,Japan,NA,NA,-1.191052930928593
2021-01-01,One month,6.212471200901648,0.6441535433343053,Japan,NA,NA,3.6637224125997343
2020-12-01,One month,-2.3855721693989085,-0.11735178008646809,Japan,NA,NA,0
2020-11-01,One month,-3.548169670089951,0.24238022659472355,Japan,NA,NA,0
2020-10-01,One month,-1.1946099978880964,0.3674732681209058,Japan,NA,NA,1.209053471538879
2020-09-01,One month,-2.3714298052380234,0.5984863555156282,Japan,NA,NA,0
2020-08-01,One month,1.2066220495791535,0.15597885788404928,Japan,NA,NA,-2.373775210528495
2020-07-01,One month,1.2078365369378783,0.074567076412123,Japan,NA,NA,0
2020-06-01,One month,-2.3714298052380234,0.3573145279565772,Japan,NA,NA,-2.369089029898863
2020-05-01,One month,-1.191052930928593,-0.0843194517969987,Japan,NA,NA,1.205410002088092
2020-04-01,One month,-1.1898719445566197,0.2106908759426054,Japan,NA,NA,-1.191052930928593
2020-03-01,One month,0,0.7561537988377948,Japan,NA,NA,1.205410002088092
2020-02-01,One month,-2.3620943469024436,0.12261244566181408,Japan,NA,NA,-1.191052930928593
2020-01-01,One month,0,1.015377000777367,Japan,NA,NA,-1.1898719445566197
2019-12-01,One month,0,0.03369667768748865,Japan,NA,NA,0
2019-11-01,One month,1.2017884255163702,0.04777024318492247,Japan,NA,NA,1.2042003871191032
2019-10-01,One month,3.656281208643186,2.75266365955584,Japan,NA,NA,3.6637224125997343
2019-09-01,One month,1.2066220495791535,0.920942276239814,Japan,NA,NA,0
2019-08-01,One month,2.4314933980573494,0.4299764144616854,Japan,NA,NA,3.67494117721765
2019-07-01,One month,0,0.2515434983347583,Japan,NA,NA,0
2019-06-01,One month,-2.373775210528495,0.15980332879524106,Japan,NA,NA,-2.3784799660158007
2019-05-01,One month,0,0.3910756010078939,Japan,NA,NA,0
2019-04-01,One month,3.671193963551622,1.0218495815012023,Japan,NA,NA,3.6786960475023944
2019-03-01,One month,0,0.4743513540446071,Japan,NA,NA,1.213945830897578
2019-02-01,One month,0,0.2899909077993863,Japan,NA,NA,1.2151751133736344
2019-01-01,One month,0,0.1860028416306404,Japan,NA,NA,-1.200585892394623
