Item,One month,Three months,Six months,One year,Included,Excluded
All items,-2.177772018916724,2.6130215211312535,3.1967900701715513,2.5423728813559348,100,0
"All items, less fresh food",-5.382253518051716,1.4925115307588,2.638906423150855,2.3651844843897827,96,4
"All items, less fresh food and energy",1.1230580672236812,3.4201202117454033,2.463195264593332,1.99240986717267,88.9,11.1
Services,-4.596878108353552,1.5872705898936745,0.9896030770760067,1.3944223107569635,49.5,50.5
FT core,1.0331997964888537,0.8202948668548723,0.9966371210226612,1.2222018162009836,,
