Item,One month,Three months,Six months,One year,Included,Excluded
All items,-7.19166531419011,-3.4870211393797867,0.17849170924715274,1.2635379061371892,100,0
"All items, less fresh food",-6.242500120528083,-3.8541211556540778,-0.3581017715599488,1.549680948040112,96,4
"All items, less fresh food and energy",1.082533536448138,-0.3579414755259247,1.084983018682295,2.5758969641214327,88.9,11.1
Services,1.1633413843483043,-0.3844301175178422,0,1.3671874999999916,49.5,50.5
FT core,0.4558908170034768,0.25547146816027433,0.7586872450158084,1.7545046392128705,,
