Item,One month,Three months,Six months,One year,Included,Excluded
All items,3.2415055740415255,0.3547668358182543,0.35492429958250415,1.345291479820628,100,0
"All items, less fresh food",4.366932292713099,1.797707822609862,0.7149217636540861,1.4427412082957567,96,4
"All items, less fresh food and energy",-1.067130840950925,1.4440199653181107,0.5388405155945408,1.9143117593436592,88.9,11.1
Services,-5.608595310999098,0,-0.1925854151120454,0.973709834469328,49.5,50.5
FT core,0.7813445546664051,0.8114030175884447,0.5818283459364709,1.380987653389326,,
