Item,One month,Three months,Six months,One year,Included,Excluded
All items,3.276909629739966,3.6592763373247017,3.2995041322314123,3.422756706753009,100,0
"All items, less fresh food",5.546475674266538,6.3443088522213475,4.069892256705421,3.627906976744191,96,4
"All items, less fresh food and energy",3.331489811996513,4.870313016735484,2.9738157160169365,3.1894934333958775,88.9,11.1
Services,1.1747296875510571,1.5716791385784745,1.1776149754328502,1.3806706114398337,49.5,50.5
FT core,0.784584444534199,1.8689037100076071,2.1375978555390027,2.475116147385422,,
