Item,One month,Three months,Six months,One year,Included,Excluded
All items,-1.0567933513318084,0.35508176359377863,1.795296291770776,1.5287769784172687,100,0
"All items, less fresh food",-2.1181905842056037,-0.3563470846046357,0.7181305481687383,2.003642987249547,96,4
"All items, less fresh food and energy",-1.0709402490964637,-0.35826206733612365,1.635593046825412,2.6728110599078394,88.9,11.1
Services,-2.2856143254679884,-0.3847999388029488,0.9713396130040186,1.368523949169116,49.5,50.5
FT core,0.729465680898029,0.03311278191220529,1.0273086660656539,1.8997843658336868,,
