Item,One month,Three months,Six months,One year,Included,Excluded
All items,5.480628661473141,-1.0577253905384998,1.2539062500000142,1.440144014401448,100,0
"All items, less fresh food",7.806528407461744,-0.356029909369604,1.2606809369248184,1.724137931034475,96,4
"All items, less fresh food and energy",4.390897087708301,1.442717915287206,1.9954156837701742,2.4725274725274753,88.9,11.1
Services,4.723557130330414,1.1599685435609741,1.9473739558920844,1.4605647517039921,49.5,50.5
FT core,0.8661364985087956,0.6592019594759346,1.1830778224950596,1.6294339477943853,,
