Item,One month,Three months,Six months,One year,Included,Excluded
All items,-4.232163188586712,2.9409805953145574,3.1406869470318233,3.6482694106641644,100,0
"All items, less fresh food",-1.0874383258775877,1.8441192689743868,1.8483897258644966,3.0046948356807537,96,4
"All items, less fresh food and energy",2.2345455513930412,1.1116150804667324,2.4355079776258837,2.6440037771482503,88.9,11.1
Services,1.1793476843447337,0.7850796495181278,0.3917723967049591,1.285855588526223,49.5,50.5
FT core,0.7089497522415509,0.6173612744213468,1.7573739793855243,2.1690678751942674,,
