Item,One month,Three months,Six months,One year,Included,Excluded
All items,-1.065236281483617,1.0786419334045894,1.6267243285984723,2.8466483011937505,100,0
"All items, less fresh food",-2.1294666949301266,0,2.1897161076544602,2.957486136783736,96,4
"All items, less fresh food and energy",-1.0767056304650358,1.8256032811593048,2.9518710837391993,3.0697674418604626,88.9,11.1
Services,-6.720088506447386,1.1712905934664786,0.9760801115736628,1.3752455795677856,49.5,50.5
FT core,0.8617049786501664,0.7109638504918808,1.8643878996582164,2.246158544074162,,
