Item,One month,Three months,Six months,One year,Included,Excluded
"All items, seasonally adjusted",1.0767057416888548,1.077673255804168,1.9918026134242206,2.7497708524289646,,
"All items, less fresh food, seasonally adjusted",0,0.35955019931324106,2.93293348821535,2.670349907918974,,
"All items, less fresh food and energy, seasonally adjusted",3.307009155903451,2.9409805953145574,3.3300227253598047,3.2618825722274,,
"Services, seasonally adjusted",2.350530399870787,2.3551493676369217,1.7638072575847819,1.571709233791757,,
FT core,0.7169726856161276,0.8855673124843622,2.5158111988528598,2.281493093218473,,
