Item,One month,Three months,Six months,One year,Included,Excluded
All items,8.91631109552673,3.256179607723353,2.345432242755763,3.0136986301369837,100,0
"All items, less fresh food",7.806528407461744,1.8041944902508433,2.1758202622855105,3.033088235294115,96,4
"All items, less fresh food and energy",7.850281725793629,3.669345680829017,3.3086008165137404,3.1452358926919577,88.9,11.1
Services,7.204218356180525,2.345941352136327,2.153633777017583,1.565557729941286,49.5,50.5
FT core,1.2126792911382709,1.1036240683142906,1.9425582190081847,2.4245871752220256,,
