Item,One month,Three months,Six months,One year,Included,Excluded
All items,4.407020258502814,1.083511560268513,3.686328475219458,3.528319405756729,100,0
"All items, less fresh food",7.894528030619963,4.067907949886496,3.897548794333905,3.5480859010270884,96,4
"All items, less fresh food and energy",5.635008226901861,4.497898712753923,2.9821293026209394,3.0046948356807537,88.9,11.1
Services,0,1.5732244867554979,0.9808671075861586,1.2820512820512793,49.5,50.5
FT core,1.189048150048716,1.5528255321915896,2.1304522175428824,2.3707445886294414,,
