Item,One month,Three months,Six months,One year,Included,Excluded
All items,6.815646414033272,3.35635279803308,3.3705511285604395,2.2408963585434227,100,0
"All items, less fresh food",6.861093778821381,1.8595504104300664,3.199798437893664,2.255639097744353,96,4
"All items, less fresh food and energy",6.907151088735319,4.566351494447773,3.027265313319649,2.1739130434782585,88.9,11.1
Services,4.818372834354667,1.9811186473379205,1.5841337643795583,1.5904572564612411,49.5,50.5
FT core,1.0371281862672972,1.6916115482339562,1.7514454891409554,1.7121153461399246,,
