Item,One month,Three months,Six months,One year,Included,Excluded
All items,5.556746646141542,6.35616577547542,4.845531102360878,4.022450888681008,100,0
"All items, less fresh food",2.211892986109709,3.7274685167030253,2.7892665034798814,3.195488721804503,96,4
"All items, less fresh food and energy",1.1126451312879926,1.4883465250709715,3.015853708693239,2.551984877126657,88.9,11.1
Services,-1.1656011936587718,0.39196425362681975,1.1834216548759269,1.3875123885034601,49.5,50.5
FT core,1.0231073377853974,0.5291564547110529,2.005559419349989,2.0621437770327984,,
