Item,One month,Three months,Six months,One year,Included,Excluded
"All items, seasonally adjusted",1.0786413555190721,2.17383364667052,2.3646295563571007,3.2287822878228782,,
"All items, less fresh food, seasonally adjusted",0,4.427380781630141,3.311644200543462,3.3395176252319194,,
"All items, less fresh food and energy, seasonally adjusted",4.451975647866813,3.7067455075292965,3.7240778311842027,3.370786516853941,,
"Services, seasonally adjusted",3.5587041749740367,1.5670612557760144,1.1741582391433747,1.57635467980295,,
"Goods, seasonally adjusted",-0.9904995531834437,3.389531295531434,3.2297120139684887,4.782608695652174,,
FT core,0.7445067026281209,1.3123354561021787,2.333543339228596,2.4780625917901435,,
