Item,One month,Three months,Six months,One year,Included,Excluded
All items,7.909387793618805,6.777307257915743,4.674457856847547,3.6516853932584326,100,0
"All items, less fresh food",4.485250763606685,5.276920691070797,3.367398570154978,3.0075187969924704,96,4
"All items, less fresh food and energy",0,3.39112759204645,3.4056228857858084,2.360717658168083,88.9,11.1
Services,2.3737778386256236,2.3784887712299474,1.9821123599002677,1.5873015873015959,49.5,50.5
FT core,0.23537158867511568,0.858387521937371,1.9860706098117353,1.858963274497896,,
