Item,One month,Three months,Six months,One year,Included,Excluded
All items,1.062407127434195,3.2327891549436716,1.0647662307149863,1.700984780662481,100,0
"All items, less fresh food",1.0671309482709779,3.6162735578707306,1.6107123452200556,1.5260323159784457,96,4
"All items, less fresh food and energy",2.1640288393194984,1.0767063164747626,1.2595467433489382,1.7225747960108846,88.9,11.1
Services,0,-1.1466675605593002,0,0.9718172983479106,49.5,50.5
FT core,0.3027378991906101,0.8914113587379273,1.1983088316260713,1.4948584251164432,,
