Item,One month,Three months,Six months,One year,Included,Excluded
"All items, seasonally adjusted",4.394916811889171,2.9141992021305185,3.487577837739808,3.518518518518516,,
"All items, less fresh food, seasonally adjusted",6.695269650028135,5.572302540689011,4.260758593979075,3.7243947858472994,,
"All items, less fresh food and energy, seasonally adjusted",4.468551270302812,3.7205351520554153,3.354847086076651,3.286384976525822,,
Services,1.1747296875510571,1.5716791385784745,1.1776149754328502,1.3806706114398337,49.5,50.5
Goods,6.162503725511925,5.482893511345788,5.34159667268268,5.322862129144859,50.5,49.5
FT core,0.784584444534199,1.8689037100076071,2.1375978555390027,2.475116147385422,,
