Item,One month,Three months,Six months,One year,Included,Excluded
All items,-2.0996601130562453,3.619545551698833,2.3412084261382304,2.0776874435410995,100,0
"All items, less fresh food",-3.1534813593874444,2.9036227127792635,1.4414228571244303,2.3722627737226354,96,4
"All items, less fresh food and energy",-1.069985349602054,2.551124755869294,2.1877201302965776,2.859778597785972,88.9,11.1
Services,0,2.7409083468329154,1.9530788853095338,1.46484375,49.5,50.5
FT core,0.288945131610181,0.7044908209856935,1.3756298594494627,2.076837413186317,,
