Item,One month,Three months,Six months,One year,Included,Excluded
All items,5.61918008987039,3.3407807307192394,3.5461563410040364,2.8999064546304902,100,0
"All items, less fresh food",4.502075521317095,1.8526603618204573,3.1877988101676635,2.631578947368418,96,4
"All items, less fresh food and energy",3.381554696451494,3.776735108856477,3.4056228857858084,2.360717658168083,88.9,11.1
Services,0,0,1.5841337643795583,1.4895729890764648,49.5,50.5
FT core,0.8883475679564616,1.3325285470278623,1.9212377701340129,1.8640222095076582,,
