Item,One month,Three months,Six months,One year,Included,Excluded
CPI (overall index),3.09914728813796,4.21306443614724,4.0496313067387435,3.7882568506669925,100,0
Excluding energy,3.1405792240587926,4.10110176310019,4.173151663421892,3.8650796039365583,93.8,6.2
"Excluding energy, food, alcoholic beverages & tobacco",2.962262121974746,3.8548740467513554,3.8886152041162303,3.589029843935379,78.7,21.3
FT core,3.4487460176120885,3.1832597633692825,3.627520723958308,3.6751774334559943,,
All services,3.9029537967209205,5.0364141580982125,4.983136668519794,4.72048701486494,50.1,49.9
All goods,2.5646617564288654,2.985410688091017,2.4771195738767737,2.8381525700446506,49.9,50.1
