Item,One month,Three months,Six months,One year,Included,Excluded
CPI (overall index),3.896645836244561,1.0073599302949265,3.050398943465038,2.216283708677844,100,0
Excluding energy,4.892624616139352,2.829884053771181,5.004738978414625,3.4062086672372103,92.8,7.2
"Excluding energy, food, alcoholic beverages & tobacco",5.400052751872875,3.1104126604980964,5.656464642557313,3.5878043015835512,77.6,22.4
FT core,2.35920021071436,1.828812334071273,3.9410412006064712,3.484748739653598,,
All services,4.915758848541807,5.843939492259098,8.677973094187585,5.559117135268813,49,51
All goods,2.8567393487429094,-3.6205447124266654,-2.2171737107035905,-0.9260465936357283,51,49
