Item,One month,Three months,Six months,One year,Included,Excluded
CPI (overall index),-2.65177729807002,0.901910866715805,3.52869059838949,2.2154316271963372,100,0
Excluding energy,0.910809714738403,2.76587611702817,5.34078480860525,3.276131045241823,92.8,7.2
"Excluding energy, food, alcoholic beverages & tobacco",0.921298740601229,3.11503224296039,6.06893102255053,3.314917127071825,77.6,22.4
FT core,,,,3.3470001177278466,,
All services,6.30193093319069,6.96450591685533,9.14625629612342,5.190839694656497,49,51
All goods,-9.69437960367696,-4.52244174299758,-1.53371960784662,-0.6168080185042274,51,49
