Item,One month,Three months,Six months,One year,Included,Excluded
CPI (overall index),2.0118073599816544,3.1105289853560425,2.1132980723228556,2.9851624193050323,100,0
Excluding energy,2.8407600098190544,3.111044330799584,2.6594928368862902,3.2473912202092974,94.2,5.8
"Excluding energy, food, alcoholic beverages & tobacco",3.2382332984530082,3.233072763733058,2.8144408586305847,3.225075699798375,79.5,20.5
FT core,2.6444254503186913,2.84197911582919,2.547283048553048,3.11752084241159,,
All services,4.05459456808539,4.198974348903728,3.901948134871569,4.342581423401691,51.8,48.2
All goods,-0.28917076186181223,1.9970075206691584,0.8948723392741886,1.609462424366657,48.2,51.8
