Item,One month,Three months,Six months,One year,Included,Excluded
CPI (overall index),2.149071432981353,2.022595410481487,2.7803393565553725,3.5588638299448263,100,0
Excluding energy,3.5692653215112724,2.907328142772281,3.2781525336675,3.6683714347757723,93.8,6.2
"Excluding energy, food, alcoholic beverages & tobacco",3.0385705270798313,2.704869187760095,2.9565748033421047,3.38469922194303,78.7,21.3
FT core,3.7049987018551893,2.836619417193351,3.0119846774454495,3.5235987153507438,,
All services,3.8157543513661185,3.672698348225123,3.8117999073173037,4.490391140501595,50.1,49.9
All goods,1.7856377155066827,1.3506712347089778,2.2628051482964207,2.61887613589345,49.9,50.1
