Item,One month,Three months,Six months,One year,Included,Excluded
CPI (overall index),4.77342476831728,3.7127155519207644,3.9196176510206904,3.8294851677501303,100,0
Excluding energy,4.44000779161291,4.031196188432018,4.191152501126383,3.980963891826568,93.8,6.2
"Excluding energy, food, alcoholic beverages & tobacco",4.183612725983776,3.584073394730103,3.8775243730662545,3.762155390385696,78.7,21.3
FT core,2.7880940805805063,3.21116761610757,3.499062118235336,3.7621625694420757,,
All services,5.618850675691367,4.295421778267872,5.182446822104603,4.981126596980272,50.1,49.9
All goods,3.174636293392852,3.274166279498192,1.9747524332100586,2.6571322206365853,49.9,50.1
