Item,One month,Three months,Six months,One year,Included,Excluded
CPI (overall index),2.1422422640213545,3.136571737495686,3.13434990888799,2.8478955049198853,100,0
Excluding energy,2.510490870022264,2.0624359565517336,2.46744566046202,2.561836165208121,94.2,5.8
"Excluding energy, food, alcoholic beverages & tobacco",3.0504762119853313,2.1975250660607903,2.585680524081968,2.61069741965091,79.5,20.5
FT core,2.615944754531945,2.631638722940992,2.8830792974321406,2.8670096189801297,,
All services,5.088781077223836,3.157393160405597,3.5252921572033635,3.664705058147677,51.8,48.2
All goods,-1.062779354710841,3.192493857275802,2.635693775097536,1.995357188469583,48.2,51.8
