Item,One month,Three months,Six months,One year,Included,Excluded
CPI (overall index),-1.3111056171274615,1.1544664870185795,2.3645584678131826,2.9829405009088745,100,0
Excluding energy,-2.2592815484302142,0.6936884908888219,2.12325395804962,3.7304116556948506,93.9,6.1
"Excluding energy, food, alcoholic beverages & tobacco",-5.113304923251971,-0.7998661956555964,1.4566562283799156,3.7402147830533847,79,21
FT core,2.7607481556372564,1.5548796868382035,2.051489661392095,3.3873655102017266,,
All services,-1.8606040687934478,0.06354478624022164,1.1356100292585714,5.014212620807261,50.1,49.9
All goods,-0.7648436550987348,2.2592653217538006,3.613691928335938,1.031523036064819,49.9,50.1
