Item,One month,Three months,Six months,One year,Included,Excluded
CPI (overall index),4.8217072414106665,4.773639580147848,4.322147750584859,3.5764898933393123,100,0
Excluding energy,4.9361177910454135,4.921752702776616,4.475742040684705,3.875787292922117,93.8,6.2
"Excluding energy, food, alcoholic beverages & tobacco",4.590202980175717,4.507352325097758,4.139208706338748,3.660009786531291,78.7,21.3
FT core,3.7376014104082533,3.858150172824026,3.946487904497456,3.653692126622841,,
All services,5.7190517113764106,5.534304522111233,5.440873538386581,4.72509280260213,50.1,49.9
All goods,3.214802352935764,2.7998154484120352,2.650944256623644,2.426811070258297,49.9,50.1
