Item,One month,Three months,Six months,One year,Included,Excluded
CPI (overall index),4.577628910566722,1.200286645660209,3.046284441382152,2.2848438690022848,100,0
Excluding energy,4.6270426947905285,2.7552922897385868,4.995336489104529,3.4241245136186818,92.8,7.2
"Excluding energy, food, alcoholic beverages & tobacco",5.641187715373253,3.1005458525861007,5.708623270843538,3.6249014972419182,77.6,22.4
FT core,2.2857947109847077,1.8551429314763492,3.932311150509365,3.5039198515369625,,
All services,4.442089160430984,5.6893529690940525,8.618178245687403,5.572519083969475,49,51
All goods,2.8288918674536534,-3.630481506809813,-2.2821614413355507,-0.9202453987730193,51,49
