Item,One month,Three months,Six months,One year,Included,Excluded
CPI (overall index),3.655353182716703,4.9259551443138205,3.3688308199129713,1.9801980198019757,100,0
Excluding energy,4.6593758793923135,7.284213190459421,4.381332132005489,3.44827586206897,92.8,7.2
"Excluding energy, food, alcoholic beverages & tobacco",5.685724080601351,8.382675779372107,4.597107438016534,3.4892942109437004,77.6,22.4
All services,8.268196208736246,11.628166073283563,7.264790955722433,5.736434108527136,49,51
All goods,0,-0.9149768320990459,0,-1.3615733736762354,51,49
