Item,One month,Three months,Six months,One year,Included,Excluded
CPI (overall index),16.004786495448677,8.459502125753504,4.743319944415858,3.5273315751618304,100,0
Excluding energy,15.857798991047623,8.62588343360522,4.584611050149445,3.8538165558985997,93.8,6.2
"Excluding energy, food, alcoholic beverages & tobacco",17.465588164161527,9.415948324420231,4.182900296122094,3.8255446916621936,78.7,21.3
FT core,4.8412178758341575,5.320038364226336,3.942340462438972,3.5105364077156826,,
All services,29.705718721642093,13.046397709143509,6.357055619700214,5.421900137263301,50.1,49.9
All goods,3.599482361831474,4.005617343025092,3.1287448718018807,1.6613742003773735,49.9,50.1
