date,Period,CPI (overall index),FT core,"Excluding energy, food, alcoholic beverages & tobacco"
2026-08-01,One year,3.08591030765809,2.93320447390822,2.571162162360601
2026-07-01,One year,2.8627973084811487,2.890193388532878,2.583300204661562
2026-06-01,One year,2.646455190292718,2.8399654232600895,2.5734073860996203
2026-05-01,One year,2.8478955049198853,2.8670096189801297,2.61069741965091
2026-04-01,One year,2.8079316833116192,2.8399643056902306,2.4529323219065784
2026-03-01,One year,3.3162125130970685,3.347595801665533,3.1459019103876225
2026-02-01,One year,2.9851624193050323,3.1103257597073988,3.225075699798375
2026-01-01,One year,3.0124886450078714,3.0284213630798353,3.0858720299713998
2025-12-01,One year,3.373613078375832,3.2304192394933002,3.2483369451135196
2025-11-01,One year,3.247743081249083,3.266001009923888,3.1809130075945315
2025-10-01,One year,3.5588638299448263,3.509999783157401,3.38469922194303
2025-09-01,One year,3.782736653876242,3.5666573539125266,3.5200133777230502
2025-08-01,One year,3.7882568506669925,3.661675768692935,3.589029843935379
2025-07-01,One year,3.8294851677501303,3.748879812265362,3.762155390385696
2025-06-01,One year,3.5764898933393123,3.6340961373715785,3.660009786531291
2025-05-01,One year,3.357949836097411,3.5564317249562953,3.538446210559406
2025-04-01,One year,3.5273315751618304,3.637363311552881,3.8255446916621936
2025-03-01,One year,2.5941516951063623,3.1480908244339565,3.3844576010442586
2025-02-01,One year,2.836187667763037,3.431578114491434,3.5296600894337025
2025-01-01,One year,2.9829405009088745,3.615388450811986,3.7402147830533847
2024-12-01,One year,2.50298694817078,3.1566242807337725,3.2067767023581375
2024-11-01,One year,2.622126709546101,3.358569216285872,3.5291258711108635
2024-10-01,One year,2.2809914851065085,3.307393702078792,3.30581097141427
2024-09-01,One year,1.680341219876201,2.978405906321223,3.160800119186712
2024-08-01,One year,2.216283708677844,3.4133159685445866,3.5878043015835512
2024-07-01,One year,2.2344448264008334,3.349133679601339,3.2861516126996086
2024-06-01,One year,1.9753105200307133,3.6148945095431095,3.5197277296291922
2024-05-01,One year,1.9899777622079384,3.6584137398274112,3.485716098535917
2024-04-01,One year,2.33307009944108,3.9418378034543715,3.8555026065820104
2024-03-01,One year,3.2280592845503193,4.376199771973712,4.237329316293296
2024-02-01,One year,3.4114721796515806,4.66295544733148,4.478367760326047
2024-01-01,One year,3.981114617191386,5.229427298521832,5.0532684249241715
2023-12-01,One year,3.9932685351199932,5.324157929470568,5.136293249653844
2023-11-01,One year,3.9409916807425835,5.384798513846997,5.086826149993408
2023-10-01,One year,4.599877970506892,5.769992462654045,5.660751462278183
2023-09-01,One year,6.6521767234414035,6.337130812710715,6.061059687466224
2023-08-01,One year,6.657030564848807,6.3889647451124425,6.227351471683588
2023-07-01,One year,6.827214193032422,6.774839724489465,6.901030684367675
2023-06-01,One year,7.949684295227083,7.208053521330434,6.885437287447334
2023-05-01,One year,8.680682006290349,7.425529093078679,7.123983653494877
2023-04-01,One year,8.658235862574562,7.267655560263719,6.773438967336552
2023-03-01,One year,10.056877380566052,7.057144290942221,6.187703712622234
2023-02-01,One year,10.416396867742407,7.193838228614222,6.196601583845818
2023-01-01,One year,10.051523960382259,6.9309210820799745,5.803907165468633
2022-12-01,One year,10.5283743731041,7.042037028915335,6.350368143597784
2022-11-01,One year,10.672012718712054,7.278163403829603,6.312618230224899
2022-10-01,One year,11.0515663498768,7.5059935694976,6.48907344195375
2022-09-01,One year,10.095627807676902,7.327563061745579,6.535125413096822
2022-08-01,One year,9.87018780389883,7.139951015636553,6.259670964873278
2022-07-01,One year,10.100901192305276,7.10043767335287,6.158447047025536
2022-06-01,One year,9.412113480784093,6.781152174534423,5.8160040820345715
2022-05-01,One year,9.082701336222451,6.734583513603681,5.90622384984298
2022-04-01,One year,9.010661677897449,6.793956533736988,6.188127787649122
2022-03-01,One year,7.023124028882184,6.001085795660378,5.711064847223104
2022-02-01,One year,6.176608090641586,5.254793803222066,5.191653208514674
2022-01-01,One year,5.455513335903229,4.822764488362997,4.3728265929191394
2021-12-01,One year,5.386045744749059,4.609616010880915,4.195416908773964
2021-11-01,One year,5.129900542744577,4.304121427227177,3.976615642386884
2021-10-01,One year,4.206211658551349,3.5495055380190816,3.383417615600114
2021-09-01,One year,3.0800689553990694,3.1196967518239633,2.901034781419521
2021-08-01,One year,3.196670748437106,3.1180275638107204,3.121618399574488
2021-07-01,One year,2.0399369223998773,2.1214334419652445,1.8484912043918773
2021-06-01,One year,2.514182568334183,2.5544119230393125,2.317295450590316
2021-05-01,One year,2.114948463112875,2.1441640114148526,2.0064065497333727
2021-04-01,One year,1.525922237896349,1.6759818306020056,1.25480764817654
2021-03-01,One year,0.7143251652337171,1.4287187790645282,1.1187718330575462
2021-02-01,One year,0.41421588932151704,1.2563442162340466,0.8762322015334046
2021-01-01,One year,0.7005804281119409,1.6038626858215654,1.4368906870596576
2020-12-01,One year,0.5887664467622544,1.5505210325699244,1.4049236774751979
2020-11-01,One year,0.3150650858137788,1.3368785154101122,1.1094538356719317
2020-10-01,One year,0.6971504552253924,1.709054075323922,1.4551863505919465
2020-09-01,One year,0.5319001834456422,1.5721014174721217,1.2713742290504813
2020-08-01,One year,0.21960784313725445,1.5087318001876922,0.8583214635860925
2020-07-01,One year,1.0403060704592026,2.066773825043473,1.8237025619121008
2020-06-01,One year,0.6031519553797228,1.7800755666227213,1.442017337656914
2020-05-01,One year,0.4798606736576877,1.710170101338481,1.2057258042042374
2020-04-01,One year,0.7674226306058622,1.8003509646334528,1.4291566579148245
2020-03-01,One year,1.523307539905046,2.0173270862492467,1.6084739113377737
2020-02-01,One year,1.7095297388894548,2.020716209064908,1.6798936847227959
2020-01-01,One year,1.7692705638903263,2.0407944191309815,1.5885705686499434
2019-12-01,One year,1.3020711798911637,1.7978376477223943,1.367203904697012
2019-11-01,One year,1.474217552256677,1.9806849946558036,1.6899641409270856
2019-10-01,One year,1.4643743851595095,1.9992291287396484,1.7186033414679829
2019-09-01,One year,1.7149554617908986,2.101687595034443,1.6699678021947175
2019-08-01,One year,1.7242673975482958,1.920557153574736,1.516389209693619
2019-07-01,One year,2.0610954060263333,2.2538385608317864,1.9443576709359252
2019-06-01,One year,2.005462570054153,2.177935540108207,1.7759033182346882
2019-05-01,One year,2.0206029675833954,2.166291269564757,1.6822200392927362
2019-04-01,One year,2.1176269674860766,2.1586241194058555,1.7796224698658176
2019-03-01,One year,1.907600879991619,2.202787942334376,1.83876337693223
2019-02-01,One year,1.8692836637959886,2.2518212045792567,1.8394616953546508
2019-01-01,One year,1.847948958672621,2.2758583707061693,1.893699806413278
2018-12-01,One year,2.104280036977383,2.3028801121830256,1.868083811841658
2018-11-01,One year,2.3097449238214485,2.4126745083749452,1.8441352874429047
2018-10-01,One year,2.3915504307284925,2.351260018942967,1.8556582758917413
2018-09-01,One year,2.4190682889821526,2.471994029296683,1.8850781384494628
2018-08-01,One year,2.6525991231873585,2.5685486426247306,2.090642434002413
2018-07-01,One year,2.4744465436225376,2.4598131363571953,1.8943814805883759
2018-06-01,One year,2.446651949963209,2.409281408338893,1.9169236700077006
2018-05-01,One year,2.420892661820369,2.3916989955899917,2.085643483207819
2018-04-01,One year,2.381761843242769,2.5467393218508545,2.0915968500280617
2018-03-01,One year,2.4579926230947926,2.6423265122479007,2.2586889487660895
2018-02-01,One year,2.7084476138233686,2.7527105467151376,2.4408818417918026
2018-01-01,One year,2.9894628833024206,3.0545347478230287,2.6673882028828637
2017-12-01,One year,2.9725220804710464,2.9907702454147866,2.4994396967541364
2017-11-01,One year,3.0920618017964676,3.143150493439646,2.7391087120507134
2017-10-01,One year,3.0008398794526023,3.092595283291412,2.661772355648908
2017-09-01,One year,2.959322905337257,3.0207900499044613,2.6507490820554134
2017-08-01,One year,2.861305476818173,3.01668786383543,2.6609458954122376
2017-07-01,One year,2.6289884758031694,2.875379578443669,2.4152919095129834
2017-06-01,One year,2.643504531722065,2.8215198868472093,2.4233749568135807
2017-05-01,One year,2.8748680568003033,2.8024816254700853,2.597865120742365
2017-04-01,One year,2.710711150131693,2.689974884470223,2.412539259494112
2017-03-01,One year,2.316247678760401,2.118554160018077,1.8093408334653762
2017-02-01,One year,2.2977103061275534,2.167574749942226,2.002768620967818
2017-01-01,One year,1.8151864910747348,1.7610703032401558,1.6126452180520279
2016-12-01,One year,1.5587625578057798,1.71845119598196,1.6169917813645012
2016-11-01,One year,1.1650524173840249,1.4456154342901746,1.4097240159748823
2016-10-01,One year,0.9093356465555841,1.3103077092163133,1.2179493547650024
2016-09-01,One year,0.97643769968052,1.3982486128818963,1.4794815338786322
2016-08-01,One year,0.6393568528880688,1.2034880240088217,1.2918402743166923
2016-07-01,One year,0.5629549636029142,1.0691027878364086,1.3211890701631543
2016-06-01,One year,0.4602497928376731,1.430996465146424,1.3830649600192197
2016-05-01,One year,0.3066473555411299,1.1687880679203986,1.215592426078161
2016-04-01,One year,0.28715793686528207,1.0820875916491035,1.1910610268389787
2016-03-01,One year,0.4623825237460134,1.5121583748907836,1.5170860687464187
2016-02-01,One year,0.28438781252512385,1.1391912256613266,1.1544854681912062
2016-01-01,One year,0.2931753611799664,1.2401895793522228,1.2163529649868574
2015-12-01,One year,0.20172968222581555,1.3060099116895145,1.3925283374998751
2015-11-01,One year,0.11084260350302991,1.1634646347861328,1.2299492130537528
2015-10-01,One year,-0.11055336440778255,1.110475174914864,1.0987576204967593
2015-09-01,One year,-0.1246447624270828,1.0818291038185277,1.0124085460967929
2015-08-01,One year,0.007980129477610528,0.9803016212609106,1.018014117267972
2015-07-01,One year,0.14620175842662955,1.1828087071632454,1.1521483821325789
2015-06-01,One year,-0.039918964502067056,0.8463818270571754,0.7603182446127368
2015-05-01,One year,0.1109955601775829,1.1079838979012524,0.9379327073710567
2015-04-01,One year,-0.12092019267284525,0.8568896680133149,0.796321560305186
2015-03-01,One year,-0.010028983763080418,1.0787140832516784,1.0432750914262505
2015-02-01,One year,0.031161729375464575,1.3740321062238168,1.229871811868368
2015-01-01,One year,0.28187797411571786,1.4891228664599576,1.439159087642927
2014-12-01,One year,0.5472491941881149,1.382320035872638,1.2719619326500635
2014-11-01,One year,0.9709716774720392,1.4833360154812647,1.2483580934537557
2014-10-01,One year,1.2892682041038592,1.6375366289084683,1.5223198809062495
2014-09-01,One year,1.22640557181791,1.6875754142425083,1.5285426735192338
2014-08-01,One year,1.5488249594813577,2.0459896129971717,1.9044687291570557
2014-07-01,One year,1.5941807823388707,1.9062559325969972,1.7869288320039665
2014-06-01,One year,1.895483989058262,2.254992307392349,2.0215217480762147
2014-05-01,One year,1.49393090569562,1.9024286140908317,1.5863074458910034
2014-04-01,One year,1.772728659621868,2.04639191161542,1.9902292216358812
2014-03-01,One year,1.6059509858867818,1.963386554341926,1.6018495582528203
2014-02-01,One year,1.7240145201697354,1.975579555275842,1.6829814592060954
2014-01-01,One year,1.8889483653133428,1.998120080735653,1.6072676450035055
2013-12-01,One year,2.033728125896479,2.1186021191314035,1.691550519045463
2013-11-01,One year,2.084319739794559,2.133121766134383,1.7836414890970935
2013-10-01,One year,2.190699064958093,2.094214939934031,1.7175216245929097
2013-09-01,One year,2.6717240807527967,2.405670372530401,2.1724605908758625
2013-08-01,One year,2.689995215012377,2.304299020509851,2.0054637373219277
2013-07-01,One year,2.765290120230001,2.413611838108619,2.029271985532229
2013-06-01,One year,2.9188906331763493,2.5225202734201124,2.3286171467070798
2013-05-01,One year,2.699547643367872,2.5529971930326707,2.2422842746168334
2013-04-01,One year,2.4208585506099003,2.2499755159493757,1.9545206170400564
2013-03-01,One year,2.8313057328177864,2.6864433277831576,2.3720718912122445
2013-02-01,One year,2.7830619988018497,2.703065268404764,2.2727031699065687
2013-01-01,One year,2.7141905537287156,2.6404377397644323,2.2524396096624484
2012-12-01,One year,2.677284633753776,2.5807030400613202,2.3568881033771016
2012-11-01,One year,2.662890715810381,2.6281119564679467,2.6315229646648413
2012-10-01,One year,2.669376263508299,2.803938470345307,2.630206392966251
2012-09-01,One year,2.2020272631946955,2.512668951892288,2.115003304692673
2012-08-01,One year,2.4773478307216696,2.6745798049306257,2.062857875395262
2012-07-01,One year,2.560528403851521,2.7652665958744924,2.3007669223074467
2012-06-01,One year,2.4489095704758346,2.6021854275491796,2.136444277189408
2012-05-01,One year,2.773344188188916,2.751902456926635,2.219074598678011
2012-04-01,One year,3.0441269602739274,2.8199705819222345,2.0996277103651098
2012-03-01,One year,3.4605002114027466,3.058715136563687,2.465192819868784
2012-02-01,One year,3.435268027003828,2.935336023953629,2.4378320242479545
2012-01-01,One year,3.575652707201683,3.1501584969166,2.635813347636198
2011-12-01,One year,4.197084292447652,3.5868613833490244,2.9976345937932614
2011-11-01,One year,4.763591679489873,3.9096357747424797,3.2326781596574095
2011-10-01,One year,4.982499027723756,4.0188461660516825,3.350898229942472
2011-09-01,One year,5.177964685567868,4.04730635874236,3.3242278715248723
2011-08-01,One year,4.507374894166935,3.863282168486955,3.1152236175369055
2011-07-01,One year,4.430882929287266,3.7365202688919172,3.147605733812618
2011-06-01,One year,4.200835698165492,3.4371844239270413,2.781584298470511
2011-05-01,One year,4.453246506215512,3.916598493825317,3.3434245982900146
2011-04-01,One year,4.477963440619036,4.036492584208958,3.678531701890976
2011-03-01,One year,4.03785204317569,3.547473779340193,3.195316515093959
2011-02-01,One year,4.350440148833825,3.731487965117072,3.3700925343634944
2011-01-01,One year,3.9668442865600886,3.453837709235186,3.0280133525802984
2010-12-01,One year,3.7034510980766724,3.3954971931518276,2.889090766349279
2010-11-01,One year,3.2590306355738443,3.231398546301582,2.7414259927797753
2010-10-01,One year,3.1638677136470514,3.1386604093998383,2.7199584152597875
2010-09-01,One year,3.079820401226419,3.16425951501684,2.7048429245336276
2010-08-01,One year,3.1213022849724847,3.1598816925550843,2.7783438625093493
2010-07-01,One year,3.054536222853061,3.1276302284286928,2.6420079260237865
2010-06-01,One year,3.2495472320594394,3.4107581966185703,3.054460970776487
2010-05-01,One year,3.3919089321039806,3.2256996055888374,2.944131144546688
2010-04-01,One year,3.730674825215509,3.463878661050307,3.0738715188204537
2010-03-01,One year,3.3839013981039905,3.2789246257644544,2.983443213328275
2010-02-01,One year,2.965671101351432,3.2992031359368426,2.8790609547576187
2010-01-01,One year,3.4755767101015604,3.3321264298599003,3.123764333728738
2009-12-01,One year,2.893634938828966,3.088544270152914,2.8348999480998773
2009-11-01,One year,1.9081568462990206,2.418955654425264,1.907313091364788
2009-10-01,One year,1.5115900204803485,2.193393022017871,1.8495286981942054
2009-09-01,One year,1.0923823454296424,2.151047982794282,1.6957537130563873
2009-08-01,One year,1.603772483746332,2.4271996465148002,1.802632488877611
2009-07-01,One year,1.7769687004521761,2.475684922960926,1.7826923522729867
2009-06-01,One year,1.7930532397078351,2.4994706385483214,1.5697116218811085
2009-05-01,One year,2.1954506762508266,2.6487770602758776,1.65011139992573
2009-04-01,One year,2.280893796254417,2.427102446941458,1.548510286532616
2009-03-01,One year,2.8667730211469498,2.8482642532489297,1.669279180216635
2009-02-01,One year,3.151921153776642,3.0159280615376662,1.6165956397703605
2009-01-01,One year,2.998531678134144,2.695923140643538,1.256491480116355
2008-12-01,One year,3.050610483686292,2.5362318813401443,1.1030912207465082
2008-11-01,One year,4.058476980144009,3.343491578133017,1.9850389269299291
2008-10-01,One year,4.450980868804247,3.3602079726596075,1.8903547346819052
2008-09-01,One year,5.211603053435109,3.6057062919741405,2.2394994060151214
2008-08-01,One year,4.71167713706031,3.260345321326448,2.012933568489128
2008-07-01,One year,4.43523163536901,2.9802478755027977,1.8883968113374714
2008-06-01,One year,3.8206466084751547,2.6926520838998984,1.6257964404109697
2008-05-01,One year,3.3415191389021235,2.5775017776855567,1.5328424153166442
2008-04-01,One year,2.9697875572762324,2.4949108761348806,1.4468959652272444
2008-03-01,One year,2.461716195954084,2.2529953752896916,1.1836280567194566
2008-02-01,One year,2.4869417038143755,2.362322665708038,1.2324403983741843
2008-01-01,One year,2.18488436976874,2.3626634924445957,1.322022168927694
2007-12-01,One year,2.0830769987942,2.351961217270602,1.3891516125981238
2007-11-01,One year,2.092744081284114,2.3722620817167144,1.395724849608855
2007-10-01,One year,2.0933897526896366,2.4438768718076624,1.545661312025914
2007-09-01,One year,1.7586378324633438,2.2415257303972087,1.4522326436123227
2007-08-01,One year,1.7712764634176585,2.262920041239842,1.7587939698492447
2007-07-01,One year,1.8539571491036224,2.433345480940947,1.7312636662902212
2007-06-01,One year,2.418498957435932,2.6956017685888467,1.9768152774614296
2007-05-01,One year,2.4983094146818,2.636020037328546,1.907883677929062
2007-04-01,One year,2.7687193885902044,2.759664390360166,1.7938729380079887
2007-03-01,One year,3.0653864666987585,2.830520224474278,1.9266730205455593
2007-02-01,One year,2.797699894641983,2.6902427143328542,1.744882042104497
2007-01-01,One year,2.71416562651247,2.540840099133413,1.6482316984427412
2006-12-01,One year,2.9853772269951016,2.6388604961066795,1.7931499265891753
2006-11-01,One year,2.699576761270473,2.467299567928834,1.6286881086436444
2006-10-01,One year,2.4198365593584334,2.2308440752173295,1.4312977099236668
2006-09-01,One year,2.412015528543239,2.281589979764214,1.3631690353795096
2006-08-01,One year,2.4793177733304534,2.1662332140223586,1.056755253548709
2006-07-01,One year,2.3684984589413425,2.0146639414020484,0.8933658193631221
2006-06-01,One year,2.4928656437556698,2.227767565444843,1.2047461904299657
2006-05-01,One year,2.240602273891222,2.0691000104718804,1.0789227763146665
2006-04-01,One year,2.029726500777203,2.0495155060517347,1.2699533660460887
2006-03-01,One year,1.8106316576822836,2.0585879388461206,1.3040502554325157
2006-02-01,One year,2.0347632369702597,2.0759685667016976,1.4338280387587352
2006-01-01,One year,1.9463740829708438,2.142550396225511,1.2612833896223532
2005-12-01,One year,1.917786990043004,1.9500381422447923,1.3316748371990912
2005-11-01,One year,2.139398424011107,2.133369113425735,1.5434067821563648
2005-10-01,One year,2.347875855251186,2.184717927562226,1.6850896585605502
2005-09-01,One year,2.460940556613371,2.265545756477405,1.7050277405306937
2005-08-01,One year,2.411164199368155,2.2158068430069897,1.793252840034964
2005-07-01,One year,2.3401609842287763,2.33564940870993,1.8330617686268695
2005-06-01,One year,2.0130285505411174,2.0518710214616585,1.5123897728952274
2005-05-01,One year,1.9142189803880616,2.0531530968362306,1.527902707098598
2005-04-01,One year,1.944786400901018,1.8752328354680066,1.4263837775088313
2005-03-01,One year,1.9109452213226894,1.8925473083400433,1.385309278350527
2005-02-01,One year,1.6523376298500327,1.8124755473385368,1.1651425097095298
2005-01-01,One year,1.621671548834876,1.7926328540229617,1.250948159017148
2004-12-01,One year,1.6728160821439366,1.914466283005793,1.3083280827248773
2004-11-01,One year,1.4553644337908016,1.673158886246604,1.0525793773788288
2004-10-01,One year,1.2098632156821403,1.547737501176443,0.8846925879116778
2004-09-01,One year,1.08096707005193,1.4421277234166299,0.8560900259308399
2004-08-01,One year,1.2945796913637375,1.5438180229950214,1.0760847929936241
2004-07-01,One year,1.405515886709311,1.6433708662425168,1.1638361638361665
2004-06-01,One year,1.5820602588584736,1.7872002283363766,1.2595714962711582
2004-05-01,One year,1.4683296260989231,1.68614296070691,1.1062801330525993
2004-04-01,One year,1.1337448014622247,1.610766311914405,0.9537583064244668
2004-03-01,One year,1.1069031958009414,1.4090829091437203,0.9759271307742191
2004-02-01,One year,1.2855218765418908,1.6717539569585835,1.1128676101575836
2004-01-01,One year,1.4253021239009083,1.7618954210067443,1.1967081089243385
2003-12-01,One year,1.2698792617414134,1.5702193930950767,0.9063029819487433
2003-11-01,One year,1.331945334187493,1.6877288882550414,1.0751744965601986
2003-10-01,One year,1.3543445772843732,1.7626399620444326,1.1606919027325169
2003-09-01,One year,1.4293545842303048,1.6674568842133386,1.2766545619039311
2003-08-01,One year,1.390341350923774,1.7228499742949697,1.238019672296324
2003-07-01,One year,1.309632657451734,1.693482005667661,1.2683839801712256
2003-06-01,One year,1.1061501950846746,1.4331859093439339,1.0280962580320052
2003-05-01,One year,1.2548262548262643,1.6017621924355772,1.265359675018293
2003-04-01,One year,1.4457313304490278,1.6711995789058625,1.484133812439903
2003-03-01,One year,1.5367801824167464,2.022738136478818,1.5036830073660297
2003-02-01,One year,1.578077589943658,1.9467414902067743,1.6606719216346426
2003-01-01,One year,1.3358468048171848,1.8139051856776276,1.5046621535317373
2002-12-01,One year,1.6613720851639056,1.912599890690251,1.742725958245599
2002-11-01,One year,1.5449666612457318,1.7889899304702312,1.5848566627628755
2002-10-01,One year,1.3674543167462372,1.6847901797978104,1.6098629578684545
2002-09-01,One year,0.9925189726415851,1.4514898085843475,1.2300295105322057
2002-08-01,One year,0.9938796511942731,1.5451186685185165,1.318140057166192
2002-07-01,One year,1.1052352533340617,1.7594936351069472,1.509608349058423
2002-06-01,One year,0.6165178210074651,1.632884554657695,1.2759984688018373
2002-05-01,One year,0.8272506082724989,1.664853676432131,1.2557004713667133
2002-04-01,One year,1.3701988558975757,1.782876087864869,1.3984040232981851
2002-03-01,One year,1.535721624768813,1.992216317536002,1.6301612091330213
2002-02-01,One year,1.477683542041819,2.098653776454182,1.5517330708253558
2002-01-01,One year,1.630532162694867,2.287039308332231,1.667402540061821
2001-12-01,One year,1.0587431693988953,2.0090562236696488,1.3679960914397296
2001-11-01,One year,0.7963936889556702,1.7041136119306457,1.102974298253516
2001-10-01,One year,1.2087611225188362,1.8091784988060697,1.1374029085569408
2001-09-01,One year,1.3286263563345835,1.9821744754045283,1.3275590957131456
2001-08-01,One year,1.8283098475029749,2.288879731304604,1.7581218999143005
2001-07-01,One year,1.4494952281127627,2.1783119811592178,1.5406874437883735
2001-06-01,One year,1.7152423294363026,2.1255880935296974,1.2859450726979056
2001-05-01,One year,1.6613760976213094,1.856641781403489,1.065093340907334
2001-04-01,One year,1.1671007123861608,1.6986741507428331,0.88660514360415
2001-03-01,One year,0.9082363349830114,1.2381182835080748,0.4668231388669158
2001-02-01,One year,0.8176388253717335,1.2516202959038731,0.369214768590733
2001-01-01,One year,0.8577068505337941,1.3148361193568339,0.4946037297558366
2000-12-01,One year,0.8056186738277327,0.9558589155818791,0.19839224981965703
2000-11-01,One year,1.063022019741832,0.9944492813244761,0.24513282328503494
2000-10-01,One year,0.9954375777685592,1.0708499815504349,0.34122193643448384
2000-09-01,One year,0.9614986116291571,0.8602471347085866,0.12388695315525054
2000-08-01,One year,0.5950316934130437,0.7168437489980866,-0.01817520901491666
2000-07-01,One year,0.8778886152733145,0.7189151132369,-0.1314761780786242
2000-06-01,One year,0.7883163222969151,0.6251410447192488,-0.10070623474881923
2000-05-01,One year,0.5374264319858469,0.9297819230591283,-0.03871567210406919
2000-04-01,One year,0.5611905553707832,0.7533824075452581,0.0077664876059804905
2000-03-01,One year,0.6371730662214781,0.8915795282704662,0.09734949767659568
2000-02-01,One year,0.9372071227741354,1.077137725934049,0.2214983713355071
2000-01-01,One year,0.7972872616195196,0.7725828207791086,0.07574867113321673
1999-12-01,One year,1.1238302139037264,0.9668804991884072,0.3010685997079633
1999-11-01,One year,1.1803324486660132,1.1217948847316013,0.38595536905363464
1999-10-01,One year,1.1127575698269245,1.0316124636540573,0.4596507173927147
1999-09-01,One year,1.1726393470117942,0.9382693198539982,0.5462637376895928
1999-08-01,One year,1.2058171200763563,1.1984627496935696,0.6809834394238445
1999-07-01,One year,1.3036982748900627,1.2785682658969213,0.7488622801610487
1999-06-01,One year,1.3498170808628651,1.3330378584501636,0.7951380755316158
1999-05-01,One year,1.305826533611397,1.300860652755123,0.7882209099659147
1999-04-01,One year,1.5420981539846965,1.564478673833197,0.9143752857422619
1999-03-01,One year,1.6690240452616585,1.6179355307270034,0.9129609011723135
1999-02-01,One year,1.4057136372663048,1.4042323666352927,0.9775415422263672
1999-01-01,One year,1.584251430523528,1.7148596540800995,1.2134671055240596
1998-12-01,One year,1.555693839452408,1.7633541745318433,1.214982605738801
1998-11-01,One year,1.3491512946472854,1.6327922007471456,1.1263768647430938
1998-10-01,One year,1.3645831857278599,1.7485846748464615,1.2050250992141733
1998-09-01,One year,1.410287301744794,1.7946832616678892,1.3425731117189155
1998-08-01,One year,1.3270748879880416,1.862283375593082,1.2332120410188583
1998-07-01,One year,1.4426032626567353,1.9405182027231145,1.3814652306874107
1998-06-01,One year,1.6745525025652679,2.015730899315055,1.581048568331436
1998-05-01,One year,2.039388183544933,2.1957871786575,1.733446249933841
1998-04-01,One year,1.8150562280638862,2.0725388007652157,1.5399103376926564
1998-03-01,One year,1.6549483098247224,2.166257634886433,1.7011243139553485
1998-02-01,One year,1.5835963054222735,2.1972327019579647,1.775552014568642
1998-01-01,One year,1.4776617411275446,2.090852992710686,1.6213529633012647
1997-12-01,One year,1.7103237963722044,2.210160638680733,1.8434161805056077
1997-11-01,One year,1.9204686462932548,2.2503309068954334,1.882839605017349
1997-10-01,One year,1.8972811412564694,2.2025540679682982,1.7842812048579575
1997-09-01,One year,1.834531335700472,2.13087149280404,1.7609591607343607
1997-08-01,One year,1.977024165240367,2.241496993686743,1.8654553786847465
1997-07-01,One year,1.9948960991614944,2.1284625321878736,1.7974608158956022
1997-06-01,One year,1.6735977279642982,2.168910053901505,1.7581619338436112
1997-05-01,One year,1.5591912511240722,2.193379105187395,1.8380767572229468
1997-04-01,One year,1.5581808129892227,2.269045702022072,1.8479993515791875
1997-03-01,One year,1.7125391207698477,2.620636909061192,2.0167427701674203
1997-02-01,One year,1.91497173067039,2.615987977698964,1.9354926770675402
1997-01-01,One year,2.1482847657690725,2.688417143753237,2.116569045692112
1996-12-01,One year,2.2879759872873975,2.745816437159573,2.1580580199205333
1996-11-01,One year,2.57374161942961,2.776894151051663,2.1649034791143986
1996-10-01,One year,2.50577230477771,2.710772114091788,2.0696810834425388
1996-09-01,One year,2.2627640260372868,2.6025729993790403,1.9703089182403704
1996-08-01,One year,2.2590071048220772,2.4863655279898245,1.9331171686084805
1996-07-01,One year,2.201257861635226,2.4780769381053362,1.8851272150589595
1996-06-01,One year,2.3172720533728723,2.4434316755105923,1.891473293219473
1996-05-01,One year,2.315020924227588,2.559789740855913,1.955073160678714
1996-04-01,One year,2.5130874435114436,2.567034290782639,1.9838536356873195
1996-03-01,One year,2.561871906404677,2.6318802769710334,2.0979020979020984
1996-02-01,One year,2.671772989762233,2.6663120817921477,2.175641186561235
1996-01-01,One year,2.6427381493260707,2.667891615354043,2.10224089635853
1995-12-01,One year,2.9523593122775096,2.887669151665042,2.3194943335282643
1995-11-01,One year,2.763498098859305,2.6624168105664467,2.2940577628404624
1995-10-01,One year,2.8621886608610856,2.7714673150234868,2.366012158479488
1995-09-01,One year,2.97139556798492,2.8275365538262385,2.3389608032061178
1995-08-01,One year,2.6023832351732543,2.47982802329191,2.08277815958148
1995-07-01,One year,2.6685436239556872,2.612560635655405,2.2706438191946963
1995-06-01,One year,2.5746308377815255,2.4636356021154575,2.1219713617849267
1995-05-01,One year,2.474186042975099,2.1905855802324616,1.8641624564398884
1995-04-01,One year,2.2868039664378483,2.108415271774914,1.8279253117854148
1995-03-01,One year,2.5992213108447197,2.114328201409876,1.683150157310343
1995-02-01,One year,2.386649582413499,1.995572546977374,1.5421871017078748
1995-01-01,One year,2.40861082246382,2.272166011563436,1.6587171638072278
1994-12-01,One year,2.045075125208693,2.1082446458055495,1.4649168656147027
1994-11-01,One year,1.8416691191276355,1.8596268534427811,1.2524710533747536
1994-10-01,One year,1.5161584470580878,1.6496229772774929,0.9736823537712722
1994-09-01,One year,1.538651480778431,1.7668196426308012,1.0769230769230844
1994-08-01,One year,1.8823164586402024,2.038186937564099,1.312966252220258
1994-07-01,One year,1.7198711263988606,2.062049444296041,1.3015401320113171
1994-06-01,One year,2.0215967977162186,2.235339331842116,1.7025638105541845
1994-05-01,One year,1.9598418482052806,2.2644347362126425,1.7182473023375107
1994-04-01,One year,2.013819721115533,2.21730685843585,1.768888127462744
1994-03-01,One year,2.2340743537703855,2.515209229135608,2.44850762448508
1994-02-01,One year,2.5163403864719065,2.7060452628311475,2.6366279069767544
1994-01-01,One year,2.6703821656051066,2.7024356891752266,2.5867609254498727
1993-12-01,One year,2.409371537122038,2.580492395825006,2.5229191709994705
1993-11-01,One year,2.287814693347291,2.6334106839607583,2.434297120210586
1993-10-01,One year,2.5859335362760025,2.784996393367465,2.5023504737108406
1993-09-01,One year,3.0584979482774988,3.0490005626067496,2.6796713091114466
1993-08-01,One year,2.918648070724169,3.1201814223305346,2.6577976164427564
1993-07-01,One year,2.593213572854284,2.865746922951805,2.26014288427542
1993-06-01,One year,2.407092581706086,2.7297106152973014,2.1938055543432338
1993-05-01,One year,2.5178426666242837,2.8418486847596665,2.3576382817508814
1993-04-01,One year,2.4914664880211785,2.9629868291387362,2.336182336182342
1993-03-01,One year,2.4846823605288564,2.8508151476743975,2.1965198381045363
1993-02-01,One year,2.398431296287288,2.827232588475144,2.216675580911615
1993-01-01,One year,2.2418312358562673,2.939492711758021,2.1469600895188257
1992-12-01,One year,2.550366077371394,3.013526878867939,2.4755487614835365
1992-11-01,One year,2.5508960631712356,3.318017378161281,2.7570524062899495
1992-10-01,One year,2.8806315858154266,3.3052832293340404,3.0512163129024734
1992-09-01,One year,2.9742212322709594,3.5660841466115727,3.393970270918246
1992-08-01,One year,2.950550353211762,3.6219909955285883,3.469979171068905
1992-07-01,One year,3.5894466958895075,4.339673878724605,4.117736537876495
1992-06-01,One year,3.8237574437901016,4.45995086527213,4.319123427374689
1992-05-01,One year,4.340398712973106,4.692540957338004,4.611069615718803
1992-04-01,One year,4.71163963723215,4.9174305619229735,5.084979964073508
1992-03-01,One year,7.054701120259615,7.047666283519103,7.179836296566022
1992-02-01,One year,6.87045375822653,6.870056147609995,7.093078758949889
1992-01-01,One year,6.969575590811729,6.998875705481545,7.28978245906102
1991-12-01,One year,7.203271841280884,7.034826358942927,7.457378434843632
1991-11-01,One year,7.066191180307903,6.704315153012384,7.439758555163436
1991-10-01,One year,6.752803510482693,6.768345105263402,7.578332959173843
1991-09-01,One year,7.106144859403235,6.947940770639221,7.786481466526698
1991-08-01,One year,7.8949234259784475,7.5501228921340235,8.005803433154558
1991-07-01,One year,8.27244071924923,7.679576565645728,7.933276416891038
1991-06-01,One year,8.389207745534517,7.636622989354896,8.1702672532668
1991-05-01,One year,8.179779312819587,7.680271312073733,8.150480555234994
1991-04-01,One year,8.443969498831754,7.755311754356603,8.135075456975411
1991-03-01,One year,6.853938801482933,6.478927194383004,6.616815488749717
1991-02-01,One year,7.017088631056087,6.641370328445914,6.657389651602834
1991-01-01,One year,7.0548315528459815,6.665096411153973,6.707775348455862
1990-12-01,One year,7.617103365609725,7.0592284177882725,7.210272543856659
1990-11-01,One year,7.799197389641073,7.039429729518464,7.102787754403966
1990-10-01,One year,8.13436770354749,6.9841042599255845,7.050038623294136
1990-09-01,One year,8.127536891620188,6.839288337546252,6.978713110788585
1990-08-01,One year,7.719626525117904,6.737261951311448,6.7317395691965185
1990-07-01,One year,6.785495716034276,6.230696306874331,6.2744276940256904
1990-06-01,One year,6.859129903131516,6.308572815604489,6.306935185508354
1990-05-01,One year,6.837524919490876,6.2419644853826215,6.152984617538453
1990-04-01,One year,6.439050721983374,5.886934612271046,5.885558583106265
1990-03-01,One year,5.979514445443523,5.51686715875359,5.519734967227137
1990-02-01,One year,5.877273886850207,5.442939271400581,5.337766575499181
1990-01-01,One year,5.657441150398896,5.20049868186889,5.013542843817817
1989-12-01,One year,5.503082516598174,5.182192370644511,5.050831626971293
1989-11-01,One year,5.524993073970004,NA,5.080603130672318
1989-10-01,One year,5.483941446362238,NA,5.073770787489633
1989-09-01,One year,5.187342883364593,NA,5.030487804878046
1989-08-01,One year,4.9979951884522755,NA,4.944673702662232
1989-07-01,One year,5.164923572003214,NA,5.051690006598725
1989-06-01,One year,5.24633018298814,NA,5.135497128598425
1989-05-01,One year,5.3281915645379385,NA,5.204727888651591
1989-04-01,One year,5.257711038961041,NA,5.289947618783195
1989-03-01,One year,5.010571258492933,NA,5.207533027265054
1989-02-01,One year,4.959733064200534,NA,5.274944484173293
1989-01-01,One year,4.8972001239797445,NA,5.3119746113304585
1988-12-01,One year,NA,NA,NA
1988-11-01,One year,NA,NA,NA
1988-10-01,One year,NA,NA,NA
1988-09-01,One year,NA,NA,NA
1988-08-01,One year,NA,NA,NA
1988-07-01,One year,NA,NA,NA
1988-06-01,One year,NA,NA,NA
1988-05-01,One year,NA,NA,NA
1988-04-01,One year,NA,NA,NA
1988-03-01,One year,NA,NA,NA
1988-02-01,One year,NA,NA,NA
1988-01-01,One year,NA,NA,NA
2026-08-01,Six months,3.9721505844848792,3.0872185785820077,2.613326964656304
2026-07-01,Six months,3.4645288659765905,2.921824921927448,2.709715225862408
2026-06-01,Six months,2.8966762346883446,3.108787028813884,2.6880131204601643
2026-05-01,Six months,3.2446814567347104,3.0080159517312657,2.6921682431186644
2026-04-01,Six months,2.9286003508940173,2.835920966847011,2.45937430126697
2026-03-01,Six months,2.936124026204179,3.0343899662446265,2.7399528929083816
2026-02-01,Six months,2.1903937246163574,2.551812866141904,2.658898924688824
2026-01-01,Six months,2.263242493328521,2.6896399489103047,2.5962027624777173
2025-12-01,Six months,2.4248827228734227,2.6171858094458345,2.675152323019958
2025-11-01,Six months,2.474565003762441,2.7284733918793114,2.8117910396711965
2025-10-01,Six months,2.6883545252130547,2.8329782261526795,2.739521972953618
2025-09-01,Six months,3.6972776445178157,3.2524648888396692,3.478022536045766
2025-08-01,Six months,3.8031104966644858,3.4472761762442774,3.615987526121489
2025-07-01,Six months,3.7699336256540317,3.0559024730954425,3.496115849848236
2025-06-01,Six months,4.339923489068354,3.7653162041119854,3.860214666011652
2025-05-01,Six months,4.0491824419865985,3.6539172501929005,3.5707968732540563
2025-04-01,Six months,4.431592332833145,3.650878351905967,4.031836083885509
2025-03-01,Six months,3.854086095392484,3.4362657636003906,3.5168058611670494
2025-02-01,Six months,3.7275745538089655,3.238463929202912,3.377408018979833
2025-01-01,Six months,3.85598955339288,3.5946598213851595,3.842899347016049
2024-12-01,Six months,2.8248067423667367,2.9211475251722696,3.340123358989988
2024-11-01,Six months,2.6780068885127406,3.147225217021887,3.537852862934643
2024-10-01,Six months,2.609733106143741,3.2111165511286806,3.4859418200648085
2024-09-01,Six months,1.348441188745686,2.845913895129529,3.2293583201307374
2024-08-01,Six months,1.9659930564275285,3.2307825011434304,3.563492415773828
2024-07-01,Six months,2.1066824720087585,3.288244128866377,3.331224584826975
2024-06-01,Six months,2.2067960566834355,3.2013518147053484,3.170581311197118
2024-05-01,Six months,2.6156239255514357,3.4993745221594335,3.566166846539609
2024-04-01,Six months,1.9700174498262335,3.2233102389261257,3.2228483357897186
2024-03-01,Six months,2.0221910930360742,3.3743453247594224,3.2932389924432037
2024-02-01,Six months,2.4333650875237645,3.8660732036854317,3.601756812149115
2024-01-01,Six months,2.3404530934864054,3.5963539994390086,3.350994891616854
2023-12-01,Six months,1.738627554294414,4.194094307474538,4.065497989900391
2023-11-01,Six months,1.3662368458590146,3.812595607087742,3.7328086617624656
2023-10-01,Six months,2.674439134231643,4.688706207505517,4.6578693938005955
2023-09-01,Six months,4.421958688977923,5.440886883674361,5.492700366898529
2023-08-01,Six months,4.4030014069419865,5.4827802688901155,5.510657903311911
2023-07-01,Six months,5.656964023811462,6.3897778398494385,6.711852172687016
2023-06-01,Six months,6.3410730162823725,6.17154129354291,6.292131205512264
2023-05-01,Six months,6.6694904544991385,6.774537063153286,6.688448791659929
2023-04-01,Six months,6.58415374114707,6.546751243817337,6.620704273508715
2023-03-01,Six months,8.933828286319967,6.416903263574034,6.409705338986216
2023-02-01,Six months,8.942018010490592,6.4480971114782175,6.580149439080407
2023-01-01,Six months,8.003953525702933,6.161118190177344,6.402337610096764
2022-12-01,Six months,9.535829131993312,6.356310002329935,6.877770765225488
2022-11-01,Six months,10.670338268228697,6.32546843683747,6.9359362493003784
2022-10-01,Six months,10.710737895931377,6.2998942791857315,6.578486826833729
2022-09-01,Six months,11.169354078008386,6.0082148737064145,6.320091158937746
2022-08-01,Six months,11.938689447698891,6.3956009166732075,6.386377493410911
2022-07-01,Six months,12.202404423907986,6.30907899302665,6.101699250126114
2022-06-01,Six months,11.573820729534901,6.4326111328241264,6.249763100549144
2022-05-01,Six months,10.715548927747708,6.210715132390604,6.046600184462658
2022-04-01,Six months,11.358643577525829,6.285217889419497,6.452542450350607
2022-03-01,Six months,9.081245088483136,6.08194744492681,6.674426952898216
2022-02-01,Six months,7.847245525605939,5.510771080714611,5.993579729916543
2022-01-01,Six months,8.011687706399528,5.58957455362232,6.220800471222954
2021-12-01,Six months,7.2064199101316895,4.8167394680917095,5.287570581631518
2021-11-01,Six months,7.371890519949709,4.952584088102473,5.31034849222749
2021-10-01,Six months,6.5946308715562285,4.756754568588018,5.229638468477504
2021-09-01,Six months,5.0401036346980455,4.104079921602036,4.346658737036124
2021-08-01,Six months,4.629322716602369,4.01279454940463,4.279851714402616
2021-07-01,Six months,3.0558132880693423,3.206727788854686,2.8084346184187314
2021-06-01,Six months,3.6446438681738247,3.4631088954486353,3.1161766566973004
2021-05-01,Six months,2.9496740869534133,2.985142049213808,2.6703715661319904
2021-04-01,Six months,1.8265738804249976,1.9433116411785392,1.580268195274992
2021-03-01,Six months,1.2346761694077335,1.9111827606927794,1.5995925796589816
2021-02-01,Six months,1.8063939928191441,2.033353915429832,1.935553562422876
2021-01-01,Six months,1.002257647403293,1.6267143071452894,1.2023062667573248
2020-12-01,Six months,1.3046911501853886,1.715166395214255,1.4956176803776033
2020-11-01,Six months,1.1979501078891897,1.565399229181458,1.362746762151379
2020-10-01,Six months,1.1290178275894736,1.6890720271443538,1.2230442902380956
2020-09-01,Six months,0.2481210599147854,1.3398054924716944,1.0209506347561126
2020-08-01,Six months,-0.8700438771376273,1.1403952844676863,0.23833928924803516
2020-07-01,Six months,0.45454598802254775,2.045547908806606,1.6579200252010207
2020-06-01,Six months,-0.07351124396252073,1.5019790961696344,1.2213074671979962
2020-05-01,Six months,-0.5413335210830428,1.4431255431634364,0.8006502821753747
2020-04-01,Six months,0.22385134827553888,1.7553328180231065,1.4349147500287485
2020-03-01,Six months,0.8771037007252902,1.9720626654623752,1.5139436165662712
2020-02-01,Six months,1.35169907090118,1.995938047005775,1.645019037294193
2020-01-01,Six months,1.5650751823666154,2.0850722557704033,1.6110926232890455
2019-12-01,Six months,1.2158115188865226,1.7986840774491362,1.4189868479697942
2019-11-01,Six months,1.4741109985543677,2.1588457848707003,1.696809228710472
2019-10-01,Six months,1.2597575723926502,1.9507291294726672,1.51011170606421
2019-09-01,Six months,2.203780848076109,1.9836966588637814,1.6354871270995108
2019-08-01,Six months,2.1130371986410434,1.8906918275305378,1.6908797242961349
2019-07-01,Six months,1.9909547810167627,1.9734495490852852,1.4905716650147616
2019-06-01,Six months,1.438616706821949,1.9723421998488186,1.4761617102655444
2019-05-01,Six months,1.4872365325914183,2.0647223804381807,1.7198654312301942
2019-04-01,Six months,1.6423377011073326,2.06008093351834,1.8213292811543935
2019-03-01,Six months,1.2643061611668394,2.000168154299946,1.7424926252169959
2019-02-01,Six months,1.352170873242664,2.0661381334311857,1.5860108636737813
2019-01-01,Six months,2.059307209712058,2.1315140352273976,2.0979630882598244
2018-12-01,Six months,2.528204745621321,2.3285747837110558,2.0512642977635887
2018-11-01,Six months,2.5325640855340392,2.357811590667495,1.7657425281281114
2018-10-01,Six months,2.566597737686638,2.190117967610159,1.7696614321325077
2018-09-01,Six months,2.601437632412784,2.188055073083791,1.874449642632281
2018-08-01,Six months,2.436143127159407,2.3932497677323927,2.00088297967409
2018-07-01,Six months,1.658026004378499,1.885673127352117,1.551820949485161
2018-06-01,Six months,1.7235577192067364,2.033315273689237,1.7489164600596352
2018-05-01,Six months,2.078175152651207,2.178535411025938,1.8852566352490552
2018-04-01,Six months,2.1942470119461266,2.3008784728032015,1.964476693247974
2018-03-01,Six months,2.2491531025784273,2.4876354152583517,1.9389752887811085
2018-02-01,Six months,2.859915416573644,2.599167074921841,2.172344443228047
2018-01-01,Six months,3.244212508093547,2.777736601433993,2.3542215933525013
2017-12-01,Six months,3.1499682815727903,2.694067316141883,2.315822162548109
2017-11-01,Six months,2.747724881463709,2.7454949310953385,2.403525295677822
2017-10-01,Six months,2.5641861697885293,2.79383979162455,2.359747650531907
2017-09-01,Six months,2.7234718251839096,2.9560905748739215,2.7568330140000707
2017-08-01,Six months,2.5909828670312995,2.8189251389144445,2.64004734959018
2017-07-01,Six months,2.745650565612734,3.0466676233821812,2.8339531724906664
2017-06-01,Six months,2.818881487839331,2.951295528909557,2.643456257457677
2017-05-01,Six months,3.420222305613252,3.0551123906547675,2.9157374914274836
2017-04-01,Six months,3.4285488330109803,3.1388698759035036,2.891197476429763
2017-03-01,Six months,3.1989842674797098,2.7762724144369915,2.378488620042285
2017-02-01,Six months,3.122138702114241,2.8017209732675967,2.5014310508506554
2017-01-01,Six months,2.480131048422307,2.2283330476290106,2.001777126712767
2016-12-01,Six months,2.4541235553710017,2.4303055382999608,2.1175588802115453
2016-11-01,Six months,2.3084393140142767,2.259880738958344,1.9864049051479649
2016-10-01,Six months,1.9915642007828582,1.78099764762705,1.7800608562353215
2016-09-01,Six months,1.4745267754872726,1.4102834672965694,1.3708192804822161
2016-08-01,Six months,1.4951390657649721,1.5100013090573063,1.550119542187045
2016-07-01,Six months,1.1599081563500757,1.4167901178609803,1.394794452468262
2016-06-01,Six months,0.686292817202272,1.2036704840411292,1.2561200252313665
2016-05-01,Six months,0.023437921673985507,1.0088261732156891,1.0374982700365631
2016-04-01,Six months,-0.15514723341383263,1.0788962373789779,0.9722195064322037
2016-03-01,Six months,0.4849725539376015,1.578220205510833,1.6380984361330508
2016-02-01,Six months,-0.21714821301671572,1.1504914398925432,1.107831949276794
2016-01-01,Six months,-0.0617231563618148,1.3388212042914591,1.2364391629689164
2015-12-01,Six months,0.22583052640219314,1.5970854091288234,1.5153518198747884
2015-11-01,Six months,0.5906358613219087,1.4277523491586668,1.3546306642636452
2015-10-01,Six months,0.7531215294750426,1.4707158324774916,1.4105837430214319
2015-09-01,Six months,0.46846919048255664,1.162207721996998,1.206712968100554
2015-08-01,Six months,0.8141484960316525,1.2831985131987635,1.1058682860042968
2015-07-01,Six months,0.6592368911715107,1.084797484941552,1.0808795345395694
2015-06-01,Six months,0.1796983989451384,0.943850964320327,1.017214747727757
2015-05-01,Six months,-0.39663202071349435,0.9439778092572512,1.0185339767558643
2015-04-01,Six months,-0.9803783926630727,0.9488427080865744,0.8066179135787666
2015-03-01,Six months,-0.7206489981769759,1.0111189874198467,0.8461863640160994
2015-02-01,Six months,-0.8224283945833522,1.0468302785115373,0.9076423018756996
2015-01-01,Six months,-0.41442937624192044,1.207497785516849,1.1669290115632336
2014-12-01,Six months,-0.27964790682151186,0.9197783886955921,0.6796379112855133
2014-11-01,Six months,0.63957511112962,1.2479406943227955,1.1566351963415489
2014-10-01,Six months,0.7950967613856275,1.3291820952570952,1.0733070461011796
2014-09-01,Six months,0.7548593431165651,1.423094982779113,1.3556683112361467
2014-08-01,Six months,0.9496596487225784,1.7435203587636412,1.5749881972898283
2014-07-01,Six months,1.018545199723464,1.7552866012350459,1.6112612004886229
2014-06-01,Six months,1.390833522109447,1.916278781515423,1.8767214372486407
2014-05-01,Six months,1.2651910749593043,1.704628041068098,1.4459967593012601
2014-04-01,Six months,1.7451061090308695,2.179016292377546,1.9757684900189254
2014-03-01,Six months,1.6753730016364043,1.938604000747477,1.5740919640698126
2014-02-01,Six months,2.1034138929251878,2.0355846230841546,1.9137723425588504
2014-01-01,Six months,2.114713839517268,1.9722570660013952,1.6820338435580506
2013-12-01,Six months,2.3707583874651217,2.084185576570672,1.8480156210851861
2013-11-01,Six months,1.7513168518557443,2.1072543048632952,1.744511682464145
2013-10-01,Six months,1.8495954244595492,2.1702450603092394,1.9746783221053832
2013-09-01,Six months,1.5742348794290262,1.9917062499987703,1.7465180187331786
2013-08-01,Six months,1.396693561736817,2.052567945708648,1.6117753248860112
2013-07-01,Six months,1.700997760780587,2.089289783494992,1.7548796798494637
2013-06-01,Six months,1.7057867039541597,2.0209127069594404,1.765352450176283
2013-05-01,Six months,2.3908148063090495,2.500502402471028,1.9525321860933031
2013-04-01,Six months,2.495348906400907,2.0176257144746,1.5531166838316013
2013-03-01,Six months,3.7611804926019676,2.663963942602032,2.5392335485966866
2013-02-01,Six months,3.9701139739995117,2.6232812839071675,2.3839491612509978
2013-01-01,Six months,3.810159966815685,2.4746238799242173,2.272963413649487
2012-12-01,Six months,4.146287788681691,2.8657035121012226,2.658245237367063
2012-11-01,Six months,3.042439532864072,2.5539771662797275,2.5291313972454876
2012-10-01,Six months,2.381515715078897,2.4495177898860216,2.525416638795197
2012-09-01,Six months,1.9081903978920955,2.2695404317269587,2.1179969454874437
2012-08-01,Six months,1.6175902402127074,2.2232636829663885,2.148627598838071
2012-07-01,Six months,1.6432481999122617,2.4839910659502675,2.259719024940643
2012-06-01,Six months,1.2138289679832992,2.1853448572733702,1.889795083277046
2012-05-01,Six months,2.243568384261607,2.5607967986149163,2.2827203849884015
2012-04-01,Six months,2.9119907729269645,2.893269680766189,2.3691845525229294
2012-03-01,Six months,2.4938954184535955,2.647632723880247,2.1293324912971423
2012-02-01,Six months,3.3593271153566473,2.7977611494865986,2.2514130426921852
2012-01-01,Six months,3.506732017548142,2.966267239990782,2.4666551676240545
2011-12-01,Six months,3.7715685948961797,3.0151083167550023,2.721838072823801
2011-11-01,Six months,3.3482328050938426,3.0331441078561516,2.386325485418239
2011-10-01,Six months,3.181804468924976,2.775047019461714,2.1891218666720835
2011-09-01,Six months,4.415483380342877,3.398930114496319,2.960251666995406
2011-08-01,Six months,3.493282632770933,3.127026429848125,2.784210652156771
2011-07-01,Six months,3.6420955381695874,3.2563073452444184,2.936577800290041
2011-06-01,Six months,4.597168031332299,3.8646065268054652,3.1135178074485736
2011-05-01,Six months,6.159503973308422,4.284723711118877,3.6907376051407814
2011-04-01,Six months,6.76602188817399,4.476958065349228,4.065092418797578
2011-03-01,Six months,5.934575171588552,4.1378003437892685,3.491184499323996
2011-02-01,Six months,5.561784473173148,4.270648896552021,3.484506235566487
2011-01-01,Six months,5.270992855614165,4.148666943530994,3.460820721931568
2010-12-01,Six months,3.898376722730501,3.2056928241044798,2.7724385703658205
2010-11-01,Six months,2.790328674351339,3.040785789970658,2.854063371475002
2010-10-01,Six months,2.188063630871828,2.9027478532172326,2.848650182933876
2010-09-01,Six months,2.1321853531473645,2.8388926990426393,2.7241619897358405
2010-08-01,Six months,3.0948461065080313,3.1517504568302606,3.073555592002797
2010-07-01,Six months,2.633201628748516,2.84543901568808,2.585735263616362
2010-06-01,Six months,3.492033783224291,3.3402203769517147,3.117843989096447
2010-05-01,Six months,3.7531206809044093,3.330891495373174,3.0464347861164587
2010-04-01,Six months,4.177468030410392,3.3062134296290187,2.9556470361662424
2010-03-01,Six months,4.08451276309314,3.5046442459605354,3.058574406438974
2010-02-01,Six months,3.2005991370755327,3.1176537701993983,2.76451546330605
2010-01-01,Six months,3.53404658890224,3.3355893708684263,2.9480905178449035
2009-12-01,Six months,3.093351640152786,3.0278053946499637,3.0241731480787015
2009-11-01,Six months,3.029488714481987,2.9749237273724756,2.6222665486856034
2009-10-01,Six months,3.199747862755742,3.1033178852562924,2.7252403845523743
2009-09-01,Six months,2.6138098345603877,2.780271539366183,2.523384931683248
2009-08-01,Six months,2.6455644949089363,2.9679460235863964,2.4968387280541737
2009-07-01,Six months,3.335320440932299,3.397441687498108,2.729257585667022
2009-06-01,Six months,2.6731166733568568,3.155714549831998,2.3826188760213585
2009-05-01,Six months,0.8268093449727898,2.388373933631443,1.4504087245217123
2009-04-01,Six months,-0.10489658113232991,2.1971250085941514,1.365875116443882
2009-03-01,Six months,-0.35626739275168573,2.2592274719369434,1.181549994593234
2009-02-01,Six months,0.6061407455973278,2.374531989458741,1.2678785310046292
2009-01-01,Six months,0.2827328627360792,2.162752202027389,0.9929875243161135
2008-12-01,Six months,0.9996925135464796,2.1518596270199004,0.9444882441712155
2008-11-01,Six months,3.610422627548915,3.0625691312183903,1.963572146882786
2008-10-01,Six months,4.694350323314533,3.055971981601882,1.802197929128413
2008-09-01,Six months,6.155916671596118,3.448608847937804,2.189666340552332
2008-08-01,Six months,5.703501610581685,3.51848005133348,2.046537341590615
2008-07-01,Six months,5.774679582627029,3.393741805377207,1.8076191038671974
2008-06-01,Six months,5.171310959272057,3.220555121779587,1.6273027824990294
2008-05-01,Six months,4.510742307617122,3.191063067043225,1.833705622509818
2008-04-01,Six months,4.194603648172812,2.895266486498317,1.6395524263582262
2008-03-01,Six months,4.237223631019038,2.656477243633728,1.7302793597929522
2008-02-01,Six months,3.6878850476015357,2.52557179505989,1.446727015860394
2008-01-01,Six months,3.0971499542179926,2.4794324914599177,1.6243440939475606
2007-12-01,Six months,2.5109163426275005,2.3466466551512077,1.5245410268843296
2007-11-01,Six months,2.2078634924123985,2.170735159116461,1.2378072744605007
2007-10-01,Six months,1.7549346246615638,2.1996664371517145,1.4296531421536862
2007-09-01,Six months,0.712285921733069,1.9080434041167265,0.9529616563105803
2007-08-01,Six months,1.276729264236942,2.136361819724688,1.3582949330042116
2007-07-01,Six months,1.31795875988292,2.4980530076872483,1.398376578412286
2007-06-01,Six months,1.7002438706587242,2.400953879476365,1.5694010275305148
2007-05-01,Six months,1.9915483746573814,2.5865811031341,1.6342964350025913
2007-04-01,Six months,2.4432966847531157,2.8099914385978866,1.7380021922673627
2007-03-01,Six months,2.81597245116767,2.604109108245475,1.9678828429550599
2007-02-01,Six months,2.25156697703055,2.5667584950945814,2.0551713106047753
2007-01-01,Six months,2.3884430354162767,2.6584822796798697,1.9925788628591068
2006-12-01,Six months,3.136089524208585,2.7538959710266946,2.0856588449999824
2006-11-01,Six months,3.019487222229089,2.754718664980912,1.9867211053514744
2006-10-01,Six months,3.0795389616425473,2.564811856932433,1.6912844455092557
2006-09-01,Six months,3.2917689663626293,2.5503012997282033,1.702207477169071
2006-08-01,Six months,3.3132991962138147,2.366780043751157,1.3227893183289652
2006-07-01,Six months,3.0696087252259474,2.140707255939286,1.2923866933842731
2006-06-01,Six months,2.8410529122008255,2.222507035980318,1.326521261417568
2006-05-01,Six months,2.383446414641277,2.004916278020066,1.1569190956194797
2006-04-01,Six months,1.778961314384775,1.7347897007533837,1.1476741607910235
2006-03-01,Six months,1.5521898228450848,1.814185931624826,1.1398694139014287
2006-02-01,Six months,1.6210518483375624,1.8903518649264628,1.044916767425641
2006-01-01,Six months,1.6530189277821794,1.6655306999782749,0.8783256206607692
2005-12-01,Six months,2.135097342424941,1.9943257895028577,1.2393813934699072
2005-11-01,Six months,2.1208759038712,2.0177321452508075,1.197416089015979
2005-10-01,Six months,2.293767475291908,2.1541670091038316,1.4748180738884953
2005-09-01,Six months,2.0756410869343433,1.9990126432889208,1.4384128257968198
2005-08-01,Six months,2.436525511453924,2.3183889990525066,1.8176793710154016
2005-07-01,Six months,2.2730409235073967,2.2915778816212393,1.7834815153495942
2005-06-01,Six months,1.707585434202863,1.7552406055640277,1.4343487096491359
2005-05-01,Six months,2.164050062135403,2.1585061134872756,1.8103634199090557
2005-04-01,Six months,2.4112501634731665,2.1820160343599913,1.743795464233422
2005-03-01,Six months,2.858772222219419,2.3008088051503686,1.7862823081449264
2005-02-01,Six months,2.3335699767305984,2.038635389720901,1.4898334036229643
2005-01-01,Six months,2.3617503374665727,2.12797852571616,1.6192197225115335
2004-12-01,Six months,2.315149086296997,1.9726971118379555,1.476147785096793
2004-11-01,Six months,1.6906360878600424,1.8551939790502219,1.2375534463688442
2004-10-01,Six months,1.4961255649029725,1.587289071336327,1.1445880246855555
2004-09-01,Six months,0.9728054882012227,1.4452318658337404,1.04012815125325
2004-08-01,Six months,0.958820606283628,1.579879060380941,0.9594776769731972
2004-07-01,Six months,0.8984035205607199,1.4840977346215347,0.9354491644967933
2004-06-01,Six months,1.0252047571877698,1.6836458555682834,1.1939796164583516
2004-05-01,Six months,1.2292998632493557,1.4712600282151889,1.0218480983456235
2004-04-01,Six months,0.946600542311149,1.5491473894797774,0.8711875536335123
2004-03-01,Six months,1.2306822619850166,1.5091758959085242,0.8880371685034971
2004-02-01,Six months,1.5954578092834515,1.612571477636357,1.140424396066031
2004-01-01,Six months,1.8734923115082402,1.7450085510071018,1.1630892636479206
2003-12-01,Six months,2.1582029736989083,1.8756895214175358,1.1885088721786063
2003-11-01,Six months,1.7374871622696242,1.872817694135386,1.1072435984503137
2003-10-01,Six months,1.3412756381167235,1.8553839862087622,1.0700875763450357
2003-09-01,Six months,0.9754689202477129,1.7697234599109797,1.0883164870532536
2003-08-01,Six months,0.9417260863166854,1.7515187189391082,1.0063121921409346
2003-07-01,Six months,0.9623935787521631,1.7161369700187432,1.1399247184046502
2003-06-01,Six months,0.3629337023493884,1.4441361414204055,0.6870881452841537
2003-05-01,Six months,0.9313799816276891,1.6111803047728088,1.136128295597283
2003-04-01,Six months,1.3773700552054846,1.4982391050146302,1.273276918074373
2003-03-01,Six months,1.9321330106129908,1.8851413085453537,1.5394959371887396
2003-02-01,Six months,1.8139028890916897,1.7241306378485879,1.4805310668038363
2003-01-01,Six months,1.6323463890399958,1.6103235892228773,1.3824114307789515
2002-12-01,Six months,1.9174344258881426,2.068634050239574,1.6445311993553036
2002-11-01,Six months,1.6325214185723524,1.713263681781409,1.5443718372304405
2002-10-01,Six months,1.5270942594742376,1.6918371355806747,1.653995555273302
2002-09-01,Six months,1.1116543418179026,1.6896282662019253,1.3158022017929927
2002-08-01,Six months,1.2922348585138188,1.7078929273118737,1.5826395825208062
2002-07-01,Six months,1.005834973019204,1.8756555044885341,1.4066162280415462
2002-06-01,Six months,1.3688401368519676,1.8024774222907218,1.6384227162149045
2002-05-01,Six months,1.458845497654715,1.84774425483061,1.5777606286448753
2002-04-01,Six months,1.2069074364196686,1.791027572354757,1.5345808324323418
2002-03-01,Six months,0.9232365695275968,1.9280134645124747,1.3840919483922631
2002-02-01,Six months,0.673404890696716,1.960336006389472,1.1072109112305828
2002-01-01,Six months,1.1844008950571805,2.190288728502646,1.5645555988517357
2001-12-01,Six months,-0.05652331230829866,1.9612532564307814,1.195264513340355
2001-11-01,Six months,0.2609479842071938,1.9859596202123182,1.2005476645651436
2001-10-01,Six months,1.549118413895334,2.0515209318684064,1.3277016329695357
2001-09-01,Six months,2.119202912477336,2.530657702150317,1.802055162880567
2001-08-01,Six months,2.245332914935805,2.5848932809920537,1.881235211002763
2001-07-01,Six months,2.040762290822351,2.425744905085942,1.5664946653079825
2001-06-01,Six months,2.1666175923308773,2.437064796298736,1.5983490451851212
2001-05-01,Six months,1.3550092966677862,2.281710708967008,1.3192420608265865
2001-04-01,Six months,0.8673490826886843,2.1344278181449923,1.0987915516336821
2001-03-01,Six months,0.5726429346574191,1.8724745313514135,0.8742862127685713
2001-02-01,Six months,1.3801455187002043,1.9978701492464213,1.1486539873390988
2001-01-01,Six months,0.8285913681169044,1.8940666320047885,1.0611798842563136
2000-12-01,Six months,1.2958533876845646,1.6429170531236252,0.7729956720764042
2000-11-01,Six months,2.0055785318920494,1.6304085100364736,0.7418413299532967
2000-10-01,Six months,1.5021382173342035,1.5033084659242846,0.6864078620751446
2000-09-01,Six months,1.239650320349761,1.3086144093775536,0.2618205239115934
2000-08-01,Six months,0.24744795833986366,0.9742065688093894,-0.20659600131075484
2000-07-01,Six months,0.8751660620931245,1.206184099126097,-0.04541146981877908
2000-06-01,Six months,0.29128572790952934,0.8365185195128358,-0.21565223815076529
2000-05-01,Six months,0.12027121908473326,0.7712940358546878,-0.14263274731527442
2000-04-01,Six months,0.47480046755599137,0.8229448331093177,-0.07815687777026348
2000-03-01,Six months,0.6968431594661872,1.2223056720218397,-0.008728195831608776
2000-02-01,Six months,0.938584826495692,1.1583796950949716,0.11455443304311252
2000-01-01,Six months,0.8549963405608096,1.078763202881116,-0.14011069950601307
1999-12-01,Six months,1.308447701157034,1.0726216291390291,0.1144773665157528
1999-11-01,Six months,1.0029143011671016,1.1249426570680792,0.1441262776576302
1999-10-01,Six months,0.6992965086267899,0.6914941249898159,0.11528699885861027
1999-09-01,Six months,0.5714447030219727,0.9464895632216683,0.2492512947153358
1999-08-01,Six months,0.9309095722691341,0.9419937080384246,0.3202795706702899
1999-07-01,Six months,0.7360393338039506,0.846363640605746,0.3121818958297329
1999-06-01,Six months,0.8848671896761751,1.1163251373272656,0.47504706717969025
1999-05-01,Six months,1.3244081471172953,1.1874016443150728,0.6124045011959289
1999-04-01,Six months,1.512233245079786,1.3795140516235567,0.7250978814369535
1999-03-01,Six months,1.7860995814121594,1.505349922327487,0.7769824783025348
1999-02-01,Six months,1.4974317241956525,1.5593127334025116,0.983365363065003
1999-01-01,Six months,1.8655311536065922,1.7678981432408956,1.140498510523713
1998-12-01,Six months,1.8448000167320622,1.8492004146391603,1.0757719932834808
1998-11-01,Six months,1.3295800823578174,1.613530011901183,0.9545841402510025
1998-10-01,Six months,1.619734959482222,1.7674509156705644,1.1475763109138004
1998-09-01,Six months,1.527059845991663,1.822095813206996,1.0752748057752504
1998-08-01,Six months,1.3118088448117904,1.844719214837958,0.9536435106579422
1998-07-01,Six months,1.2981920314806938,2.060544441885926,1.2518634537708406
1998-06-01,Six months,1.1931944873916578,1.9843624485497215,1.256514829610511
1998-05-01,Six months,1.326382247950475,2.0678229101169396,1.3586265467711245
1998-04-01,Six months,1.095908735711304,1.933333441460658,1.3559297362855327
1998-03-01,Six months,1.3031237910793747,2.068068915791292,1.6690720247949598
1998-02-01,Six months,1.3694143424148653,2.194250973589938,1.6413794455682362
1998-01-01,Six months,1.6003418041111273,1.9717535622189177,1.5884205179800048
1997-12-01,Six months,2.2002586022179083,2.1430181711076637,1.857318746491643
1997-11-01,Six months,2.7988329392024003,2.245372551408774,1.9794133837842454
1997-10-01,Six months,2.6027552931566555,2.116991047657331,1.7723594667818698
1997-09-01,Six months,1.9820011893058043,1.9886877114924975,1.6508430359660764
1997-08-01,Six months,1.7961812486300577,2.0672701347295455,1.8533114482623736
1997-07-01,Six months,1.3473982682596475,1.9227655730793878,1.6395439171055015
1997-06-01,Six months,1.1329970903209974,2.3028283184895826,1.670617959902665
1997-05-01,Six months,0.9830680699407512,1.7514124280170114,1.6769008496893445
1997-04-01,Six months,1.1654557517433384,2.1408184572736744,1.8197348235325705
1997-03-01,Six months,1.682114210928165,2.3537700511033997,1.940975977660897
1997-02-01,Six months,2.1740626056283796,2.3865186336644437,1.9532340732750786
1997-01-01,Six months,2.6694829765103734,2.5090695702305954,2.1021642182200484
1996-12-01,Six months,2.282274311535204,2.430726776734043,2.0129910348771984
1996-11-01,Six months,2.2185166047741234,2.3301580445808887,2.0769518222074623
1996-10-01,Six months,2.0517742244009263,2.522662072989934,2.018069312024373
1996-09-01,Six months,1.7142160845138976,2.431831995107002,2.0030415260846146
1996-08-01,Six months,1.6377936830997086,2.4126229155442416,1.8496232102773735
1996-07-01,Six months,1.60063578291052,2.608226898614738,2.0146109736178808
1996-06-01,Six months,2.1840472439201397,2.6027158682806544,2.0058340034663225
1996-05-01,Six months,2.85965679057405,2.6805336078680835,2.01182767787238
1996-04-01,Six months,2.929880152105402,2.6796216833378645,2.014503986305627
1996-03-01,Six months,2.7980502117077366,2.677269162725479,1.9606148173444415
1996-02-01,Six months,2.904474536081203,2.6906447221683605,2.1587451732304697
1996-01-01,Six months,2.8519818202335623,2.556898389929048,1.927305745542962
1995-12-01,Six months,2.5240336643211903,2.628303284569918,2.0018583034854265
1995-11-01,Six months,1.8657349034453485,2.6589785171541926,2.1218017436046344
1995-10-01,Six months,2.2036848172521495,2.745990767554784,2.1531110437298384
1995-09-01,Six months,2.262309810635066,2.651876611701236,2.268780475740506
1995-08-01,Six months,2.3931874825099175,2.6545587413430125,2.2385405837838324
1995-07-01,Six months,2.383831712752782,2.747202898101328,2.260781874645823
1995-06-01,Six months,3.2741449064391137,2.8966212659068233,2.4525720764383863
1995-05-01,Six months,3.641755797410684,2.7346983977281,2.3156122022524706
1995-04-01,Six months,3.5299992041903927,3.042757262301686,2.449912909389651
1995-03-01,Six months,3.664211910816162,2.8118173117880163,2.268111095967118
1995-02-01,Six months,2.8285034886107008,2.4516032660127474,1.892969059067906
1995-01-01,Six months,3.011792663446977,2.3290166862346977,2.127301043707841
1994-12-01,Six months,1.9428294310652738,1.7126011710262818,1.6016063998828933
1994-11-01,Six months,1.4026868521657132,1.5159089054550896,1.4081411870827676
1994-10-01,Six months,1.1557443166560377,1.3909295016494112,1.243831985298871
1994-09-01,Six months,1.437254027618362,1.4802359018048914,0.9670037043429947
1994-08-01,Six months,1.8661292710163702,1.7077217129755942,1.0973361372458967
1994-07-01,Six months,1.7390706882593143,1.7154202520955715,1.0553250943662773
1994-06-01,Six months,2.0581001393698006,2.0585476432682848,1.2816122311372746
1994-05-01,Six months,2.3079998137089053,1.8709206980764022,1.3551527444805478
1994-04-01,Six months,1.931870642294009,1.9457383283951892,1.2059338274901688
1994-03-01,Six months,1.6304916338594655,1.7778118425266562,1.5778478438368992
1994-02-01,Six months,1.9074207604607762,1.7829556838012008,1.8276721159149467
1994-01-01,Six months,1.7657958341590785,2.0718088934025567,1.8913981993438078
1993-12-01,Six months,2.0475197910667653,2.3065617828364733,2.2274782674948534
1993-11-01,Six months,1.6844257674907714,2.039485825822174,2.217046826521707
1993-10-01,Six months,2.183284166749355,2.4253700741800746,2.4366299833206817
1993-09-01,Six months,2.7079612247653095,2.8733737251377045,2.908636094109207
1993-08-01,Six months,3.035446033000966,3.1068716912808156,2.932393369714248
1993-07-01,Six months,3.519555556065823,3.2559194985618856,2.8885302108380806
1993-06-01,Six months,2.6986193521478574,2.8863125847609,2.532257374569924
1993-05-01,Six months,2.948700826076611,3.044206687224609,2.544875182560369
1993-04-01,Six months,3.048384756819722,2.9487965331179993,2.4925650695631463
1993-03-01,Six months,3.381937046091865,2.987592655607091,2.168540607169689
1993-02-01,Six months,2.795660777210962,3.00462469509943,2.185624686964638
1993-01-01,Six months,1.7298443064315716,2.256531598609689,1.7504973639269616
1992-12-01,Six months,2.176677474367117,2.57564791825355,2.005371459043226
1992-11-01,Six months,2.143869305692303,2.5754339621958326,2.27268215780434
1992-10-01,Six months,2.001680682044271,2.769067574728603,2.397323263052531
1992-09-01,Six months,1.440236488518254,2.378516157638533,1.9677040498204068
1992-08-01,Six months,1.919766820330704,2.5914364697474785,2.2798333164388174
1992-07-01,Six months,2.7326399027837844,3.273531949217669,2.8185524504345416
1992-06-01,Six months,2.86177237514762,3.1439390368289413,3.1186873299418716
1992-05-01,Six months,3.0194718276455035,3.754404734557781,3.460833946016817
1992-04-01,Six months,3.837832697286747,4.073617994668849,3.899618247955816
1992-03-01,Six months,4.534588874632783,4.757825351346263,4.956929540626254
1992-02-01,Six months,4.00897860890701,4.671597618589779,4.984393621600658
1992-01-01,Six months,4.5072395642303364,5.276489951216385,5.756662713604599
1991-12-01,Six months,4.84654973434544,5.378143510082891,5.964751749219799
1991-11-01,Six months,5.726532785437999,5.873997994231534,6.270983844957345
1991-10-01,Six months,5.632654401095505,5.977081490215181,6.494289011616727
1991-09-01,Six months,9.478774947825563,8.108006370228408,8.607809646899689
1991-08-01,Six months,9.735351593582632,7.796155817758965,8.571276241705394
1991-07-01,Six months,9.491125292459056,7.793019253684301,8.436325118458932
1991-06-01,Six months,9.542918657983247,7.67139652289238,8.523052945138666
1991-05-01,Six months,8.461766271227855,7.394953222575272,8.493130761923062
1991-04-01,Six months,7.943512915607287,7.654785882754653,8.622710578910574
1991-03-01,Six months,4.7826676057812545,6.0838828040480815,6.819161884773051
1991-02-01,Six months,6.066341567472278,6.70260568777074,7.30532710325924
1991-01-01,Six months,7.087590982766612,6.873869981354302,7.358617701599446
1990-12-01,Six months,7.247624901155314,6.675629176257283,7.522881791357161
1990-11-01,Six months,7.8898544429836015,6.849888856007322,7.518354593184062
1990-10-01,Six months,8.941300928759777,7.076404329133373,7.5514492069663985
1990-09-01,Six months,8.941883756139424,6.480843920060453,7.093826416186011
1990-08-01,Six months,8.007257002539635,6.325299577496975,6.883613865733329
1990-07-01,Six months,7.092306092846612,6.145695302169849,6.7593366421279555
1990-06-01,Six months,7.967521505535946,6.454783196999021,6.9130941384839995
1990-05-01,Six months,7.726483153545094,6.307670497845173,6.584143557894251
1990-04-01,Six months,7.331771038347501,5.832934938810867,6.2992231326353565
1990-03-01,Six months,7.273019046962226,6.166229387917994,6.480922008682444
1990-02-01,Six months,7.391621933816839,6.0188842336839095,6.268593101051434
1990-01-01,Six months,6.503045841217725,5.490882713383785,5.729534415731741
1989-12-01,Six months,5.744832832896862,5.282215385479482,5.397750187768224
1989-11-01,Six months,5.917325721101063,5.2460399065834835,5.384872247334815
1989-10-01,Six months,5.523909334063037,5.003025416368286,5.175126623674098
1989-09-01,Six months,4.717324148775415,4.768713708515676,4.894036493988985
1989-08-01,Six months,4.418662940891771,4.526983301242036,4.754836911010596
1989-07-01,Six months,4.881954357045526,4.441857441602397,4.781947767734573
1989-06-01,Six months,5.274005605915644,4.551675533859624,4.980546756709403
1989-05-01,Six months,5.152489891936196,NA,4.935716557897196
1989-04-01,Six months,5.442220055408242,NA,5.050631476122103
1989-03-01,Six months,5.644611726351023,NA,5.2334203645577615
1989-02-01,Six months,5.572554326376289,NA,5.228792187283582
1989-01-01,Six months,5.46608088253091,NA,5.362325778073673
1988-12-01,Six months,5.200937166935771,NA,5.18944554957268
1988-11-01,Six months,5.465134906211744,NA,5.2818937883484685
1988-10-01,Six months,5.03964422651646,NA,5.285857061949062
1988-09-01,Six months,4.379468401206488,NA,5.01574322641547
1988-08-01,Six months,4.3550967503097615,NA,5.096637303354323
1988-07-01,Six months,4.350396098227294,NA,5.074914293810995
1988-06-01,Six months,NA,NA,NA
1988-05-01,Six months,NA,NA,NA
1988-04-01,Six months,NA,NA,NA
1988-03-01,Six months,NA,NA,NA
1988-02-01,Six months,NA,NA,NA
1988-01-01,Six months,NA,NA,NA
2026-08-01,Three months,4.671912839332748,3.3875562604078833,2.9077186681012
2026-07-01,Three months,3.7081332974843173,3.074579994807437,3.118435301173994
2026-06-01,Three months,2.3026446211137808,2.749404410251737,2.49329160874725
2026-05-01,Three months,3.2770664443291464,2.712822121095139,2.31977743783498
2026-04-01,Three months,3.221496647246802,2.862604969836364,2.3026151528275696
2026-03-01,Three months,3.4941571584858666,3.0116352215378583,2.883104573137363
2026-02-01,Three months,3.212306624225625,2.8508444166945752,3.0659143573691816
2026-01-01,Three months,2.6365351628200306,2.7262185824798744,2.6163736530538495
2025-12-01,Three months,2.381099768870354,2.813923801208815,2.597000394106108
2025-11-01,Three months,1.17859886236662,2.220170537708399,2.2534908280853028
2025-10-01,Three months,1.8913075023369252,2.697700611843266,2.576035836812962
2025-09-01,Three months,2.4686844005184616,2.1876347942835617,2.753363783147833
2025-08-01,Three months,3.7871307843955204,2.8640825369449,3.3731395494005945
2025-07-01,Three months,3.4916364661822907,2.976767111507912,2.9032686740156466
2025-06-01,Three months,4.940601646192322,3.6884741316210556,4.207791878892486
2025-05-01,Three months,3.8190926692694305,3.184432793471626,3.8594060102300265
2025-04-01,Three months,4.048979148100917,3.5869337045599634,4.092378541809882
2025-03-01,Three months,3.7426836031452693,3.402378934152462,3.513796770651534
2025-02-01,Three months,4.279782152732947,3.642966427526861,3.282989736184927
2025-01-01,Three months,4.815612478501663,3.1718905146768326,3.9713288388101287
2024-12-01,Three months,3.9656082155001826,3.2285668455280345,3.5198150391552385
2024-11-01,Three months,3.178291138518752,3.055210201209301,3.471912616202233
2024-10-01,Three months,2.905152305690506,2.8962597087400694,3.71462849640265
2024-09-01,Three months,1.6965231395505542,2.8965832489933643,3.16074359108911
2024-08-01,Three months,2.18014838454339,2.6696428567642854,3.6038351318548045
2024-07-01,Three months,2.3151619934177248,2.61112784280062,3.25775938885311
2024-06-01,Three months,1.0015506360411042,2.933952130028429,3.298018686503812
2024-05-01,Three months,1.752286567986383,3.332956474131617,3.5231654089060482
2024-04-01,Three months,1.8986277528480588,3.425544594748069,3.404742049366871
2024-03-01,Three months,3.4264235983410885,3.354240915367933,3.0433011536651122
2024-02-01,Three months,3.486286439317965,3.2186329109356517,3.609186146104082
2024-01-01,Three months,2.041457162088589,2.801389140007309,3.0412745816494446
2023-12-01,Three months,0.6370240147308248,3.4858738429377216,3.543783070759021
2023-11-01,Three months,1.3911566853503032,3.719119077906223,3.594328010917147
2023-10-01,Three months,2.6403251253386495,3.663609881685393,3.661646155425835
2023-09-01,Three months,2.852289581976586,4.000365574345637,4.589841617871793
2023-08-01,Three months,1.3413231311464768,3.5518637466670597,3.8714744278648627
2023-07-01,Three months,2.708564481412945,4.721690868430902,5.663666672116685
2023-06-01,Three months,6.015583131494773,5.482370053918797,6.403352931348327
2023-05-01,Three months,7.557177723762165,5.7034632838600245,7.1757091396720485
2023-04-01,Three months,8.690001686755311,7.264825896049214,7.770435692540678
2023-03-01,Three months,6.667562222697732,5.46345928674533,6.181025737970325
2023-02-01,Three months,5.789129415848371,5.4548302819155,6.203403709109057
2023-01-01,Three months,4.519106195770695,4.456359814603919,5.483238577700478
2022-12-01,Three months,11.24824358823091,5.083419969647592,6.638877441930391
2022-11-01,Three months,12.18887378819893,5.819668694505504,6.958231636058332
2022-10-01,Three months,11.604991678107135,6.04521583558669,7.3294449577736565
2022-09-01,Three months,7.849773413434247,5.471711963674191,7.1171992593820566
2022-08-01,Three months,9.172356926650128,5.326160622381278,6.913645510003907
2022-07-01,Three months,9.823649472714102,5.505542724354184,5.8327829680522525
2022-06-01,Three months,14.591110347035263,4.487960937979711,5.5289147046547304
2022-05-01,Three months,14.775118427525747,5.867453219552274,5.861709814314575
2022-04-01,Three months,14.632682659430895,5.482288836220574,6.371298836226691
2022-03-01,Three months,8.635979130369487,5.648298259229922,6.975535477812356
2022-02-01,Three months,6.799565466035418,4.348262706910224,6.231813470696568
2022-01-01,Three months,8.178114755183374,4.996741677667298,6.5338481162207085
2021-12-01,Three months,9.528336056828635,5.22761830863422,6.3741659707738485
2021-11-01,Three months,8.905203094288371,4.276842543596692,5.755880248257106
2021-10-01,Three months,7.845516697967603,4.285627623518097,5.90867271065425
2021-09-01,Three months,4.933726592762677,3.679338020803708,4.212074593635462
2021-08-01,Three months,5.860165963298192,4.011260543630362,4.866693686634704
2021-07-01,Three months,5.358253903729104,3.4720361747656487,4.554957859390973
2021-06-01,Three months,5.146588516842843,3.6427625950497626,4.481416688431028
2021-05-01,Three months,3.4127905668536185,3.207251423311878,3.69629375436038
2021-04-01,Three months,0.803688927588686,2.039147228882012,1.0910859234815051
2021-03-01,Three months,2.164153436512528,2.1964396396252073,1.768775972890979
2021-02-01,Three months,2.488631594930202,2.2923866324592117,1.654599367823173
2021-01-01,Three months,2.8598383504979674,2.021369576329578,2.071817632213202
2020-12-01,Three months,0.3136551754770789,1.8143015808871148,1.4306904418539768
2020-11-01,Three months,1.128697851926752,1.811437055439578,2.2172842615777455
2020-10-01,Three months,-0.821776375822536,1.1322560458024902,0.3402019410915891
2020-09-01,Three months,2.305517938531665,1.9573554377541573,1.560586479757009
2020-08-01,Three months,1.267249787333391,2.1141005952288126,0.5153532046053622
2020-07-01,Three months,3.1181833375747203,2.7595150948100944,2.113654319719749
2020-06-01,Three months,-1.7679009055846295,1.0282280130629289,0.4841821111768674
2020-05-01,Three months,-2.9622289382074896,1.1672833350059209,-0.037911193391260145
2020-04-01,Three months,-2.140287163275767,1.617259546839829,1.2042196775484904
2020-03-01,Three months,1.6501046721311363,2.479206344599096,1.9638401796713723
2020-02-01,Three months,1.9399583226753725,1.9905080805883621,1.6462462780957088
2020-01-01,Three months,2.6451037705443436,2.2198718462821807,1.6661356920491865
2019-12-01,Three months,0.10998103612216426,1.945938423138752,1.0660321387339966
2019-11-01,Three months,0.7668344540963767,2.190114217784372,1.6437918113099137
2019-10-01,Three months,0.49641062138965353,1.839398633705937,1.5560793554002528
2019-09-01,Three months,2.3338571778396044,2.15331988718357,1.7731741872410334
2019-08-01,Three months,2.186351875900705,2.129337240396499,1.7498543000041167
2019-07-01,Three months,2.0289027261771952,2.054286068667787,1.4641648632106152
2019-06-01,Three months,2.0738698580352155,2.2874944208559085,1.4979863412554861
2019-05-01,Three months,2.0397751217707594,1.9704612506682875,1.6319393304610186
2019-04-01,Three months,1.953020949960238,1.6329953275869755,1.5169853393850463
2019-03-01,Three months,0.8073170313285694,2.054509754785708,1.4543417721225582
2019-02-01,Three months,0.9376899030882235,2.231952280556685,1.807867600598012
2019-01-01,Three months,1.3326012028285428,2.16472109648878,2.126585634128464
2018-12-01,Three months,1.7233669567426668,2.008197980543787,2.0314618850221455
2018-11-01,Three months,1.768353828797986,2.022752388854776,1.3646375904825536
2018-10-01,Three months,2.791224783398105,2.125292890336478,2.0693485642997445
2018-09-01,Three months,3.339410430940948,2.257911086218294,2.07107055378577
2018-08-01,Three months,3.3025130350417875,2.6279703847300846,2.1684346580611358
2018-07-01,Three months,2.3424615637374524,1.8216926314956046,1.470854215223416
2018-06-01,Three months,1.8687348838017037,2.0760843056019525,1.6782074850520967
2018-05-01,Three months,1.577039226610566,2.1157162869681123,1.8336060785705266
2018-04-01,Three months,0.9781677439017589,2.0124348176030633,1.6328522896094322
2018-03-01,Three months,1.5785874523330579,2.381928061069065,1.8196746074441217
2018-02-01,Three months,2.581783460425746,2.4695642781126192,1.936933389369755
2018-01-01,Three months,3.4249715129077263,2.7637711199693715,2.297183175590467
2017-12-01,Three months,2.924145456350291,2.5743408983193516,2.0584157530493252
2017-11-01,Three months,3.1388014772264716,2.9468744134737284,2.4082991505241624
2017-10-01,Three months,3.063769421353446,2.960433163670646,2.4112918143470274
2017-09-01,Three months,3.376286577980969,2.7572765567240154,2.5738777890582654
2017-08-01,Three months,2.3581311505545655,2.605499220331152,2.3987516633690253
2017-07-01,Three months,2.067024558986841,2.5996179209148296,2.3082294291765892
2017-06-01,Three months,2.0747795565229765,2.793418767797002,2.9401145658299654
2017-05-01,Three months,2.8243642915172007,2.879408398288542,2.881911632666645
2017-04-01,Three months,3.4287886392735833,3.2760346666222113,3.362378413580913
2017-03-01,Three months,3.5684077530272695,2.796777490381158,2.347652874809003
2017-02-01,Three months,4.019533263721353,2.915660367547021,2.9495744715672734
2017-01-01,Three months,3.428309027304288,2.6829333173689185,2.4221644336957837
2016-12-01,Three months,2.830878497581457,2.381426530720227,2.4093336556028078
2016-11-01,Three months,2.2324861190945233,2.5342765977809765,2.055238415521621
2016-10-01,Three months,1.5406454815896975,1.9502059168255657,1.5831152810968918
2016-09-01,Three months,2.078748979530576,2.086890277894944,1.8266154013097724
2016-08-01,Three months,2.384448938040218,2.058458762834017,1.9176178211236738
2016-07-01,Three months,2.4444853465940497,1.8653622967380292,1.977388262148061
2016-06-01,Three months,0.8738810697407562,1.2891377005496294,0.9170633934671546
2016-05-01,Three months,0.6135537264351676,1.5628641428865127,1.183946402003766
2016-04-01,Three months,-0.1085613971371635,1.279973121332751,0.8155289840301894
2016-03-01,Three months,0.4990534096980248,1.7294819749029786,1.5963158042881842
2016-02-01,Three months,-0.5632167523535458,1.272043293953585,0.89126209911774
2016-01-01,Three months,-0.20171134370303712,1.626197003018469,1.1291535619491588
2015-12-01,Three months,0.4708936710366318,2.0552937493534884,1.6798982515570993
2015-11-01,Three months,0.13012474414229036,1.7659597502484718,1.3248666811215726
2015-10-01,Three months,0.07846139399181329,1.9010264822307912,1.3438385808236752
2015-09-01,Three months,-0.018634873525624762,1.9577434370376838,1.3510716702074044
2015-08-01,Three months,1.0532649274163974,1.7740929524232196,1.3844033905180853
2015-07-01,Three months,1.4323297594440287,1.5493584368465652,1.477372863655524
2015-06-01,Three months,0.9579464004151994,1.1550388892109653,1.062559882318559
2015-05-01,Three months,0.5755978718753774,1.590864527418489,0.8280984057445151
2015-04-01,Three months,-0.10796364884240184,1.270923292102885,0.685935387823533
2015-03-01,Three months,-0.5925503724158676,1.2845551425266617,0.9718899587648044
2015-02-01,Three months,-1.3594636995801102,1.3589905493032823,1.2093292263417599
2015-01-01,Three months,-1.8451738355560576,1.2897508443363683,0.9274450898451025
2014-12-01,Three months,-0.8485825532317581,1.3568309905282785,0.7206392622651103
2014-11-01,Three months,-0.28246927216190043,1.34438637238677,0.6068546522204121
2014-10-01,Three months,1.0371701931860544,1.552602464116775,1.406981188513634
2014-09-01,Three months,0.29255130846959077,1.4035372476346921,0.6386532511330811
2014-08-01,Three months,1.570145235467435,2.2091671464627867,1.7094200948651883
2014-07-01,Three months,0.55360330966856,1.7811462646713923,0.7407308402607837
2014-06-01,Three months,1.219298430529836,2.024411018443744,2.0777918518265936
2014-05-01,Three months,0.3329645691436234,1.6106544459515506,1.4407339817331888
2014-04-01,Three months,1.4856368979803358,2.155105054281633,2.4893140702491046
2014-03-01,Three months,1.5626593120845023,2.2611016248505846,1.6760470864067845
2014-02-01,Three months,2.206079203222644,2.0860947976459805,1.451259809903882
2014-01-01,Three months,2.005238707271384,2.1029887326064283,1.4647961445241497
2013-12-01,Three months,1.7882117802307862,2.187433733733077,1.4722390766964466
2013-11-01,Three months,2.0008517092325206,2.1658413154516682,2.3783934527047634
2013-10-01,Three months,2.224306463812842,1.9738250151106858,1.899736651868067
2013-09-01,Three months,2.9566389814515537,2.2678018199871826,2.2251837580179012
2013-08-01,Three months,1.5023924564898428,2.19689836707331,1.114554628026343
2013-07-01,Three months,1.4762579171738066,2.1730647618963865,2.0496751078330044
2013-06-01,Three months,0.21039238858764353,1.9555555294807256,1.2700936145240815
2013-05-01,Three months,1.2911047358804328,2.3150177011474553,2.1114410547312
2013-04-01,Three months,1.9262353365500084,1.969851076944178,1.4609358405091255
2013-03-01,Three months,3.22349611164916,2.4082675307277936,2.2630333366585598
2013-02-01,Three months,3.502464348048173,2.4536868961351526,1.793870616173976
2013-01-01,Three months,3.067640168965746,2.493709425488337,1.6453812767055487
2012-12-01,Three months,4.301665636020702,2.5118679457117628,2.8161797442454395
2012-11-01,Three months,4.439876556140221,2.628604544327092,2.9774482726867557
2012-10-01,Three months,4.558029025105603,2.6332820266237267,2.9044203881281705
2012-09-01,Three months,3.99114140720942,2.5422544971732712,2.5005533314929274
2012-08-01,Three months,1.663700638103749,2.2504743851241282,2.082766289149207
2012-07-01,Three months,0.2503094009175477,2.2424210513771663,2.147808785201888
2012-06-01,Three months,-0.13303893351596097,2.2851109349878636,1.7368683506861604
2012-05-01,Three months,1.571500756067401,2.1555713386152493,2.2145314006367434
2012-04-01,Three months,3.0555413381538,2.7462992443484495,2.371751870361405
2012-03-01,Three months,2.5788615670433446,2.5091379810654733,2.042951689127448
2012-02-01,Three months,2.9200828788848776,2.8163479325838034,2.350954859325949
2012-01-01,Three months,2.7686401655530712,2.870833448045641,2.366617299068685
2011-12-01,Three months,2.408999647388965,2.3877281964590837,2.215786416037857
2011-11-01,Three months,3.8004459665185397,2.5077928752423144,2.15196803583686
2011-10-01,Three months,4.2501248989341045,2.7198928728923133,2.5667907982762195
2011-09-01,Three months,5.152266751194623,3.3083853264896295,3.230395098773542
2011-08-01,Three months,2.8979897387054754,2.969311589257981,2.6212205987885095
2011-07-01,Three months,2.1244318295518427,2.688134805557869,1.8128435783822283
2011-06-01,Three months,3.683862520508119,2.560045490693178,2.6908151730689056
2011-05-01,Three months,4.09201945835167,3.0564857278817277,2.9474595774946932
2011-04-01,Three months,5.182313136108374,3.5083271075545204,4.072714962309321
2011-03-01,Three months,5.518518448430476,4.934764369485167,3.537960397994855
2011-02-01,Three months,8.268053040973689,5.328274527495218,4.439382081154353
2011-01-01,Three months,8.373576221655155,4.90282847408906,4.057470433579846
2010-12-01,Three months,6.352272395385117,3.25653173025984,3.4444297328513285
2010-11-01,Three months,2.923161802341845,3.053424463755091,2.538360697093789
2010-10-01,Three months,2.2572320963269332,2.9994257783327147,2.8675921089985623
2010-09-01,Three months,1.5011004700153707,2.834053761518908,2.1048127673649386
2010-08-01,Three months,2.6576669814351694,3.0347265038752007,3.1707380545556108
2010-07-01,Three months,2.1189419520988517,2.6292710581894005,2.8297117448148112
2010-06-01,Three months,2.767194017675556,2.723126860772257,3.347268071835985
2010-05-01,Three months,3.5338870076470963,2.7796381149602145,2.976464671210821
2010-04-01,Three months,3.1500510601486065,3.12740542266525,2.3423376474401847
2010-03-01,Three months,4.2219860040730195,3.6599160805388378,2.8889292126087707
2010-02-01,Three months,3.9728185828783458,3.6490183475183358,3.1164524440893127
2010-01-01,Three months,5.215118496632054,3.7293310665702823,3.5726318188196826
2009-12-01,Three months,3.9472208551765364,3.1114254518335835,3.2284993144426233
2009-11-01,Three months,2.4341150640423415,2.4638224300902185,2.4137796452422977
2009-10-01,Three months,1.8798339652690732,2.8135807368797625,2.327315190851631
2009-09-01,Three months,2.2464964908286422,2.5163176054674943,2.820251416367414
2009-08-01,Three months,3.628322831031139,2.817079990498112,2.8311778753760564
2009-07-01,Three months,4.536762030521402,2.771050229100638,3.1247130092541875
2009-06-01,Three months,2.9824427256322172,2.824506976108226,2.227375571043333
2009-05-01,Three months,1.6721261392789177,2.6931381324281456,2.163586631058312
2009-04-01,Three months,2.14768702623942,2.9934500752024538,2.335318626829075
2009-03-01,Three months,2.364719736803367,2.9140425524134113,2.538097934716199
2009-02-01,Three months,-0.011479362975030938,2.068067923185197,0.7422093308108835
2009-01-01,Three months,-2.307805711715394,1.6509327690081166,0.4056153437207666
2008-12-01,Three months,-3.0049271523081567,1.5911731518924215,-0.15705122766659363
2008-11-01,Three months,1.227575838090611,2.9112973173992764,1.7962906540493595
2008-10-01,Three months,2.9419656676182626,3.1963804748566838,1.5837958282533426
2008-09-01,Three months,5.169650254803471,3.314146955715342,2.058180694491063
2008-08-01,Three months,6.049360445316654,3.5337573311690904,2.1311285328155405
2008-07-01,Three months,6.476565883847352,3.498043326676322,2.0210695879410823
2008-06-01,Three months,7.15143215827283,3.896216315485426,2.3213213848431336
2008-05-01,Three months,5.358770725445439,3.725361412974844,1.9620162139176278
2008-04-01,Three months,5.077420068303451,3.428704144796183,1.5946152050853257
2008-03-01,Three months,3.22778171134237,2.7748472672620665,0.9379915257392124
2008-02-01,Three months,3.6695396356901,2.9433217822656217,1.7055564991514283
2008-01-01,Three months,3.319204281402932,2.9339168998860137,1.6845095242146613
2007-12-01,Three months,5.256536662641542,3.3184299848279895,2.528786061514743
2007-11-01,Three months,3.70623370592591,2.5890766122712225,1.1885562252084814
2007-10-01,Three months,2.8755728676832515,2.589021157034053,1.5642142627999123
2007-09-01,Three months,-0.16308437844578805,1.9639110432680487,0.5301323331326158
2007-08-01,Three months,0.7311420575354832,2.164215740484185,1.2870822954534011
2007-07-01,Three months,0.6465036533635837,2.0808905492339584,1.295270299804785
2007-06-01,Three months,1.5953314706681043,2.819583639602051,1.3775693978830494
2007-05-01,Three months,1.8252715193378677,2.8879390520661574,1.4295576385362718
2007-04-01,Three months,1.9938934254898344,3.161120374744143,1.5015878066848343
2007-03-01,Three months,1.8052646084195212,2.646798703298266,1.761595650435277
2007-02-01,Three months,2.158096753854988,2.8240276692067274,1.8394485032582564
2007-01-01,Three months,2.894680094814195,2.8796367084586816,1.9749672269866458
2006-12-01,Three months,3.836714454205281,3.1455097814716724,2.174588212936812
2006-11-01,Three months,2.345122721402171,2.875465569864329,2.2713510757441213
2006-10-01,Three months,1.8846966388989195,3.096045562516971,2.0101935403575633
2006-09-01,Three months,2.440191971181771,2.9888643522288154,1.9968068782313164
2006-08-01,Three months,3.6982951930317975,3.0236066700486735,1.7028832846586184
2006-07-01,Three months,4.288393675091728,2.747245783472886,1.3733723393661634
2006-06-01,Three months,4.150425051935369,2.6972167577116397,1.408458973402138
2006-05-01,Three months,2.929732556718334,2.434398146465466,0.9441158763598079
2006-04-01,Three months,1.8650673234835047,2.2965408909155345,1.2114657456037348
2006-03-01,Three months,1.5481421109529547,2.4534365881246316,1.2446497548433744
2006-02-01,Three months,1.840059615073053,2.419310061884235,1.37017093151941
2006-01-01,Three months,1.6929280902455712,2.2985159246103932,1.0839227825523823
2005-12-01,Three months,1.5562376960791102,2.2987134448783797,1.0351975124659463
2005-11-01,Three months,1.4025150593496072,2.067790231482815,0.7207062068918413
2005-10-01,Three months,1.6131254275804752,1.992633742537996,0.6731466280667009
2005-09-01,Three months,2.717256426577541,2.5071649864577283,1.4439779134184594
2005-08-01,Three months,2.8443257967525337,2.5738422601889313,1.6763822332362732
2005-07-01,Three months,2.978968713513175,2.8397608270895063,2.282873318454781
2005-06-01,Three months,1.4380335475223882,2.397129897154543,1.4328480434687707
2005-05-01,Three months,2.03034224363674,2.7529888984970885,1.9591728659101193
2005-04-01,Three months,1.5719523162098348,2.069996320958247,1.2865279716021805
2005-03-01,Three months,1.977853602706614,2.075166452580703,1.4358493980313858
2005-02-01,Three months,2.2979331008708304,2.135852534206003,1.6617711613429398
2005-01-01,Three months,3.257483201607192,2.7529194445911687,2.2031273336776014
2004-12-01,Three months,3.7473005097805823,2.85294356360827,2.1379258674048662
2004-11-01,Three months,2.369219267180589,2.3298701989920447,1.3181864395040543
2004-10-01,Three months,1.4737877320909698,2.180186176355509,1.0386480963320954
2004-09-01,Three months,0.9027674080473114,1.8262931086803533,0.8186575344291347
2004-08-01,Three months,1.0165510881148698,2.149809093162293,1.1569846241372916
2004-07-01,Three months,1.5184683150318845,1.751375138564545,1.2506390320036864
2004-06-01,Three months,1.0428921828063542,1.910564294434936,1.2620852775719005
2004-05-01,Three months,0.9011231171500933,2.1245896185153947,0.7623563580910542
2004-04-01,Three months,0.2821260207141352,1.9818325016104614,0.6212404725511655
2004-03-01,Three months,1.0075204277297134,1.8631611888397337,1.1259197610485439
2004-02-01,Three months,1.5585439906953713,2.1066705267631924,1.2820081036715836
2004-01-01,Three months,1.6154779062427904,2.0107323728569346,1.121755513002065
2003-12-01,Three months,1.4543371407587102,1.911094124609122,0.6507141568055319
2003-11-01,Three months,1.632385045058804,1.978127553794512,0.9990386105458882
2003-10-01,Three months,2.132161847612868,2.3957326504989287,1.2044399095596958
2003-09-01,Three months,2.8669520587970565,2.517418004903452,1.7291771206240814
2003-08-01,Three months,1.8426979697865553,2.036862264554003,1.2155645114126923
2003-07-01,Three months,0.5565138558828453,2.2213904397265805,0.9359136004184254
2003-06-01,Three months,-0.8812342584426869,2.0527113615105845,0.4514930664362593
2003-05-01,Three months,0.04872483158098184,2.170855325621961,0.7974924795866256
2003-04-01,Three months,1.3699115679367324,2.0426420321808574,1.3443481825497594
2003-03-01,Three months,1.62271882607814,2.227275664087307,0.9232357797932966
2003-02-01,Three months,1.8218221386074873,2.1482233288664334,1.475901780939437
2003-01-01,Three months,1.3848290912468197,1.9087665026682108,1.202255494806037
2002-12-01,Three months,2.2424892791493622,2.1234806714339256,2.1595191188140017
2002-11-01,Three months,1.805984255499915,2.171850360930207,1.4851605638542154
2002-10-01,Three months,1.8804679667166813,2.311551828172532,1.562888072660229
2002-09-01,Three months,1.5934130046019623,2.3680279864036313,1.132139342989702
2002-08-01,Three months,1.4593541375103047,1.992225419212843,1.6036176572820082
2002-07-01,Three months,1.174946233458729,1.9183306201844348,1.74518476629677
2002-06-01,Three months,0.6321801914083158,2.1478821847276004,1.499798604867486
2002-05-01,Three months,1.1253908508675359,2.1184433440592674,1.561665839097759
2002-04-01,Three months,0.8370063776018011,1.8847727353736374,1.0691743146518107
2002-03-01,Three months,2.110892670175457,2.6141904146850936,1.7772361544822868
2002-02-01,Three months,1.793399690268438,2.594975006115219,1.5938579687828192
2002-01-01,Three months,1.578165405743226,2.6606802623947123,2.0021304688072394
2001-12-01,Three months,-0.25060585290708204,2.2556426054977248,0.9924663762583608
2001-11-01,Three months,-0.4342670239444901,2.3002219638852366,0.6228949528546135
2001-10-01,Three months,0.7921627999078806,2.4559567717814264,1.128857863873134
2001-09-01,Three months,0.1379368549706994,2.5164015516008664,1.3984698796532413
2001-08-01,Three months,0.9610173121445742,2.54653096884913,1.7815165465717042
2001-07-01,Three months,2.3117588131442046,2.5613953993405274,1.526936376960153
2001-06-01,Three months,4.139669050531936,3.1092490566232254,2.2072467926438577
2001-05-01,Three months,3.545986175681448,2.5536626403441307,1.9810515730548595
2001-04-01,Three months,1.7704835659068552,2.9228776476799574,1.606068366887281
2001-03-01,Three months,0.2309479703906936,2.285493640214619,0.9930787945869213
2001-02-01,Three months,-0.7896077005032587,2.428345824484555,0.6617273839988336
2001-01-01,Three months,-0.02777077913637127,2.28721963352858,0.5940473584116646
2000-12-01,Three months,0.9155027631797763,2.435552965459814,0.7556333601045573
2000-11-01,Three months,3.5973517206318473,2.84127324036328,1.6379359795963166
2000-10-01,Three months,1.6922891137954643,2.418595264206511,1.5304816517452302
2000-09-01,Three months,1.677637554049638,2.418020697439908,0.7903609759392971
2000-08-01,Three months,0.4382629363465451,1.823288556700106,-0.14635286782218593
2000-07-01,Three months,1.3123428774617585,2.2217116653655706,-0.1506487190600203
2000-06-01,Three months,0.803549763223943,1.558806217072392,-0.26394828401511417
2000-05-01,Three months,0.05699549512352409,1.4495000716930186,-0.26680278925524936
2000-04-01,Three months,0.4398757253357699,1.8744400748526322,0.059936695302154064
2000-03-01,Three months,-0.2183750812041363,1.7864572233142155,-0.1673328054768719
2000-02-01,Three months,0.18358695841151906,2.1194403673633517,-0.018308110919795784
2000-01-01,Three months,0.5097373537340966,1.877288191046028,-0.2160598667232394
1999-12-01,Three months,1.6204559760791382,2.0226350824961394,0.15012838967392028
1999-11-01,Three months,1.6992724667084014,1.9795208749870568,0.2475935338860591
1999-10-01,Three months,1.2014413196218987,1.767573107962275,-0.06410372462964942
1999-09-01,Three months,0.9973973944184644,1.3617459534654313,0.07883903425940364
1999-08-01,Three months,0.311324259162582,1.9484046874317842,0.04076581175429528
1999-07-01,Three months,0.19964325711858688,1.4945676237982153,0.29499973908828636
1999-06-01,Three months,0.14728845093963105,2.046439588519702,0.41995372978547163
1999-05-01,Three months,1.5543218307684903,1.644275863155837,0.6005742906353584
1999-04-01,Three months,1.2753068852942917,1.255150547878228,0.3293669961527357
1999-03-01,Three months,1.6278781513340723,1.9575557149663423,0.5301706303975973
1999-02-01,Three months,1.0950149760447614,1.9737316584096192,0.6242361029402232
1999-01-01,Three months,1.7497138771917387,2.0963435208405845,1.1223896550060397
1998-12-01,Three months,1.9445673417431752,2.0543253042572927,1.0244002745300351
1998-11-01,Three months,1.9014503242205771,2.01388335862128,1.3437763603783237
1998-10-01,Three months,1.9814802597928338,2.329208114984414,1.1586106089497505
1998-09-01,Three months,1.745130328303235,2.493203951383351,1.1271698349684112
1998-08-01,Three months,0.7609191723788378,2.0581447949305005,0.5668865415957347
1998-07-01,Three months,1.2592728300175215,2.4776026735070378,1.1365432164900602
1998-06-01,Three months,1.3094567544544633,2.0417714939760296,1.0234064073486815
1998-05-01,Three months,1.865710393611919,2.4041215265849725,1.341887857506796
1998-04-01,Three months,1.3371261916158117,2.4762164261012938,1.3673151841470332
1998-03-01,Three months,1.0770656423723102,2.730765171809754,1.4901611424312122
1998-02-01,Three months,0.7899095759079211,2.642994791924464,1.3753680007729807
1998-01-01,Three months,0.8552654608914523,2.1838541904555013,1.3445455672229656
1997-12-01,Three months,1.5296875172512658,2.385033285765663,1.8482982983598406
1997-11-01,Three months,1.9522510473651389,2.590952022636652,1.9080889109000188
1997-10-01,Three months,2.350922458431337,2.6778335738969297,1.8328823280619577
1997-09-01,Three months,2.8752585945415854,2.336317912977268,1.8663399935418212
1997-08-01,Three months,3.6524446012726086,2.8456568894410608,2.0507877759680992
1997-07-01,Three months,2.855207758610412,2.4735125375465743,1.7118725763655585
1997-06-01,Three months,1.0964998646176172,2.2500983114653135,1.435801959486338
1997-05-01,Three months,-0.02683914821317579,2.232849477483509,1.656217252834602
1997-04-01,Three months,-0.13830743650030675,2.103707058241307,1.5672666917126987
1997-03-01,Three months,1.1695074920243798,2.9887673225564613,1.9059775411158109
1997-02-01,Three months,2.003177152080915,2.217856887294435,1.697588654955462
1997-01-01,Three months,2.486240466534184,2.4398290249584806,2.0728305212962983
1996-12-01,Three months,2.197318210917709,2.820448342302366,1.9759864340166855
1996-11-01,Three months,2.345234342790259,2.938389452854655,2.2095221280699517
1996-10-01,Three months,2.8530531189307373,2.705004119512029,2.1315063450635607
1996-09-01,Three months,2.3673010357186275,2.9144543862218946,2.0500090638057467
1996-08-01,Three months,2.0919557610699746,2.8062612616716414,1.944553465940646
1996-07-01,Three months,1.2567377101150745,2.727333877859148,1.9047582730190138
1996-06-01,Three months,1.0652976977215678,2.6618097091804067,1.9560956047221412
1996-05-01,Three months,1.1856519718814296,2.4198001821315422,1.7547813531908707
1996-04-01,Three months,1.9457018361005884,2.8932216086238016,2.124582094750105
1996-03-01,Three months,3.3151808682902573,2.938968400962059,2.0555966666577996
1996-02-01,Three months,4.561356169497266,3.333965986502792,2.2695233362966416
1996-01-01,Three months,3.923559672577359,2.9431747203094476,1.9045445289215701
1995-12-01,Three months,2.283507985148092,2.544228786613705,1.8657213664333927
1995-11-01,Three months,1.2738478867980962,2.823763734961615,2.0480870048704913
1995-10-01,Three months,1.7914532342664158,2.8970028344481844,1.9500720460690069
1995-09-01,Three months,2.765124953762066,3.221519572463204,2.1381771787339465
1995-08-01,Three months,2.4610811570801916,2.499981768451462,2.1955697303992494
1995-07-01,Three months,2.6175858417540443,3.2045816194451446,2.3565544043670172
1995-06-01,Three months,1.7619548705027466,2.659284996143913,2.3995507741726207
1995-05-01,Three months,2.3253387962513195,2.45088070594467,2.281529505410007
1995-04-01,Three months,2.150610055767621,2.52903013267278,2.165098956943168
1995-03-01,Three months,4.8088061960744,3.2104519111452516,2.5056208325208162
1995-02-01,Three months,4.975108522813199,3.2035810808919294,2.3497062562797266
1995-01-01,Three months,4.92801491217798,3.013766798041211,2.7355208608469628
1994-12-01,Three months,2.532117491985164,2.6214331680025866,2.031151679234977
1994-11-01,Three months,0.7257937476611076,2.1912617917273725,1.4382700588861264
1994-10-01,Three months,1.1305649555886532,2.1279559276618465,1.522682039051726
1994-09-01,Three months,1.3569282154309636,1.8482803506545897,1.17386948144782
1994-08-01,Three months,2.0841287843128997,2.2761302697332706,1.3780212640608802
1994-07-01,Three months,1.1809299468491519,1.6682076808060342,0.9657478426795096
1994-06-01,Three months,1.5176434983659393,2.0929069709012933,0.7605608966269717
1994-05-01,Three months,1.6485952932380643,1.760926897159198,0.8174281427859809
1994-04-01,Three months,2.30029028145895,2.0287053142764937,1.1449818193812522
1994-03-01,Three months,2.601434047523865,2.6726354555937215,1.805358017631331
1994-02-01,Three months,2.9716819567122466,2.4354835734550906,1.8957453795359847
1994-01-01,Three months,1.5647778129567858,1.8155276743139919,1.2669225665097095
1993-12-01,Three months,0.6687374852460959,2.1305108400782116,1.3508460998558514
1993-11-01,Three months,0.8541592086972027,2.283924467765771,1.7596443298474096
1993-10-01,Three months,1.9672117122338184,2.904683506001967,2.519724742288676
1993-09-01,Three months,3.445186218158214,3.396195953048659,3.111692847979053
1993-08-01,Three months,2.5215273697179574,2.6439965780752273,2.676505315483979
1993-07-01,Three months,2.3998144871299365,3.0794715880896275,2.3536025746989875
1993-06-01,Three months,1.9759902283030817,2.9245422371861607,2.7059792177329456
1993-05-01,Three months,3.5519408614976156,3.6681238710206348,3.1889191423407626
1993-04-01,Three months,4.6515409837219135,4.029664440221269,3.4262535236188496
1993-03-01,Three months,3.4263692191152773,3.6703516661356224,2.358829372904925
1993-02-01,Three months,2.3489749550189787,3.5322958949712273,1.9048509627440646
1993-01-01,Three months,1.4697872689833469,2.8382879038637787,1.5673055597989816
1992-12-01,Three months,3.337523961218092,2.84086003846573,1.9786055951319659
1992-11-01,Three months,3.2442960886268635,3.1327900575707845,2.4671720140457376
1992-10-01,Three months,1.99056784436773,2.739503641415333,1.9340195818323913
1992-09-01,Three months,1.0288714060822102,2.891540874620511,2.032144348069864
1992-08-01,Three months,1.055171394477239,2.8911426494708676,2.078561456907413
1992-07-01,Three months,2.0127947305696336,3.4978284742280072,2.862732721145922
1992-06-01,Three months,1.8532765498854964,2.701716578546751,1.9033044500397
1992-05-01,Three months,2.7917594455564076,3.124851422614267,2.4815020307148217
1992-04-01,Three months,3.4575646052012354,3.1773284877867622,2.7743911554617418
1992-03-01,Three months,3.8802537783314994,4.2373217238723715,4.34856586877026
1992-02-01,Three months,3.2476886560951934,4.3413722414652165,4.449524535629035
1992-01-01,Three months,4.219498500814711,4.323483978273484,5.037164907566227
1991-12-01,Three months,5.1930455859926505,4.49908893249967,5.568840039926948
1991-11-01,Three months,4.775881882460387,4.270046375485771,5.522001685470013
1991-10-01,Three months,4.795775055951279,5.367571384264733,6.481089033215692
1991-09-01,Three months,4.5011952069610395,5.682127271931374,6.362148234527032
1991-08-01,Three months,6.685809119412567,5.973371838131065,7.025282187480064
1991-07-01,Three months,6.476216907254151,6.112612822375445,6.507490626359358
1991-06-01,Three months,14.693445757625634,8.980892516005657,10.90088449781903
1991-05-01,Three months,12.872063199041284,8.097113819550735,10.139602380152724
1991-04-01,Three months,12.59140177990501,8.919681249978963,10.400090510498416
1991-03-01,Three months,4.623685763767393,5.238237381020651,6.196204600739463
1991-02-01,Three months,4.22379470400589,6.311937441168562,6.871272168718456
1991-01-01,Three months,3.4874936839223603,5.960906629761527,6.873945473692933
1990-12-01,Three months,4.941891030051626,6.059919133613081,7.44577349693627
1990-11-01,Three months,7.941462364306928,6.44691226815624,7.741144940798894
1990-10-01,Three months,10.812927574783204,6.6144099049884915,7.845487913003812
1990-09-01,Three months,9.60401927239085,5.9135072173219365,7.600045422427204
1990-08-01,Three months,7.838271195937274,6.073864995674246,7.296024938083923
1990-07-01,Three months,7.101285994282658,6.018739871777889,7.258212191962299
1990-06-01,Three months,8.283748307082583,6.226631643550705,6.589988985912276
1990-05-01,Three months,8.176507614971262,6.037498052617861,6.4727879676024225
1990-04-01,Three months,7.083326944329982,5.172710359552437,6.262781444359322
1990-03-01,Three months,7.652218197972349,5.830117182330364,7.237178716427772
1990-02-01,Three months,7.278330836268743,6.010921284070359,6.695615610502159
1990-01-01,Three months,7.580791547663446,5.784581282663501,6.335677318199906
1989-12-01,Three months,6.895155604575076,5.311929862324301,5.729998565154326
1989-11-01,Three months,7.505032672234457,5.333024974683165,5.84327964236655
1989-10-01,Three months,5.436097004650486,4.982794702481098,5.126846696203824
1989-09-01,Three months,4.6068889428578785,4.71025100546123,5.066545875318962
1989-08-01,Three months,4.353067098850638,4.909462116992825,4.928450215384483
1989-07-01,Three months,5.611794797870884,4.782100049326378,5.2234287238953625
1989-06-01,Three months,4.827875942948534,4.4187061112319945,4.721810356829659
1989-05-01,Three months,4.484300016167442,3.845112089355296,4.5815108650437475
1989-04-01,Three months,4.157157548610635,3.9402616105504107,4.34231911231151
1989-03-01,Three months,5.7220339210723115,4.712538330957276,5.239922417163401
1989-02-01,Three months,5.824952923671978,NA,5.2911219051811065
1989-01-01,Three months,6.743137311751957,NA,5.763752113402121
1988-12-01,Three months,5.567246229330425,NA,5.226918713669293
1988-11-01,Three months,5.320757714247182,NA,5.16649936702438
1988-10-01,Three months,4.20430293551004,NA,4.962423056454823
1988-09-01,Three months,4.835899164779933,NA,5.1519857303314875
1988-08-01,Three months,5.6097100152253,NA,5.397414826727975
1988-07-01,Three months,5.881681930749627,NA,5.610287705600681
1988-06-01,Three months,3.9250248294595336,NA,4.8796772481232376
1988-05-01,Three months,3.115387933520042,NA,4.796718122841459
1988-04-01,Three months,2.8412560822250965,NA,4.542254866579842
1988-03-01,Three months,NA,NA,NA
1988-02-01,Three months,NA,NA,NA
1988-01-01,Three months,NA,NA,NA
2026-08-01,One month,5.162904277029878,3.671414180700334,2.5151858826560014
2026-07-01,One month,6.368650216811855,3.192393908538958,3.1407738742929014
2026-06-01,One month,2.5213373423649488,3.046129966426664,3.0683355144582425
2026-05-01,One month,2.28466820217188,2.8770459673455715,3.1462148495450926
2026-04-01,One month,2.102359628070727,2.6075723143467413,1.2762855902171744
2026-03-01,One month,5.478843793724497,2.9643699098298133,2.545758158311595
2026-02-01,One month,2.119649558499792,2.8430704459477014,3.0943208401594813
2026-01-01,One month,2.9136116911847365,1.9680025597575483,3.010083809834674
2025-12-01,One month,4.619421977148241,3.238130863676223,3.0933611170418374
2025-11-01,One month,0.42013749977047876,2.2420137216789104,1.7512023540926958
2025-10-01,One month,2.147147494118906,3.6020333785206082,2.9517520577744705
2025-09-01,One month,0.976177869682604,1.5016083582095965,2.0613099390922596
2025-08-01,One month,2.557218760946922,3.2918087880731886,2.7171246500712565
2025-07-01,One month,3.893485931317553,2.9821420350485015,3.486608016469206
2025-06-01,One month,4.924272038171362,3.831260025392757,3.9192762254539604
2025-05-01,One month,1.6837325704763373,3.441119731829838,1.322814474955658
2025-04-01,One month,8.318641546905203,3.5757176412709106,7.472468034552859
2025-03-01,One month,1.5960919684357089,3.1888293733160853,2.8804929000448176
2025-02-01,One month,2.3607038380685896,2.8157395884807648,2.0061928137523832
2025-01-01,One month,7.364861508972731,3.035874202577845,5.690302278100545
2024-12-01,One month,3.182231013852843,2.770525253979614,2.193841392853302
2024-11-01,One month,3.946733685617154,2.7272146803854,4.0593046879771055
2024-10-01,One month,4.77395423306064,3.417993877665351,4.319336976977284
2024-09-01,One month,0.8557841433257662,2.9032685287448103,2.0520404909437406
2024-08-01,One month,3.123397834593211,3.2875083780445804,4.79330496420598
2024-07-01,One month,1.1254090222606594,2.4089165527488903,2.656903846377512
2024-06-01,One month,2.3015188425659083,3.2593866857257874,3.3726851209183284
2024-05-01,One month,3.5327180608434094,3.4818207349144035,3.746661886420788
2024-04-01,One month,-2.7198062789100974,2.6252287968168018,2.7770257566718914
2024-03-01,One month,4.5997122399898505,3.5732366728714977,4.050087826602988
2024-02-01,One month,3.98006628445311,3.567247717991943,3.391031940695388
2024-01-01,One month,1.7217779634981278,2.69714514239148,1.703048171354471
2023-12-01,One month,4.781443193268697,3.2877571989933174,5.773761147104461
2023-11-01,One month,-0.314581392999036,3.1021960317225186,1.7001865111535786
2023-10-01,One month,-2.4207796289974604,4.019766783595569,3.1982631443085774
2023-09-01,One month,7.154706700729263,4.18364317351501,5.928737288769237
2023-08-01,One month,3.4154583973164954,3.9448087232546043,1.8985772286966185
2023-07-01,One month,-1.8149923033874416,3.914550802330688,5.995298075786981
2023-06-01,One month,2.5012285667848078,3.9761482444571596,3.7610047291143367
2023-05-01,One month,7.65785648036994,5.197453790296627,7.264561757555366
2023-04-01,One month,7.977761574012954,5.572260575343466,8.236940876639354
2023-03-01,One month,7.0380392706530515,4.713259338243709,6.036973906994203
2023-02-01,One month,11.095462499819497,6.267663561093425,9.06014765817642
2023-01-01,One month,2.0616636361064478,3.842402119186525,3.5183503734587562
2022-12-01,One month,4.415305855288132,4.37796485807127,6.1040308728103065
2022-11-01,One month,7.142124421790008,4.824085958643565,6.856547920633949
2022-10-01,One month,23.070813302708704,5.668957160229261,6.958097983096878
2022-09-01,One month,7.08633153074425,4.535990665192417,7.060145893089631
2022-08-01,One month,5.477966022650582,5.23396822097871,7.9729949976956815
2022-07-01,One month,11.061087920514833,4.481931753529243,6.324817895863699
2022-06-01,One month,11.074505727066363,4.8402827104627075,6.450968979553773
2022-05-01,One month,7.377008718957256,4.932052192863371,4.731273091540289
2022-04-01,One month,26.161572112617336,4.449145314087706,5.411601959112389
2022-03-01,One month,11.610448977689503,5.0656489488089065,7.461257004840571
2022-02-01,One month,6.977740448941372,3.7373559187808323,6.25100748824321
2022-01-01,One month,7.379845104693783,4.874561228759949,7.218180783882433
2021-12-01,One month,6.045504678558555,4.208123637349292,5.235506364989639
2021-11-01,One month,11.173989178138765,4.886425176362739,7.159854251176001
2021-10-01,One month,11.451012219162827,4.196245866739651,6.736779424139949
2021-09-01,One month,4.2458275185040195,2.904999839471099,3.411149163651861
2021-08-01,One month,7.960177081721498,4.193426033226117,7.624988241391151
2021-07-01,One month,2.665143920304658,2.4961363712246767,1.688922065874765
2021-06-01,One month,7.031374586982975,4.159990846496268,5.372180148489303
2021-05-01,One month,6.431839942229267,4.030592565081991,6.668032498588716
2021-04-01,One month,2.047621453463,2.8207264554734413,1.4744971241226645
2021-03-01,One month,1.8235691968587986,2.1808105996295963,3.0145360325123383
2021-02-01,One month,-1.4224378566541573,2.6645694619926927,-1.17128087577979
2021-01-01,One month,6.235393793848387,2.3760870929002147,3.528989629393875
2020-12-01,One month,2.7968431665843285,2.7936796222449165,2.66820213165071
2020-11-01,One month,-0.347430242566904,1.3071664751058485,0.05058052211577291
2020-10-01,One month,-1.4601525643459068,2.2765381100231568,1.5903778005488478
2020-09-01,One month,5.322911916476336,2.287419218565189,5.07534548864399
2020-08-01,One month,-6.002948060108726,1.765837506643775,-5.360702006676044
2020-07-01,One month,8.158357779645264,4.531977574494845,5.342413329697471
2020-06-01,One month,2.1486730400188225,2.1629131316459915,1.864400952502887
2020-05-01,One month,-0.7540150640482413,2.2077576595411372,-0.7739378700990063
2020-04-01,One month,-6.4993569008305325,1.9447409503016806,0.37947361220207476
2020-03-01,One month,-1.5320508134819333,2.390543574740148,0.2848426479766797
2020-02-01,One month,1.7893451078380807,2.497491961749917,2.9711707640855956
2020-01-01,One month,4.791553207056398,2.6810912520757966,2.6567717109025946
2019-12-01,One month,-0.6873072583022499,1.7885879726856557,-0.6493341863225366
2019-11-01,One month,3.9163010569141177,3.697309777534745,3.0316285897376005
2019-10-01,One month,-2.7826675107943344,1.8463342494684145,0.8496279102567561
2019-09-01,One month,1.2804137629788936,2.0361741399906514,1.0642853014900755
2019-08-01,One month,3.081916489919001,2.630959156185118,2.7651284698216427
2019-07-01,One month,2.647902744795738,2.0894184605446635,1.4977654363523385
2019-06-01,One month,0.8430841752392393,2.462800385754734,0.9948288528413451
2019-05-01,One month,2.6061631680984076,2.2026104967177074,1.9019363943529877
2019-04-01,One month,2.783682399295029,2.7600697446855404,1.5992973076764505
2019-03-01,One month,0.7420670376334204,1.8200515273078919,1.395223639404053
2019-02-01,One month,2.3446784643062824,2.0654160809989284,1.5565492109426815
2019-01-01,One month,-0.6426395904773452,2.7005652986027995,1.411330265424482
2018-12-01,One month,1.133438211290061,2.7033571851719675,2.4588809234681763
2018-11-01,One month,3.5506325060640442,2.394556757100931,2.5133320389037372
2018-10-01,One month,0.5112447634747719,1.4792690992860626,1.1282215084447378
2018-09-01,One month,1.2676754930459389,2.083598981762337,0.46312808997832633
2018-08-01,One month,6.70447410823336,2.940276075634806,4.666321909872639
2018-07-01,One month,2.127915436690464,1.6525705564527986,1.133339930612265
2018-06-01,One month,1.1592411735535935,2.4266525263699257,0.7508933448703736
2018-05-01,One month,3.757033194992765,2.0949738097105874,2.537020477233387
2018-04-01,One month,0.7162691874069926,2.5344982574075074,1.7545984321261088
2018-03-01,One month,0.2927349309447713,2.463946519599344,1.2135437451094688
2018-02-01,One month,1.9326591655815628,2.3686687531814767,1.9317937051270162
2018-01-01,One month,2.5235602828906023,2.6348841777455787,2.316768890802301
2017-12-01,One month,3.2936687158528377,2.604656867360363,1.5636288318222835
2017-11-01,One month,4.466933778712767,3.4554160190524414,3.016312296358681
2017-10-01,One month,1.0413776815011433,3.031567295721414,1.6020003898426394
2017-09-01,One month,3.9412975864103528,3.0616972393193143,2.6117753673150057
2017-08-01,One month,4.239104840111341,2.92283969613135,3.025343855407292
2017-07-01,One month,1.9633217796342972,2.9967560491131033,2.0866725141054587
2017-06-01,One month,0.9002855131148513,2.672621481407487,2.087099688882099
2017-05-01,One month,3.352263560251023,3.195275708940343,2.7523568658541775
2017-04-01,One month,1.9865649003091956,3.000302601997438,3.989929537585879
2017-03-01,One month,3.1395287186767984,3.3777136102477723,1.9140356762358257
2017-02-01,One month,5.185580463708783,3.1638503701920033,4.198675559353671
2017-01-01,One month,2.4001394278689636,2.9704403853707912,0.9572388410730159
2016-12-01,One month,4.493180068049596,3.160508644626401,3.7227456725358987
2016-11-01,One month,3.402199946035367,3.0147552767646597,2.6054381276520377
2016-10-01,One month,0.635894935943071,1.8667375848087926,0.9193018085515536
2016-09-01,One month,2.679577945165823,2.4267028496202308,2.650551837517745
2016-08-01,One month,1.3171049220682685,2.5089306498729806,1.188010308259324
2016-07-01,One month,2.2443151639056858,2.3023658335192487,1.6467695763631163
2016-06-01,One month,3.6048412166139743,2.8958039368160207,2.9260141863194145
2016-05-01,One month,1.4954410656964567,2.4202686053299747,1.3661424042415993
2016-04-01,One month,-2.3865625862737105,0.9244322966590001,-1.4910389019301862
2016-03-01,One month,2.8047839296362564,2.6598650902265684,3.744763123650663
2016-02-01,One month,-0.6742456583169298,1.5994264292431868,0.2629266369438721
2016-01-01,One month,-0.5944306902736396,1.7440955908554838,0.8155020862089968
2015-12-01,One month,-0.4208050934099816,2.3025070156363485,1.5998273424733478
2015-11-01,One month,0.4130027824313709,2.3478910623168305,0.9738299765455816
2015-10-01,One month,1.4290202600244717,2.1151263477349946,2.4715981273783605
2015-09-01,One month,-1.4306059849304997,2.192504388790474,0.5392830665051696
2015-08-01,One month,0.2576550500553054,2.2188449486259785,1.030559113607321
2015-07-01,One month,1.134086844988813,2.4807298338324877,2.4935404321093424
2015-06-01,One month,1.773790297708877,2.1417617521098213,0.638509925199382
2015-05-01,One month,1.390133697842133,2.141516944982879,1.3087490518990164
2015-04-01,One month,-0.27825278634132644,2.1260939848860523,1.2417708854078002
2015-03-01,One month,0.6218490799151155,1.744070279367057,-0.06029944017142963
2015-02-01,One month,-0.6631403179146678,2.152697176878947,0.8808308244008689
2015-01-01,One month,-1.7225057498243102,1.4074856052790772,2.106822582294554
2014-12-01,One month,-1.6890771277748962,2.192227009935458,0.6463958827748639
2014-11-01,One month,-2.1233431413845594,1.7102581554279723,0.04026862919053187
2014-10-01,One month,1.3015012875386534,2.048045939724598,1.4804405195867565
2014-09-01,One month,0.004499006619651524,1.4414757426913698,0.30567887175800834
2014-08-01,One month,1.8141412099381027,2.348788542493107,2.446163095793663
2014-07-01,One month,-0.921734039368638,1.9913766054779782,-0.8087803952717465
2014-06-01,One month,3.8751636210781815,2.8822337998908965,3.541536845128679
2014-05-01,One month,-1.2123177580250055,1.7599848788052415,-0.4531654585122169
2014-04-01,One month,1.059105860749976,1.7391674137197386,3.193356579780704
2014-03-01,One month,1.1702181529533728,2.3162352340982966,1.6150312710615955
2014-02-01,One month,2.23170569324993,2.77798650090792,2.665863783103961
2014-01-01,One month,1.289376632619632,2.5114451792963455,0.7562371953553804
2013-12-01,One month,3.105226300850883,2.7084345540995765,0.9425630250402772
2013-11-01,One month,1.6302166416438002,2.8351489268431336,2.7069644532137893
2013-10-01,One month,0.6442396143489182,2.3540712870621108,0.7784116897496363
2013-09-01,One month,3.752750811349026,2.3104851860249034,3.6710572546367226
2013-08-01,One month,2.2996093474299872,2.690395206831206,1.2731102205482792
2013-07-01,One month,2.8228114460722598,2.582728177539033,1.7470963599504286
2013-06-01,One month,-0.5819164949305344,2.548616563195012,0.32862209556783206
2013-05-01,One month,2.220610278198798,3.1199917523262157,4.108935820381299
2013-04-01,One month,-0.9773757419164308,1.782602811600801,-0.5669458228798607
2013-03-01,One month,2.6693996024778954,2.339739057589698,2.850031521611651
2013-02-01,One month,4.155569362963174,2.301549088671022,2.131893298964682
2013-01-01,One month,2.851865472059334,2.3994844212443587,1.809944344572334
2012-12-01,One month,3.5040635408029486,3.054390208669426,1.4409486759455081
2012-11-01,One month,2.848372624687845,3.033541137507043,1.685597689857965
2012-10-01,One month,6.590600056639095,2.81365452633128,5.368704768063348
2012-09-01,One month,3.916071047850722,2.4965718786607662,1.9190321539839905
2012-08-01,One month,3.197823677773348,2.6880426411265352,1.4694158182903427
2012-07-01,One month,4.866259747400736,2.908192861146381,4.132951657249406
2012-06-01,One month,-2.9062162344195674,2.562903924151835,0.6778545308610662
2012-05-01,One month,-1.0467732450771927,1.948501486187922,1.663494514981645
2012-04-01,One month,3.667856078517917,3.0268386908207967,2.881220919330185
2012-03-01,One month,2.150743110549125,2.510930990154904,2.102595596033341
2012-02-01,One month,3.354264166789034,2.9604998012668187,2.1333351462742067
2012-01-01,One month,2.2359636830484586,3.017206805212553,1.8930919031662663
2011-12-01,One month,3.173529422837862,3.3518405687984063,3.029938626923734
2011-11-01,One month,2.898690402848958,2.592436541635462,2.1802297359506673
2011-10-01,One month,1.1663862098792332,2.0902709429645285,1.443355695183679
2011-09-01,One month,7.436431298785284,3.243229502708442,2.8370790015776137
2011-08-01,One month,4.241809405896646,4.002633867090949,3.4301041487698303
2011-07-01,One month,3.81554835978839,3.199350053035492,3.4251297107011247
2011-06-01,One month,0.6737688763348348,2.9246462745676665,1.0272407183809396
2011-05-01,One month,1.9084580326385492,2.9410284147701247,1.0050611385325148
2011-04-01,One month,8.644299692088286,3.1956138433537538,6.123893870954933
2011-03-01,One month,1.867377914934898,2.520507107845061,1.7865957577596348
2011-02-01,One month,5.144383762815941,3.7324749119550846,4.353467935098432
2011-01-01,One month,9.689446973399708,6.544450179091787,4.496402815759293
2010-12-01,One month,10.039866341225178,3.6282897342747757,4.4683304207535635
2010-11-01,One month,5.452119615237572,3.4563330543331237,3.2128566484872723
2010-10-01,One month,3.6656687095516283,2.487268166410759,2.6603822577134117
2010-09-01,One month,-0.2646558181110814,3.002237173073823,1.747192512857798
2010-08-01,One month,3.4184572532706126,3.2160099939590117,4.210243501418898
2010-07-01,One month,1.3829927200106784,2.8072590360082184,0.393546062538519
2010-06-01,One month,3.1836790270862947,3.1869130586409415,4.967150306449986
2010-05-01,One month,1.7988340241774647,2.8236204087056587,3.1802685059666658
2010-04-01,One month,3.3260157736219265,3.509312832738577,1.9170728134940473
2010-03-01,One month,5.51035162738398,3.3562131675414997,3.841352970555456
2010-02-01,One month,0.6708158161818245,2.7189078603858974,1.2858362906226661
2010-01-01,One month,6.580898079839592,4.132357057034333,3.558770595339378
2009-12-01,One month,4.755416662834011,3.540712901683165,4.53176558049766
2009-11-01,One month,4.322643143723992,3.1663106782999617,2.636034490110606
2009-10-01,One month,2.7740750563492567,3.3055367733143846,2.52993725591244
2009-09-01,One month,0.2470729588080811,2.2943900133374417,2.0762313220020534
2009-08-01,One month,2.6382899810921012,3.0580306817791736,2.3762976108746114
2009-07-01,One month,3.8877160372329023,3.1332207797203084,4.018823534056648
2009-06-01,One month,4.366664026337919,2.6871634531518693,2.108776961690917
2009-05-01,One month,5.3613026488622095,3.995504342235169,3.2555125784936134
2009-04-01,One month,-0.6777307084812834,2.148680453083942,1.3270300192191664
2009-03-01,One month,0.4333505481804556,2.779058563580628,1.9177514028414278
2009-02-01,One month,6.846678616761603,4.8226756965072255,3.777090753984136
2009-01-01,One month,-0.04329595894427829,2.9035986668774183,1.930568460068316
2008-12-01,One month,-6.399649519919171,0.9206817663766477,-3.3440764516485477
2008-11-01,One month,-0.3470427167807433,3.207073443999262,2.7403604780026347
2008-10-01,One month,-2.167904833104395,2.9460533775258635,0.22651670220896758
2008-09-01,One month,6.395917541154494,3.7314521852873392,2.4406055465696186
2008-08-01,One month,4.802357421079773,4.0684941934532475,2.0983060251986707
2008-07-01,One month,4.321848308716847,3.985675468881412,1.6372236602390844
2008-06-01,One month,9.088215245807895,3.979789190901706,2.6604261414503894
2008-05-01,One month,6.07401255014568,3.970540873638153,1.768590865863473
2008-04-01,One month,6.318075379244936,4.387762606111663,2.537233605879674
2008-03-01,One month,3.704112884331612,3.527359388595848,1.5827315313779122
2008-02-01,One month,5.226497863797408,3.3736253021930276,0.6724380417961751
2008-01-01,One month,0.8018927861765279,2.5251978981740932,0.5619077104004111
2007-12-01,One month,5.041207698704153,4.221719580732021,3.9178018325494834
2007-11-01,One month,4.163308288956458,2.8173069136244795,0.6099514311917797
2007-10-01,One month,6.579273788195805,3.389804900086656,3.0876299895884918
2007-09-01,One month,0.4678400009809014,3.154569625552456,-0.10432091075049943
2007-08-01,One month,1.6803372154577056,3.2957357378265493,1.734646475680779
2007-07-01,One month,-2.588681215919053,2.432433907120994,-0.02919737504336606
2007-06-01,One month,3.1917250910156847,3.2105704265495096,2.169230757686602
2007-05-01,One month,1.4242446457447766,2.5601216963036024,1.7593210259976066
2007-04-01,One month,0.19235854697570165,3.2470687049807907,0.2146696857799224
2007-03-01,One month,3.89397155308,3.005246514928385,2.326494034062998
2007-02-01,One month,1.9289529427837904,3.1361561550911485,1.9762680664960675
2007-01-01,One month,-0.3625051205980445,2.2373502911693794,0.9867779259161269
2006-12-01,One month,4.9779329114767235,3.8506928424028826,2.561528843493921
2006-11-01,One month,4.149681701722074,3.2240852865731227,2.3839124142682744
2006-10-01,One month,2.399267483768508,3.0992327847003724,1.5809992979459286
2006-09-01,One month,0.5186521126143262,2.9715452642298104,2.853192811867178
2006-08-01,One month,2.750362746428592,3.572983747078945,1.6015786597136428
2006-07-01,One month,4.083318597485941,3.124093842784658,1.541013527075874
2006-06-01,One month,4.267834814100269,3.388473548481644,1.9665783713956886
2006-05-01,One month,4.514476241271215,3.0228990315387687,0.6172266241543323
2006-04-01,One month,3.6707729021293156,3.0799472670809678,1.6464839937972098
2006-03-01,One month,0.6444308334322191,2.601415631814196,0.572286208938455
2006-02-01,One month,1.3047350662058532,3.297857549754587,1.418798153163503
2006-01-01,One month,2.7061507835250076,2.660094767355704,1.746496691118371
2005-12-01,One month,1.5148872150214654,3.2221525209560617,0.946812936164787
2005-11-01,One month,0.8662947311854019,2.927124390352262,0.5620655612291969
2005-10-01,One month,2.2925502748182724,2.736792599878816,1.5994336548190269
2005-09-01,One month,1.0546044975570101,2.820913581555684,0.007095489882158468
2005-08-01,One month,1.496090950055451,3.2412587451006636,0.4196788067532875
2005-07-01,One month,5.663455668796824,3.0701739332136757,3.9511193731196936
2005-06-01,One month,1.4301062547787957,2.714066556007358,0.6960087859137376
2005-05-01,One month,1.8952465228316173,2.751994051103319,2.2274038473077296
2005-04-01,One month,0.9907644662956239,2.1324714203853223,1.3809299814578235
2005-03-01,One month,3.2172885423915387,3.009218282215097,2.2716607894053054
2005-02-01,One month,0.5280583478331824,2.553782041665047,0.2174788309814657
2005-01-01,One month,2.2063454891532164,2.4271423458879022,1.8299731272195752
2004-12-01,One month,4.192251477219577,3.5799491937308945,2.9565338444399902
2004-11-01,One month,3.3835220258308096,2.959772284560634,1.8270150180188072
2004-10-01,One month,3.6677492429189273,3.0465836230313905,1.635207205978162
2004-09-01,One month,0.09518354559872044,2.5004432913982972,0.4974477660592447
2004-08-01,One month,0.694271720573747,2.980589668203169,0.9865116245443506
2004-07-01,One month,1.9274800397789837,2.2203822210699236,0.9727832571802875
2004-06-01,One month,0.43418454329933187,3.1912091838980405,1.512594308115811
2004-05-01,One month,2.202689564105853,2.0063305805646143,1.2672611265051703
2004-04-01,One month,0.5017035805799264,2.4665846951806776,1.0070316316846961
2004-03-01,One month,0.012032361719849227,3.095668931410791,0.01710335628617443
2004-02-01,One month,0.3332595759834467,2.391030958209985,0.8423877230520072
2004-01-01,One month,2.698465775173764,3.033428370668222,2.534510178280769
2003-12-01,One month,1.657756385154796,3.091684170914597,0.48094920597467894
2003-11-01,One month,0.5020952464490858,2.617015388712821,0.36447368146859116
2003-10-01,One month,2.2106656728610563,2.4657667667954564,1.108307754912241
2003-09-01,One month,2.1939109012927727,3.067286310758619,1.5277744683439787
2003-08-01,One month,1.9920539734073595,2.628631043706196,0.9780521846301626
2003-07-01,One month,4.432640300060453,3.4480003273727955,2.689192580781574
2003-06-01,One month,-0.8284521372784348,2.4769081838480114,-0.0022618708094834794
2003-05-01,One month,-1.823560913016209,2.373214224766522,0.1433785306871993
2003-04-01,One month,0.016876749791272516,2.023849625457111,1.2177719260705544
2003-03-01,One month,1.9891820088188794,2.8025664186880936,1.0346108316126923
2003-02-01,One month,2.1174133874897416,2.8999841243392646,1.7821581505091721
2003-01-01,One month,0.767043229918607,2.6402907495565735,-0.03875172962873874
2002-12-01,One month,2.5898211753691003,2.8407577557243173,2.703544517121892
2002-11-01,One month,0.8082630869252094,2.428299331663477,0.9609601622363684
2002-10-01,One month,3.3460397819057075,3.30763227606694,2.8247389161798697
2002-09-01,One month,1.2814592372277778,2.9229169683703833,0.6830914281909406
2002-08-01,One month,1.0296862695806208,2.64512188249857,1.1931159504342093
2002-07-01,One month,2.47494584033241,3.0548194583989297,1.5219783604433657
2002-06-01,One month,0.8810463984360473,3.2096929226744324,2.0978210053730795
2002-05-01,One month,0.18245523255675522,2.747678066464423,1.6166910185361205
2002-04-01,One month,0.834557300861638,2.4347250959677598,0.7892049719629757
2002-03-01,One month,2.3716192168309336,2.487296351663294,2.2846300665265273
2002-02-01,One month,-0.67218925956255,2.8866283608937393,0.1455728083929353
2002-01-01,One month,4.704604975702931,3.021188368670326,2.92238120637649
2001-12-01,One month,1.4196742726478195,3.0474118772748024,1.732748456634603
2001-11-01,One month,-1.3009209401859678,3.2150619538483007,1.3577882271279762
2001-10-01,One month,-0.8493677422394041,2.9174316419733666,-0.10378522921203892
2001-09-01,One month,0.8604955096897182,2.720594917714032,0.6199892096581339
2001-08-01,One month,2.391453441038327,3.4745694310078936,2.8944638105582454
2001-07-01,One month,-2.7675759955583246,2.5949307298500304,0.6973240339387177
2001-06-01,One month,3.368052325414017,3.6906652922961714,1.7646198876894559
2001-05-01,One month,6.556318067744593,3.700465582916474,2.12430162948245
2001-04-01,One month,2.5375746393714538,3.756546571933482,2.7351725061232512
2001-03-01,One month,1.6102593535092913,2.7095108030462187,1.0904671399572852
2001-02-01,One month,1.168407479660094,2.8764500206408106,1.001908985057809
2001-01-01,One month,-2.0458049622715246,2.7340398212781087,0.8869633586047643
2000-12-01,One month,-1.4620445208322508,2.625966495323005,0.09871533356056172
2000-11-01,One month,3.516967688138295,3.386871054114829,0.7983196887192401
2000-10-01,One month,0.7531367264047795,2.8993041895913043,1.373914273096677
2000-09-01,One month,6.6045750237239575,3.405241870278597,2.751460267289252
2000-08-01,One month,-2.0894136329427826,2.400762769661088,0.47895757537046446
2000-07-01,One month,0.7095942531343269,2.2510843117247363,-0.8269023825306698
2000-06-01,One month,2.7536082783818916,2.422100318422449,-0.08681653532761624
2000-05-01,One month,0.48914435139733037,3.0947398393263006,0.46598987422876714
2000-04-01,One month,-0.8000968796102126,2.1172810061215395,-1.1641161042802772
2000-03-01,One month,0.4874850407978748,2.8530875405978264,-0.09539501437074716
2000-02-01,One month,1.6471660796707477,2.818204060688143,1.456648969099139
2000-01-01,One month,-2.7377159491740466,2.254542775450651,-1.8360553977395333
1999-12-01,One month,1.7068004036966844,2.7849051791654498,0.3526694043062273
1999-11-01,One month,2.6431468473976594,2.6387446395826823,0.8558317514643976
1999-10-01,One month,0.5225431859726459,2.535063368248098,-0.7513549381866325
1999-09-01,One month,1.9436343736493722,1.9180469607863497,0.6459413942657921
1999-08-01,One month,1.1431588997614206,2.4788047623321465,-0.08201149662043772
1999-07-01,One month,-0.08425708828408984,2.3040353025160965,-0.3248662349995213
1999-06-01,One month,-0.11978785830040195,3.1707303230214854,0.5311181881286986
1999-05-01,One month,0.8057135113079594,2.791580316743473,0.6816917599110184
1999-04-01,One month,-0.24079466868887067,2.189682030248379,0.04814326344115827
1999-03-01,One month,4.149479082095908,2.251365499678023,1.074555993774906
1999-02-01,One month,-0.02288035206472472,2.3486253711228215,-0.13039294825812897
1999-01-01,One month,0.8047163679802738,3.2580944498003483,0.6500687197060095
1998-12-01,One month,2.519800002271988,3.2759165936885255,1.3585461078263306
1998-11-01,One month,1.9321037690243514,3.033483386008601,1.3602151930889095
1998-10-01,One month,1.3849574341040949,2.973115882000053,0.3577570784623285
1998-09-01,One month,2.3897740825589153,2.9346175041575164,2.322885671502717
1998-08-01,One month,2.1724544627341746,2.958213891011869,0.8056423307404748
1998-07-01,One month,0.6816875057217286,3.3408154638356566,0.26421056935550524
1998-06-01,One month,-0.5529168889080727,2.1904459809630494,0.631566880449741
1998-05-01,One month,3.6959697560227767,3.7053226405633835,2.5283913088495202
1998-04-01,One month,0.8314547279663076,1.8641998992138262,-0.07189607494750838
1998-03-01,One month,1.0941777544420495,3.015271563618016,1.5863089056614488
1998-02-01,One month,2.090087213084102,3.4355886220737393,2.6055857579831976
1998-01-01,One month,0.057156658625356904,3.0813992376795305,0.2918497697397493
1997-12-01,One month,0.2350092048895247,3.2041099551841463,1.2419929707554012
1997-11-01,One month,2.288812922430772,3.0487881572515003,2.512024793693124
1997-10-01,One month,2.077864390739248,3.4485422322621364,1.7948563669700102
1997-09-01,One month,1.4917505951928645,3.179902625907122,1.4204016984478596
1997-08-01,One month,3.4934738219049244,2.836645304494147,2.285235408753583
1997-07-01,One month,3.654726860886326,2.465167863655611,1.8952248519012338
1997-06-01,One month,3.809373852193243,3.6660712103463555,1.9723208313786822
1997-05-01,One month,1.1237518382848144,2.8061445585069134,1.2695346450442457
1997-04-01,One month,-1.572010609150598,1.7416663743795437,1.0677699960788045
1997-03-01,One month,0.3872326434709583,3.565464698145386,2.6385097060665386
1997-02-01,One month,0.7858753147132802,3.0958227370367326,1.0039305619565342
1997-01-01,One month,2.345971573448713,3.0635940425765744,2.0822810411785353
1996-12-01,One month,2.8894089681339663,2.982918463614488,2.0101358768873423
1996-11-01,One month,2.2245625111586786,3.641740939619284,2.1261082446953683
1996-10-01,One month,1.4828290088665819,3.148164418490285,1.7919974680117745
1996-09-01,One month,3.336809397890783,3.3525798748423292,2.712583802587387
1996-08-01,One month,3.753785276475319,3.217516654449376,1.8924303587276814
1996-07-01,One month,0.051766469754177535,2.9790367556830715,1.548512767445187
1996-06-01,One month,2.5051911728819487,3.0843653695265942,2.3944918846870777
1996-05-01,One month,1.228120372112529,2.648870612216093,1.7731523940733407
1996-04-01,One month,-0.5146468333363408,2.514685483209989,1.7020636866031058
1996-03-01,One month,2.8718343882489172,3.4800209381617204,1.7891491004754956
1996-02-01,One month,3.5264042557568542,3.440966801536704,2.886792353654899
1996-01-01,One month,3.54873715439481,3.31287895615797,1.4961028290519707
1995-12-01,One month,6.639398186959777,3.2362127626111175,2.4305962552403138
1995-11-01,One month,1.6434857107867407,2.701013952321208,1.7891737251794826
1995-10-01,One month,-1.2767127723707694,2.9336003260359402,1.380144349356871
1995-09-01,One month,3.5124948049900073,3.3575198080404207,2.9817124433143993
1995-08-01,One month,3.209948250657013,2.741151447263544,1.4961565073598582
1995-07-01,One month,1.5834428477636164,3.586713236546606,1.9423410941958652
1995-06-01,One month,2.59644544950981,4.055133595413511,3.155409638994988
1995-05-01,One month,3.6836166578672724,3.13054109868569,1.9765612231888108
1995-04-01,One month,-0.9364535312206157,2.2024291251172876,2.0708621865616283
1995-03-01,One month,4.309908494630976,3.4277796336219533,2.7991432553709172
1995-02-01,One month,3.1533787859393314,3.1921233273964322,1.6287073197512658
1995-01-01,One month,7.000128818014595,3.837041250838856,3.0948910973198185
1994-12-01,One month,4.807228915222028,4.092541551714503,2.330773283323473
1994-11-01,One month,3.0146120021757206,3.2371323399606613,2.782335337061448
1994-10-01,One month,-0.16341666072097194,3.0958688111610866,0.9888970888914272
1994-09-01,One month,-0.6349731465703612,1.7256051035606765,0.5572509124202707
1994-08-01,One month,4.261516132670229,4.131465414750567,3.0391402562623737
1994-07-01,One month,0.5084857529109144,2.0474144961783076,-0.0484662738564956
1994-06-01,One month,1.519136294708523,3.2755554988335702,1.167202689519642
1994-05-01,One month,1.5185382423650307,2.1522761422800807,1.7871594574919047
1994-04-01,One month,1.515256001017784,1.7231675261902986,-0.6566061588290317
1994-03-01,One month,1.9125044418972115,3.3219825237836087,1.3385896204652914
1994-02-01,One month,3.4836669828000266,3.3837314957489455,2.7824992411112914
1994-01-01,One month,2.4143961609881748,2.7951260111806393,1.3019667552782055
1993-12-01,One month,3.0197760569016907,2.5520115732833673,1.6087481694043504
1993-11-01,One month,-0.7003407700976294,2.6237702939767145,0.8913326982431746
1993-10-01,One month,-0.2723681072381856,2.463065546892044,1.5540332636445386
1993-09-01,One month,3.5900815161995503,3.6862408751219116,2.843229513501666
1993-08-01,One month,2.623766425589058,3.8684248135018535,3.169045389552938
1993-07-01,One month,4.127330033740484,3.971303327706473,3.32338669329304
1993-06-01,One month,0.8399265501534803,2.605534355833797,1.5465542080904893
1993-05-01,One month,2.258697396001197,3.09342171217936,2.1987481176214407
1993-04-01,One month,2.839751047408523,4.505211686926055,4.394210880952776
1993-03-01,One month,5.587730878211006,4.608028266347586,2.985764810720304
1993-02-01,One month,5.551013932773641,4.09777916268886,2.9055422209750326
1993-01-01,One month,-0.7300116762391062,3.0095464604374182,1.1952126548180786
1992-12-01,One month,2.322257224800617,3.827007635300118,1.62155631280545
1992-11-01,One month,2.8542322451333257,3.812423543702263,1.8863454797261037
1992-10-01,One month,4.853244905863052,4.460643051391601,2.4295774869331765
1992-09-01,One month,2.045571200085572,4.254416320980173,3.0891324038087253
1992-08-01,One month,-0.8474259541903284,2.4305283373792954,0.3042152680774457
1992-07-01,One month,1.91505668731633,3.326526773301451,2.7256677452680345
1992-06-01,One month,2.1252859196038143,4.288410029244373,3.2298903004653434
1992-05-01,One month,1.9981514643854892,4.453673274883746,2.6336407205092227
1992-04-01,One month,1.437707859149362,1.8388852753561704,-0.12205433921625986
1992-03-01,One month,4.974344445522494,4.601824176747826,4.997053148362274
1992-02-01,One month,3.993011352874465,4.47948490250661,3.5161298479176484
1992-01-01,One month,2.6861048479368765,4.024879886785373,4.5380312766603925
1991-12-01,One month,3.0683158869383,4.76738035858913,5.30210636280235
1991-11-01,One month,6.957212776713995,4.774389646815956,5.273145050298744
1991-10-01,One month,5.590739284800739,4.80156865380324,6.133526019411084
1991-09-01,One month,1.8469592370458976,3.863521728411206,5.162008505815563
1991-08-01,One month,7.018146333781905,6.47257801148208,8.16979028057676
1991-07-01,One month,4.702796511039953,4.54759818916387,5.778265447410602
1991-06-01,One month,8.368798981290526,5.92535146687705,7.141251720490938
1991-05-01,One month,6.388649308796834,6.969100170974641,6.607387494048744
1991-04-01,One month,30.862811366528774,13.155212958905686,19.41558571362345
1991-03-01,One month,3.2875199227268004,4.813897969453701,4.949941056761431
1991-02-01,One month,5.597000681569053,5.930067824225959,7.365580410721018
1991-01-01,One month,5.000318013571925,6.3397540147960605,6.286892901311791
1990-12-01,One month,2.107689006288216,5.843508054998921,6.964126710811658
1990-11-01,One month,3.3747675287777446,5.605687564900781,7.373637621439433
1990-10-01,One month,9.489800540127202,6.145890036271156,8.002098456877116
1990-09-01,One month,11.116021193858039,6.253914730771403,7.848696116506959
1990-08-01,One month,11.846124307303851,6.846456459249428,7.685901009207918
1990-07-01,One month,5.945330403974647,5.637889690154499,7.266378655877648
1990-06-01,One month,5.831753376937798,6.256744889145258,6.937107522637964
1990-05-01,One month,9.568633559306372,7.111730923527279,7.572090694031286
1990-04-01,One month,9.493315157990434,4.603355856329397,5.274020595027373
1990-03-01,One month,5.5176277332831924,5.689004717607974,6.584747167163174
1990-02-01,One month,6.2803419729718035,5.394368656314522,6.9368209954983495
1990-01-01,One month,11.247686209406393,7.1459377469272685,8.196649035729964
1989-12-01,One month,4.42202059637673,4.848094222458695,4.978083734552707
1989-11-01,One month,7.181819770117781,5.413074153989298,5.858211886683962
1989-10-01,One month,9.134195762709574,6.683000477298811,6.358323793224607
1989-09-01,One month,6.219537918896312,5.455494309095611,5.315871773782677
1989-08-01,One month,1.1120004582357845,4.102564808882636,3.7231272441979657
1989-07-01,One month,6.579517034490445,5.983939221707079,6.175407163835289
1989-06-01,One month,5.448208035071311,5.248624257458802,4.901147256033411
1989-05-01,One month,4.815212200491525,4.832641976397116,4.600358920986625
1989-04-01,One month,4.22378391359628,4.750235000100681,4.664164629431644
1989-03-01,One month,4.414775307971541,4.801442173726562,4.480092594730012
1989-02-01,One month,3.8337559034951063,4.715570444952114,3.8842945727057376
1989-01-01,One month,8.992347603729357,6.18481869883997,7.388583499413426
1988-12-01,One month,4.720011469447538,NA,4.632656279951908
1988-11-01,One month,6.5599973872071615,NA,5.289529296905471
1988-10-01,One month,5.429876187666727,NA,5.761627530187763
1988-09-01,One month,3.9881919239808328,NA,4.452525350889935
1988-08-01,One month,3.2070191304297113,NA,4.677772798833346
1988-07-01,One month,7.358593082963361,NA,6.335681150605654
1988-06-01,One month,6.307891415708755,NA,5.1856233532231455
1988-05-01,One month,4.006427403247881,NA,5.313312901313982
1988-04-01,One month,1.5160539709442533,NA,4.144026994502514
1988-03-01,One month,3.8425951873854336,NA,4.936217355944006
1988-02-01,One month,3.1791286483047854,NA,4.548021270038993
1988-01-01,One month,NA,NA,NA
