Item,One month,Three months,Six months,One year,Included,Excluded
CPI (overall index),5.476904392271131,2.5880119309548144,2.622421673895081,2.836187667763037,100,0
Excluding energy,5.290896377844589,2.1114773988581303,2.1877780534326874,3.586683320226377,93.8,6.2
"Excluding energy, food, alcoholic beverages & tobacco",5.331572557933972,1.1009126439670114,1.445666902585585,3.5296600894337025,78.7,21.3
FT core,2.980498821821339,2.9499823504560334,2.525881561222687,3.375474498758553,,
All services,6.527944620258586,2.722164906632507,1.3929833971397354,4.972300734878447,50.1,49.9
All goods,4.44003844976566,2.45732543317152,3.8778280069719395,0.7842627165330275,49.9,50.1
