Item,One month,Three months,Six months,One year,Included,Excluded
CPI (overall index),3.7203997683437295,4.044588318014797,2.223004340935786,2.50298694817078,,
Excluding energy,3.4563922268767033,3.028453644626272,2.7037123477463787,3.145152601849991,,
"Excluding energy, food, alcoholic beverages & tobacco",3.3954290314871294,2.687000861462363,2.5312630206287157,3.2067767023581375,,
FT core,2.4691542663562744,2.5608541491280854,2.484152245572524,2.890238622874942,,
All services,3.6777498540413234,2.4080941246910292,2.40343589611145,4.36702243683764,,
All goods,3.775889135539323,5.71145039088905,2.045646699260728,0.7054727817865454,,
