Item,One month,Three months,Six months,One year,Included,Excluded
CPI (overall index),-2.651777298070024,0.9019108667158049,3.5286905983894945,2.2154316271963372,100,0
Excluding energy,0.9108097147384031,2.7658761170281654,5.340784808605248,3.276131045241823,92.8,7.2
"Excluding energy, food, alcoholic beverages & tobacco",0.9212987406012285,3.1150322429603916,6.068931022550528,3.314917127071825,77.6,22.4
FT core,1.471568939828274,1.807222547374817,4.471011967397901,3.3450218883516367,,
All services,6.301930933190691,6.964505916855335,9.146256296123422,5.190839694656497,49,51
All goods,-9.69437960367696,-4.522441742997585,-1.5337196078466175,-0.6168080185042274,51,49
