Item,One month,Three months,Six months,One year,Included,Excluded
CPI (overall index),1.1166623419409216,2.656842958441241,1.8287615853745054,2.622126709546101,100,0
Excluding energy,0.9657074486638662,2.26413572206714,2.546619735412503,3.4850138982447216,92.8,7.2
"Excluding energy, food, alcoholic beverages & tobacco",-0.49838864573484853,1.791596773725579,2.4488826132812003,3.5291258711108635,77.6,22.4
FT core,2.0775021257606943,2.439242694423557,2.5459804660020966,3.1556961744894343,,
All services,-1.531185786636713,0.08100093603911063,2.92214245437592,5.005882576188848,49,51
All goods,3.8355298584397124,5.318024902809837,0.749659414292303,0.36643515324349435,51,49
