Item,One month,Three months,Six months,One year,Included,Excluded
CPI (overall index),5.427709316418516,3.4694416103360215,2.9301756170870163,3.3162125130970685,100,0
Excluding energy,2.817615770936821,2.782791720638955,2.795663347115207,3.216983299853978,94.2,5.8
"Excluding energy, food, alcoholic beverages & tobacco",2.4949120872451713,2.9467905496735725,2.82657444206027,3.1459019103876225,79.5,20.5
FT core,2.691948001173402,2.6912325943568347,2.894889590356906,3.3531322412922586,,
All services,4.613046081604155,4.405182674451691,4.14096196236029,4.481007225123407,51.8,48.2
All goods,6.234440898419424,2.1921074298211884,2.0570810276691054,2.142262580401051,48.2,51.8
