Item,One month,Three months,Six months,One year,Included,Excluded
CPI (overall index),2.333712578577818,2.1250519890518405,2.7457610288743384,2.646455190292718,100,0
Excluding energy,2.838215294487001,2.1501330310261135,2.3848422800260227,2.455907936207533,94.2,5.8
"Excluding energy, food, alcoholic beverages & tobacco",3.05757084069751,2.4508424484160463,2.6451580918751105,2.5734073860996203,79.5,20.5
FT core,2.8843853206982852,2.788760739327503,2.955833947345762,2.8399654232600895,,
All services,3.8535921108919347,2.992384098276113,3.5827343377635046,3.5808298165712587,51.8,48.2
All goods,-0.4569644308810794,0.9492796751107813,1.516661937833197,1.6506334437260215,48.2,51.8
