Item,One month,Three months,Six months,One year,Included,Excluded
CPI (overall index),-0.3747541885857131,0.43331215409005974,1.7894878611752318,1.680341219876201,100,0
Excluding energy,1.1709531782266858,2.379994621600301,4.007193442797763,3.0807137710075074,92.8,7.2
"Excluding energy, food, alcoholic beverages & tobacco",0.714200956108324,2.3757613759529006,4.487261625374828,3.160800119186712,77.6,22.4
FT core,3.018598952709237,2.273475371482204,3.4475151445978494,3.072252041387013,,
All services,-3.2306926695628513,2.398777879420355,6.761007104908723,4.943850999726094,49,51
All goods,2.6215302093064663,-1.4930362627222915,-2.8765468913540815,-1.3639582968417983,51,49
