Item,One month,Three months,Six months,One year,Included,Excluded
CPI (overall index),4.272439720914312,2.7696942992949447,3.4051765384033983,2.5941516951063623,100,0
Excluding energy,5.071242458731384,2.640022665369046,2.834054754552806,3.418960666620656,93.8,6.2
"Excluding energy, food, alcoholic beverages & tobacco",5.869938486008852,1.9010947372053444,2.293293050245282,3.3844576010442586,78.7,21.3
FT core,3.1102560560260897,2.8344707856861895,2.7944176183718215,3.241752130866629,,
All services,4.555651209124911,3.011286995097251,2.7092477554941707,4.715532416944445,50.1,49.9
All goods,3.979034398961301,2.5241365652214798,4.105596277929036,0.5539407405152933,49.9,50.1
