Item,One month,Three months,Six months,One year,Included,Excluded
CPI (overall index),2.086561916041574,7.284753413461242,4.910102293295449,3.357949836097411,100,0
Excluding energy,2.8481803230455682,7.77927334706916,4.9071057385752015,3.7201478967147503,93.8,6.2
"Excluding energy, food, alcoholic beverages & tobacco",2.1475176455928002,8.302141733123758,4.639597526534267,3.538446210559406,78.7,21.3
FT core,3.1885379474631037,4.821937171758953,4.41840413423413,3.5621832544545065,,
All services,-0.9451086631694583,10.33861304482826,6.462299452716902,4.6772561270735356,50.1,49.9
All goods,5.275049414486022,4.282061150841665,3.365666815310009,2.0492808733785166,49.9,50.1
