Item,One month,Three months,Six months,One year,Included,Excluded
CPI (overall index),7.39191343600929,3.589126552855415,2.3254598838491347,2.2809914851065085,100,0
Excluding energy,4.698466945483526,3.573115209936617,3.128128554729881,3.221542908818283,92.8,7.2
"Excluding energy, food, alcoholic beverages & tobacco",5.248267551841601,3.764508154250734,3.469414845245855,3.30581097141427,77.6,22.4
FT core,2.641455124897655,2.6859680210268286,2.971462716225556,3.1760657838767345,,
All services,5.200688015731769,2.2191612124137006,4.494967106747749,5.016641268830402,49,51
All goods,9.628544484335166,4.986057950254685,0.21488205986130993,-0.2971666042794906,51,49
