Item,One month,Three months,Six months,One year,Included,Excluded
CPI (overall index),1.8071805083260895,3.349539899622034,2.8950885858084474,1.9771863117870678,100,0
Excluding energy,2.761623226312371,5.95684329704953,3.7292854514131335,3.44018764659891,92.8,7.2
"Excluding energy, food, alcoholic beverages & tobacco",2.793768462258095,6.68829835808562,3.9350849194667026,3.5629453681710324,77.6,22.4
All services,6.335190543971647,11.230722029198814,6.260444343942551,5.70547417116423,49,51
All goods,-3.619509778049901,-4.194167649565072,-0.6125559862998453,-1.4404852160727866,51,49
