Item,One month,Three months,Six months,One year,Included,Excluded
CPI (overall index),4.576742836828274,2.3551154651753503,2.5740079480687905,3.373613078375832,,
Excluding energy,3.8020424394292096,2.82306951435618,2.853154760350085,3.4789939790947093,,
"Excluding energy, food, alcoholic beverages & tobacco",3.1849563788825197,2.6542786319716516,2.7252763063921215,3.2483369451135196,,
FT core,3.330901048478154,2.710494002359774,2.612667011163831,3.243342848469596,,
All services,4.0467154274510975,3.756880087023373,3.898203028986047,4.5295012143531475,,
All goods,6.02052091941192,1.9318431671355274,1.8589210038429282,2.2127633652887067,,
