Item,One month,Three months,Six months,One year,Included,Excluded
CPI (overall index),1.9882193692129846,3.12965228188391,2.8664712857298547,2.8079316833116192,100,0
Excluding energy,1.027907313385712,2.104877905613889,2.2298111858920056,2.5385505293833264,94.2,5.8
"Excluding energy, food, alcoholic beverages & tobacco",1.126200141709921,2.1521228362112454,2.3379852598944595,2.4529323219065784,79.5,20.5
FT core,2.589618983997118,2.7222485896246638,2.7420678988417553,2.8399643056902306,,
All services,-0.021118996775237875,2.660392041980697,3.175260170329297,3.1654917992621727,51.8,48.2
All goods,4.724838646545915,3.601922073619912,2.5873138433808007,2.4294552587897984,48.2,51.8
