Item,One month,Three months,Six months,One year,Included,Excluded
CPI (overall index),3.9447942434807093,7.172265248284471,4.947896295872201,3.5764898933393123,100,0
Excluding energy,4.37175478030587,7.539568707151778,5.0612381876687484,3.875787292922117,93.8,6.2
"Excluding energy, food, alcoholic beverages & tobacco",4.357118525191539,7.7838066900761005,4.801182706408791,3.660009786531291,78.7,21.3
FT core,2.5550626287208034,4.305982858128546,4.494858851834999,3.6634474869317386,,
All services,7.456424377286375,11.349724087813385,7.09938554835241,4.72509280260213,50.1,49.9
All goods,0.46979729636411616,3.0954555067262746,2.8093991793811,2.426811070258297,49.9,50.1
