Item,One month,Three months,Six months,One year,Included,Excluded
CPI (overall index),1.0496629587943618,2.8815866071253415,3.7752274037837763,3.782736653876242,100,0
Excluding energy,2.2018807550113095,3.100674970973838,3.846856699221135,3.732796139419845,93.8,6.2
"Excluding energy, food, alcoholic beverages & tobacco",2.33089376292257,3.032497701098791,3.6312195219253995,3.5200133777230502,78.7,21.3
FT core,1.8222280513927775,2.556213573953584,3.2306210244313984,3.581224805624453,,
All services,3.557564565305338,4.254015701234182,4.791384627409312,4.685574260153402,50.1,49.9
All goods,-0.16435134203836022,1.7927814762427996,2.2661344368481107,2.866010901959565,49.9,50.1
